source,target,weight_follow,retweet_weight,weight,user_info
37413076,1955720384,1.0,0.0026954177897574125,1.0026954177897571,both
37413076,1059207842,1.0,0.0,1.0,follow
37413076,193700451,1.0,0.0,1.0,follow
37413076,20644420,1.0,0.0,1.0,follow
37413076,24791335,1.0,0.0,1.0,follow
37413076,482583016,1.0,0.0026954177897574125,1.0026954177897571,both
37413076,2459169938,1.0,0.0,1.0,follow
37413076,327926324,1.0,0.0,1.0,follow
37413076,359236505,1.0,0.0,1.0,follow
37413076,64980891,1.0,0.0,1.0,follow
37413076,2831363550,1.0,0.0,1.0,follow
556661091,2785123074,1.0,0.0,1.0,follow
556661091,130417544,1.0,0.0,1.0,follow
556661091,198773386,1.0,0.0,1.0,follow
556661091,20051851,1.0,0.0,1.0,follow
556661091,359236505,1.0,0.0,1.0,follow
556661091,2891662632,1.0,0.0,1.0,follow
556661091,14711982,1.0,0.0,1.0,follow
556661091,23053753,1.0,0.0,1.0,follow
556661091,130123715,1.0,0.0,1.0,follow
556661091,1913262020,1.0,0.0,1.0,follow
556661091,522628807,1.0,0.0,1.0,follow
556661091,138294089,1.0,0.0,1.0,follow
556661091,1484651119,1.0,0.0,1.0,follow
556661091,419092341,1.0,0.0,1.0,follow
556661091,599745022,1.0,0.0,1.0,follow
573614242,340376505,1.0,0.0,1.0,follow
573614242,14711982,1.0,0.0,1.0,follow
573614242,599745022,1.0,0.0,1.0,follow
98896743,20644420,1.0,0.0,1.0,follow
74418780,590023803,1.0,0.0,1.0,follow
74418780,20644420,1.0,0.0,1.0,follow
769193119,1116121759,1.0,0.0,1.0,follow
34472348,229376260,1.0,0.0,1.0,follow
34472348,885751759,1.0,0.0,1.0,follow
34472348,590023803,1.0,0.0,1.0,follow
162266849,2360323201,1.0,0.0,1.0,follow
162266849,2459169938,1.0,0.0,1.0,follow
162266849,359236505,1.0,0.0,1.0,follow
162266849,25805982,1.0,0.0,1.0,follow
162266849,14711982,1.0,0.0,1.0,follow
162266849,546641586,1.0,0.0,1.0,follow
162266849,340376505,1.0,0.0,1.0,follow
162266849,23053753,1.0,0.0,1.0,follow
162266849,714051386,1.0,0.0,1.0,follow
162266849,1955720384,1.0,0.0,1.0,follow
162266849,424617920,1.0,0.0,1.0,follow
162266849,20644420,1.0,0.0,1.0,follow
162266849,138294089,1.0,0.0,1.0,follow
162266849,3017002076,1.0,0.0,1.0,follow
162266849,254941287,1.0,0.0,1.0,follow
162266849,1240932972,1.0,0.0,1.0,follow
162266849,25795054,1.0,0.0,1.0,follow
162266849,2483605494,1.0,0.0,1.0,follow
162266849,590023803,1.0,0.0,1.0,follow
38486565,86277690,1.0,0.0,1.0,follow
3063966541,599745022,1.0,0.0,1.0,follow
29424561,436502521,1.0,0.0,1.0,follow
29424561,20644420,1.0,0.0,1.0,follow
35588686,17263897,1.0,0.0,1.0,follow
29406736,1955720384,1.0,0.0,1.0,follow
29406736,20644420,1.0,0.0,1.0,follow
29406736,2831363550,1.0,0.0,1.0,follow
29406736,187138183,1.0,0.0,1.0,follow
29406736,144051948,1.0,0.0,1.0,follow
29406736,1386366252,1.0,0.0,1.0,follow
29406736,2587278392,1.0,0.0,1.0,follow
29406736,53645593,1.0,0.0,1.0,follow
29406736,359236505,1.0,0.0,1.0,follow
29406736,340376505,1.0,0.0,1.0,follow
100658892,53645593,1.0,0.0,1.0,follow
100658892,146668548,1.0,0.0,1.0,follow
38650214,772477398,1.0,0.0,1.0,follow
2829213614,1874504276,1.0,0.0,1.0,follow
38290921,33026792,1.0,0.0,1.0,follow
38290921,605013258,1.0,0.0,1.0,follow
38290921,590023803,1.0,0.0,1.0,follow
38290921,2105021,1.0,0.0,1.0,follow
38290921,2402894750,1.0,0.0,1.0,follow
247696871,2360323201,1.0,0.0,1.0,follow
247696871,36327171,1.0,0.0,1.0,follow
247696871,79459832,1.0,0.0,1.0,follow
247696871,19707925,1.0,0.0,1.0,follow
247696871,2402894750,1.0,0.0,1.0,follow
247696871,38645535,1.0,0.0,1.0,follow
247696871,573614242,1.0,0.0,1.0,follow
247696871,2797758762,1.0,0.0,1.0,follow
247696871,33894316,1.0,0.0,1.0,follow
247696871,36951856,1.0,0.0,1.0,follow
247696871,39935935,1.0,0.0,1.0,follow
247696871,20644420,1.0,0.0,1.0,follow
247696871,3015585874,1.0,0.0,1.0,follow
247696871,135132634,1.0,0.0,1.0,follow
247696871,21552376,1.0,0.0,1.0,follow
247696871,590023803,1.0,0.0,1.0,follow
247696871,599745022,1.0,0.0,1.0,follow
15641984,193700451,1.0,0.0,1.0,follow
15641984,20644420,1.0,0.0,1.0,follow
15641984,22906120,1.0,0.0,1.0,follow
15641984,51271144,1.0,0.0,1.0,follow
15641984,2459169938,1.0,0.0,1.0,follow
15641984,23053753,1.0,0.0,1.0,follow
15641984,590023803,1.0,0.0,1.0,follow
340376505,129635846,1.0,0.0,1.0,follow
340376505,29406736,1.0,0.0,1.0,follow
340376505,42542097,1.0,0.0,1.0,follow
340376505,431658017,1.0,0.0,1.0,follow
340376505,22874109,1.0,0.0,1.0,follow
340376505,327926324,1.0,0.0,1.0,follow
340376505,2587278392,1.0,0.0,1.0,follow
340376505,86277690,1.0,0.0,1.0,follow
340376505,20644420,1.0,0.0,1.0,follow
340376505,3015585874,1.0,0.0,1.0,follow
340376505,1874504276,1.0,0.0,1.0,follow
340376505,2992750166,1.0,0.0,1.0,follow
340376505,3017002076,1.0,0.0,1.0,follow
340376505,193700451,1.0,0.0,1.0,follow
340376505,254941287,1.0,0.0,1.0,follow
340376505,53128314,1.0,0.0,1.0,follow
340376505,590023803,1.0,0.0,1.0,follow
340376505,2360323201,1.0,0.0,1.0,follow
340376505,198773386,1.0,0.0,1.0,follow
340376505,2459169938,1.0,0.0,1.0,follow
340376505,3063697555,1.0,0.0,1.0,follow
340376505,291612312,1.0,0.0,1.0,follow
340376505,1570350235,1.0,0.0,1.0,follow
340376505,25805982,1.0,0.0,1.0,follow
340376505,1116121759,1.0,0.0,1.0,follow
340376505,350209691,1.0,0.0,1.0,follow
340376505,573614242,1.0,0.0,1.0,follow
340376505,1059207842,1.0,0.0,1.0,follow
340376505,752078492,1.0,0.0,1.0,follow
340376505,14711982,1.0,0.0,1.0,follow
340376505,543218867,1.0,0.0,1.0,follow
340376505,43830965,1.0,0.0,1.0,follow
340376505,1955720384,1.0,0.0,1.0,follow
340376505,239964366,1.0,0.0,1.0,follow
340376505,220616405,1.0,0.0,1.0,follow
340376505,162266849,1.0,0.0,1.0,follow
340376505,169833243,1.0,0.0,1.0,follow
340376505,2797758762,1.0,0.0,1.0,follow
340376505,2650794800,1.0,0.0,1.0,follow
340376505,714051386,1.0,0.0,1.0,follow
340376505,2949949244,1.0,0.0,1.0,follow
340376505,138294089,1.0,0.0,1.0,follow
340376505,131179888,1.0,0.0,1.0,follow
340376505,907734912,1.0,0.0,1.0,follow
340376505,79459832,1.0,0.0,1.0,follow
340376505,359236505,1.0,0.0,1.0,follow
340376505,64980891,1.0,0.0,1.0,follow
340376505,719655337,1.0,0.0,1.0,follow
340376505,33894316,1.0,0.0,1.0,follow
340376505,39935935,1.0,0.0,1.0,follow
340376505,365105604,1.0,0.0,1.0,follow
340376505,2831363550,1.0,0.0,1.0,follow
340376505,526411749,1.0,0.0,1.0,follow
340376505,482583016,1.0,0.0,1.0,follow
340376505,2294201833,1.0,0.0,1.0,follow
340376505,2483605494,1.0,0.0,1.0,follow
340376505,436502521,1.0,0.0,1.0,follow
340376505,599745022,1.0,0.0,1.0,follow
1580228064,20644420,1.0,0.0,1.0,follow
1580228064,187138183,1.0,0.0,1.0,follow
1580228064,169326150,1.0,0.0,1.0,follow
1580228064,86277690,1.0,0.0,1.0,follow
1580228064,169833243,1.0,0.0,1.0,follow
1580228064,714051386,1.0,0.0,1.0,follow
1580228064,2105021,1.0,0.0,1.0,follow
1580228064,599745022,1.0,0.0,1.0,follow
365105604,20644420,1.0,0.0,1.0,follow
365105604,1913262020,1.0,0.0,1.0,follow
365105604,2294201833,1.0,0.0,1.0,follow
365105604,347048522,1.0,0.0,1.0,follow
365105604,23053753,1.0,0.0,1.0,follow
365105604,340376505,1.0,0.0,1.0,follow
365105604,590023803,1.0,0.0,1.0,follow
43830965,1580228064,1.0,0.0,1.0,follow
43830965,340376505,1.0,0.0,1.0,follow
169833243,1580228064,1.0,0.0,1.0,follow
169833243,20644420,1.0,0.0,1.0,follow
169833243,994969160,1.0,0.0,1.0,follow
169833243,29406736,1.0,0.0,1.0,follow
169833243,546641586,1.0,0.0,1.0,follow
169833243,340376505,1.0,0.0,1.0,follow
169833243,714051386,1.0,0.0,1.0,follow
169833243,2105021,1.0,0.0,1.0,follow
116545134,26452697,1.0,0.0,1.0,follow
116545134,590023803,1.0,0.0,1.0,follow
116545134,20644420,1.0,0.0,1.0,follow
116358110,17021576,1.0,0.0,1.0,follow
23901130,20644420,1.0,0.0,1.0,follow
23901130,266503061,1.0,0.0,1.0,follow
23901130,714051386,1.0,0.0,1.0,follow
23901130,1116121759,1.0,0.0,1.0,follow
2105021,779043331,1.0,0.0,1.0,follow
2105021,177134723,1.0,0.0,1.0,follow
2105021,2640990344,1.0,0.0,1.0,follow
2105021,25816086,1.0,0.0,1.0,follow
2105021,359236505,1.0,0.0,1.0,follow
2105021,1715460890,1.0,0.0,1.0,follow
2105021,169833243,1.0,0.0,1.0,follow
2105021,275622946,1.0,0.0,1.0,follow
2105021,14861476,1.0,0.0,1.0,follow
2105021,2797758762,1.0,0.0,1.0,follow
2105021,337995180,1.0,0.0,1.0,follow
2105021,19440175,1.0,0.0,1.0,follow
2105021,86277690,1.0,0.0,1.0,follow
2105021,714051386,1.0,0.0,1.0,follow
2105021,1955720384,1.0,0.0,1.0,follow
2105021,20644420,1.0,0.0,1.0,follow
2105021,2992750166,1.0,0.0,1.0,follow
2105021,26452697,1.0,0.0,1.0,follow
2105021,3017002076,1.0,0.0,1.0,follow
2105021,2831363550,1.0,0.0,1.0,follow
2105021,1580228064,1.0,0.0,1.0,follow
2105021,254941287,1.0,0.0,1.0,follow
2105021,38290921,1.0,0.0,1.0,follow
2105021,308870516,1.0,0.0,1.0,follow
2105021,436502521,1.0,0.0,1.0,follow
2105021,590023803,1.0,0.0,1.0,follow
2105021,22874109,1.0,0.0,1.0,follow
2105021,599745022,1.0,0.0,1.0,follow
2601524623,217418435,1.0,0.0,1.0,follow
2601524623,61348039,1.0,0.0,1.0,follow
2601524623,22607317,1.0,0.0,1.0,follow
1955720384,2360323201,1.0,0.0,1.0,follow
1955720384,198773386,1.0,0.0,1.0,follow
1955720384,29406736,1.0,0.0026954177897574125,1.0026954177897571,both
1955720384,2459169938,1.0,0.0,1.0,follow
1955720384,25816086,1.0,0.0,1.0,follow
1955720384,359236505,1.0,0.0,1.0,follow
1955720384,1570350235,1.0,0.0,1.0,follow
1955720384,64980891,1.0,0.0,1.0,follow
1955720384,1059207842,1.0,0.0,1.0,follow
1955720384,36951856,1.0,0.0,1.0,follow
1955720384,2587278392,1.0,0.0,1.0,follow
1955720384,340376505,1.0,0.0,1.0,follow
1955720384,714051386,1.0,0.0,1.0,follow
1955720384,2949949244,1.0,0.0026954177897574125,1.0026954177897571,both
1955720384,2105021,1.0,0.0,1.0,follow
1955720384,20644420,1.0,0.0,1.0,follow
1955720384,347048522,1.0,0.0,1.0,follow
1955720384,37413076,1.0,0.0,1.0,follow
1955720384,162266849,1.0,0.0,1.0,follow
1955720384,193700451,1.0,0.0,1.0,follow
1955720384,482583016,1.0,0.0026954177897574125,1.0026954177897571,both
1955720384,599745022,1.0,0.0,1.0,follow
64980891,187138183,1.0,0.0,1.0,follow
64980891,236729223,1.0,0.0,1.0,follow
64980891,42542097,1.0,0.0,1.0,follow
64980891,2459169938,1.0,0.0,1.0,follow
64980891,359236505,1.0,0.0,1.0,follow
64980891,1116121759,1.0,0.0,1.0,follow
64980891,1059207842,1.0,0.0,1.0,follow
64980891,14711982,1.0,0.0,1.0,follow
64980891,36951856,1.0,0.0,1.0,follow
64980891,340376505,1.0,0.0,1.0,follow
64980891,714051386,1.0,0.0,1.0,follow
64980891,39935935,1.0,0.0,1.0,follow
64980891,1955720384,1.0,0.0,1.0,follow
64980891,20644420,1.0,0.0,1.0,follow
64980891,37413076,1.0,0.0,1.0,follow
64980891,2831363550,1.0,0.0,1.0,follow
64980891,193700451,1.0,0.0,1.0,follow
64980891,590023803,1.0,0.0,1.0,follow
64980891,599745022,1.0,0.0,1.0,follow
1405309777,130123715,1.0,0.0,1.0,follow
1405309777,298498586,1.0,0.0,1.0,follow
1405309777,39935935,1.0,0.0,1.0,follow
2584746324,20644420,1.0,0.0,1.0,follow
2584746324,590023803,1.0,0.0,1.0,follow
236880390,590023803,1.0,0.0,1.0,follow
2587278392,1955720384,1.0,0.0,1.0,follow
2587278392,187138183,1.0,0.0,1.0,follow
2587278392,23053753,1.0,0.0,1.0,follow
2587278392,29406736,1.0,0.0,1.0,follow
2587278392,359236505,1.0,0.0,1.0,follow
2587278392,340376505,1.0,0.0,1.0,follow
2587278392,2949949244,1.0,0.0,1.0,follow
2587278392,599745022,1.0,0.0,1.0,follow
590023803,907734912,1.0,0.0,1.0,follow
590023803,36327171,1.0,0.0,1.0,follow
590023803,187138183,1.0,0.0,1.0,follow
590023803,2459169938,1.0,0.0,1.0,follow
590023803,17263897,1.0,0.0,1.0,follow
590023803,359236505,1.0,0.0,1.0,follow
590023803,2402894750,1.0,0.0,1.0,follow
590023803,431658017,1.0,0.0,1.0,follow
590023803,36951856,1.0,0.0,1.0,follow
590023803,46076472,1.0,0.0,1.0,follow
590023803,340376505,1.0,0.0,1.0,follow
590023803,714051386,1.0,0.0,1.0,follow
590023803,2105021,1.0,0.0,1.0,follow
590023803,20644420,1.0,0.0,1.0,follow
590023803,26452697,1.0,0.0,1.0,follow
590023803,135132634,1.0,0.0,1.0,follow
590023803,2831363550,1.0,0.0,1.0,follow
590023803,18096229,1.0,0.0,1.0,follow
590023803,38290921,1.0,0.0,1.0,follow
590023803,116545134,1.0,0.0,1.0,follow
590023803,79459832,1.0,0.0,1.0,follow
590023803,599745022,1.0,0.0,1.0,follow
46076472,2360323201,1.0,0.0,1.0,follow
46076472,431658017,1.0,0.0,1.0,follow
46076472,33894316,1.0,0.0,1.0,follow
46076472,714051386,1.0,0.0,1.0,follow
46076472,39935935,1.0,0.0,1.0,follow
46076472,20644420,1.0,0.0,1.0,follow
46076472,2992750166,1.0,0.0,1.0,follow
46076472,3017002076,1.0,0.0,1.0,follow
46076472,2831363550,1.0,0.0,1.0,follow
46076472,254941287,1.0,0.0,1.0,follow
46076472,2483605494,1.0,0.0,1.0,follow
46076472,79459832,1.0,0.0,1.0,follow
46076472,590023803,1.0,0.0,1.0,follow
1037062796,20644420,1.0,0.0,1.0,follow
359236505,29406736,1.0,0.0,1.0,follow
359236505,42542097,1.0,0.0,1.0,follow
359236505,19707925,1.0,0.0,1.0,follow
359236505,431658017,1.0,0.0,1.0,follow
359236505,327926324,1.0,0.0,1.0,follow
359236505,2587278392,1.0,0.0,1.0,follow
359236505,86277690,1.0,0.0,1.0,follow
359236505,20644420,1.0,0.0,1.0,follow
359236505,3015585874,1.0,0.0,1.0,follow
359236505,3017002076,1.0,0.0,1.0,follow
359236505,193700451,1.0,0.0,1.0,follow
359236505,254941287,1.0,0.0,1.0,follow
359236505,342065781,1.0,0.0,1.0,follow
359236505,53128314,1.0,0.0,1.0,follow
359236505,590023803,1.0,0.0,1.0,follow
359236505,2360323201,1.0,0.0,1.0,follow
359236505,238128770,1.0,0.0,1.0,follow
359236505,2459169938,1.0,0.0,1.0,follow
359236505,291612312,1.0,0.0,1.0,follow
359236505,350209691,1.0,0.0,1.0,follow
359236505,752078492,1.0,0.0,1.0,follow
359236505,1116121759,1.0,0.0,1.0,follow
359236505,25805982,1.0,0.0,1.0,follow
359236505,1059207842,1.0,0.0,1.0,follow
359236505,14711982,1.0,0.0,1.0,follow
359236505,543218867,1.0,0.0,1.0,follow
359236505,2105021,1.0,0.0,1.0,follow
359236505,1955720384,1.0,0.0026954177897574125,1.0026954177897571,both
359236505,239964366,1.0,0.0,1.0,follow
359236505,37413076,1.0,0.0,1.0,follow
359236505,162266849,1.0,0.0,1.0,follow
359236505,1849850612,1.0,0.0,1.0,follow
359236505,2797758762,1.0,0.0,1.0,follow
359236505,714051386,1.0,0.0,1.0,follow
359236505,2949949244,1.0,0.0,1.0,follow
359236505,138294089,1.0,0.0,1.0,follow
359236505,556661091,1.0,0.0,1.0,follow
359236505,266503061,1.0,0.0,1.0,follow
359236505,64980891,1.0,0.0,1.0,follow
359236505,22006180,1.0,0.0,1.0,follow
359236505,719655337,1.0,0.0,1.0,follow
359236505,337995180,1.0,0.0,1.0,follow
359236505,340376505,1.0,0.0,1.0,follow
359236505,39935935,1.0,0.0,1.0,follow
359236505,2831363550,1.0,0.0,1.0,follow
359236505,1580228064,1.0,0.0,1.0,follow
359236505,526411749,1.0,0.0,1.0,follow
359236505,482583016,1.0,0.0026954177897574125,1.0026954177897571,both
359236505,2483605494,1.0,0.0,1.0,follow
359236505,436502521,1.0,0.0,1.0,follow
359236505,22874109,1.0,0.0,1.0,follow
359236505,599745022,1.0,0.0,1.0,follow
2294201833,365105604,1.0,0.0,1.0,follow
2294201833,599745022,1.0,0.0,1.0,follow
2294201833,538056844,1.0,0.0,1.0,follow
2294201833,340376505,1.0,0.0,1.0,follow
2294201833,25805982,1.0,0.0,1.0,follow
135132634,2360323201,1.0,0.0,1.0,follow
135132634,36327171,1.0,0.0,1.0,follow
135132634,25805982,1.0,0.0,1.0,follow
135132634,189467550,1.0,0.0,1.0,follow
135132634,1059207842,1.0,0.0,1.0,follow
135132634,14711982,1.0,0.0,1.0,follow
135132634,36951856,1.0,0.0,1.0,follow
135132634,138373439,1.0,0.0,1.0,follow
135132634,20644420,1.0,0.0,1.0,follow
135132634,178183112,1.0,0.0,1.0,follow
135132634,193700451,1.0,0.0,1.0,follow
135132634,22135526,1.0,0.0,1.0,follow
135132634,247696871,1.0,0.0,1.0,follow
135132634,590023803,1.0,0.0,1.0,follow
342065781,25795054,1.0,0.0,1.0,follow
342065781,261162002,1.0,0.0,1.0,follow
342065781,2459169938,1.0,0.0,1.0,follow
342065781,359236505,1.0,0.0,1.0,follow
342065781,436502521,1.0,0.0,1.0,follow
342065781,599745022,1.0,0.0,1.0,follow
973811635,258750822,1.0,0.0,1.0,follow
15902589,35466620,1.0,0.0,1.0,follow
2360323201,29406736,1.0,0.0,1.0,follow
2360323201,19707925,1.0,0.0,1.0,follow
2360323201,25816086,1.0,0.0,1.0,follow
2360323201,797077016,1.0,0.0,1.0,follow
2360323201,267133998,1.0,0.0,1.0,follow
2360323201,19440175,1.0,0.0,1.0,follow
2360323201,2159555124,1.0,0.0,1.0,follow
2360323201,2587278392,1.0,0.0,1.0,follow
2360323201,86277690,1.0,0.0,1.0,follow
2360323201,20644420,1.0,0.0,1.0,follow
2360323201,27502152,1.0,0.0,1.0,follow
2360323201,347048522,1.0,0.0,1.0,follow
2360323201,3015585874,1.0,0.0,1.0,follow
2360323201,2992750166,1.0,0.0,1.0,follow
2360323201,74418780,1.0,0.0,1.0,follow
2360323201,383446627,1.0,0.0,1.0,follow
2360323201,575139959,1.0,0.0,1.0,follow
2360323201,2324314232,1.0,0.0,1.0,follow
2360323201,590023803,1.0,0.0,1.0,follow
2360323201,177134723,1.0,0.0,1.0,follow
2360323201,187138183,1.0,0.0,1.0,follow
2360323201,538056844,1.0,0.0,1.0,follow
2360323201,300641932,1.0,0.0,1.0,follow
2360323201,2459169938,1.0,0.0,1.0,follow
2360323201,1570350235,1.0,0.0,1.0,follow
2360323201,25805982,1.0,0.0,1.0,follow
2360323201,1059207842,1.0,0.0,1.0,follow
2360323201,435515048,1.0,0.0,1.0,follow
2360323201,14711982,1.0,0.0,1.0,follow
2360323201,2365152944,1.0,0.0,1.0,follow
2360323201,34760378,1.0,0.0,1.0,follow
2360323201,2105021,1.0,0.0,1.0,follow
2360323201,1955720384,1.0,0.0,1.0,follow
2360323201,236763329,1.0,0.0,1.0,follow
2360323201,24669894,1.0,0.0,1.0,follow
2360323201,61348039,1.0,0.0,1.0,follow
2360323201,537027271,1.0,0.0,1.0,follow
2360323201,824719051,1.0,0.0,1.0,follow
2360323201,239964366,1.0,0.0,1.0,follow
2360323201,26452697,1.0,0.0,1.0,follow
2360323201,162266849,1.0,0.0,1.0,follow
2360323201,181965556,1.0,0.0,1.0,follow
2360323201,1328903425,1.0,0.0,1.0,follow
2360323201,229376260,1.0,0.0,1.0,follow
2360323201,17263897,1.0,0.0,1.0,follow
2360323201,169833243,1.0,0.0,1.0,follow
2360323201,49477936,1.0,0.0,1.0,follow
2360323201,714051386,1.0,0.0,1.0,follow
2360323201,2423480636,1.0,0.0,1.0,follow
2360323201,2949949244,1.0,0.0,1.0,follow
2360323201,138294089,1.0,0.0,1.0,follow
2360323201,3063966541,1.0,0.0,1.0,follow
2360323201,22623059,1.0,0.0,1.0,follow
2360323201,22436706,1.0,0.0,1.0,follow
2360323201,258750822,1.0,0.0,1.0,follow
2360323201,15641984,1.0,0.0,1.0,follow
2360323201,130417544,1.0,0.0,1.0,follow
2360323201,359236505,1.0,0.0,1.0,follow
2360323201,2402894750,1.0,0.0,1.0,follow
2360323201,189467550,1.0,0.0,1.0,follow
2360323201,22006180,1.0,0.0,1.0,follow
2360323201,337995180,1.0,0.0,1.0,follow
2360323201,33894316,1.0,0.0,1.0,follow
2360323201,340376505,1.0,0.0,1.0,follow
2360323201,424617920,1.0,0.0,1.0,follow
2360323201,287591876,1.0,0.0,1.0,follow
2360323201,23901130,1.0,0.0,1.0,follow
2360323201,1587277770,1.0,0.0,1.0,follow
2360323201,135132634,1.0,0.0,1.0,follow
2360323201,2831363550,1.0,0.0,1.0,follow
2360323201,247696871,1.0,0.0,1.0,follow
2360323201,38290921,1.0,0.0,1.0,follow
2360323201,2294201833,1.0,0.0,1.0,follow
2360323201,1600557554,1.0,0.0,1.0,follow
2360323201,79459832,1.0,0.0,1.0,follow
2360323201,72549881,1.0,0.0,1.0,follow
2360323201,22874109,1.0,0.0,1.0,follow
2360323201,599745022,1.0,0.0,1.0,follow
193700451,15641984,1.0,0.0,1.0,follow
193700451,2459169938,1.0,0.0,1.0,follow
193700451,359236505,1.0,0.0,1.0,follow
193700451,64980891,1.0,0.0,1.0,follow
193700451,2402894750,1.0,0.0,1.0,follow
193700451,1059207842,1.0,0.0,1.0,follow
193700451,24791335,1.0,0.0,1.0,follow
193700451,267133998,1.0,0.0,1.0,follow
193700451,340376505,1.0,0.0,1.0,follow
193700451,86277690,1.0,0.0,1.0,follow
193700451,714051386,1.0,0.0,1.0,follow
193700451,25807167,1.0,0.0,1.0,follow
193700451,1955720384,1.0,0.0,1.0,follow
193700451,424617920,1.0,0.0,1.0,follow
193700451,130123715,1.0,0.0,1.0,follow
193700451,20644420,1.0,0.0,1.0,follow
193700451,885751759,1.0,0.0,1.0,follow
193700451,37413076,1.0,0.0,1.0,follow
193700451,135132634,1.0,0.0,1.0,follow
193700451,24825958,1.0,0.0,1.0,follow
193700451,254941287,1.0,0.0,1.0,follow
193700451,79459832,1.0,0.0,1.0,follow
193700451,590023803,1.0,0.0,1.0,follow
42357934,1587277770,1.0,0.0,1.0,follow
42357934,20644420,1.0,0.0,1.0,follow
261162002,342065781,1.0,0.0,1.0,follow
261162002,907734912,1.0,0.0,1.0,follow
546641586,2831363550,1.0,0.0,1.0,follow
22874109,2360323201,1.0,0.0,1.0,follow
22874109,275622946,1.0,0.0,1.0,follow
22874109,20644420,1.0,0.0,1.0,follow
22874109,169326150,1.0,0.0,1.0,follow
22874109,130417544,1.0,0.0,1.0,follow
22874109,347048522,1.0,0.0,1.0,follow
22874109,2992750166,1.0,0.0,1.0,follow
22874109,359236505,1.0,0.0,1.0,follow
22874109,714051386,1.0,0.0,1.0,follow
22874109,340376505,1.0,0.0,1.0,follow
22874109,2105021,1.0,0.0,1.0,follow
22874109,1269648894,1.0,0.0,1.0,follow
62208019,2360323201,1.0,0.0,1.0,follow
62208019,20644420,1.0,0.0,1.0,follow
62208019,187138183,1.0,0.0,1.0,follow
62208019,138294089,1.0,0.0,1.0,follow
62208019,546641586,1.0,0.0,1.0,follow
62208019,590023803,1.0,0.0,1.0,follow
62208019,3017002076,1.0,0.0,1.0,follow
62208019,25805982,1.0,0.0,1.0,follow
436502521,187138183,1.0,0.0,1.0,follow
436502521,2459169938,1.0,0.0,1.0,follow
436502521,359236505,1.0,0.0,1.0,follow
436502521,275622946,1.0,0.0,1.0,follow
436502521,340376505,1.0,0.0,1.0,follow
436502521,2105021,1.0,0.0,1.0,follow
436502521,20644420,1.0,0.0,1.0,follow
436502521,404060390,1.0,0.0,1.0,follow
436502521,342065781,1.0,0.0,1.0,follow
436502521,35466620,1.0,0.0,1.0,follow
436502521,599745022,1.0,0.0,1.0,follow
2944706828,20644420,1.0,0.0,1.0,follow
569870574,1953063710,1.0,0.0026954177897574125,1.0026954177897571,both
12385682,35466620,1.0,0.0,1.0,follow
26403375,29406736,1.0,0.0,1.0,follow
169326150,1580228064,1.0,0.0,1.0,follow
169326150,22874109,1.0,0.0,1.0,follow
169326150,14711982,1.0,0.0,1.0,follow
52320378,20644420,1.0,0.0,1.0,follow
545159350,2587278392,1.0,0.0,1.0,follow
545159350,359236505,1.0,0.0,1.0,follow
177134723,2360323201,1.0,0.0,1.0,follow
177134723,20644420,1.0,0.0,1.0,follow
177134723,236880390,1.0,0.0,1.0,follow
177134723,404060390,1.0,0.0,1.0,follow
177134723,27502152,1.0,0.0,1.0,follow
177134723,2797758762,1.0,0.0,1.0,follow
177134723,337995180,1.0,0.0,1.0,follow
177134723,2992750166,1.0,0.0,1.0,follow
177134723,3017002076,1.0,0.0,1.0,follow
177134723,2105021,1.0,0.0,1.0,follow
177134723,599745022,1.0,0.0,1.0,follow
719655337,20644420,1.0,0.0,1.0,follow
719655337,359236505,1.0,0.0,1.0,follow
719655337,340376505,1.0,0.0,1.0,follow
482583016,1955720384,1.0,0.0,1.0,follow
482583016,1059207842,1.0,0.0,1.0,follow
482583016,20644420,1.0,0.0,1.0,follow
482583016,236729223,1.0,0.0,1.0,follow
482583016,187138183,1.0,0.0,1.0,follow
482583016,2459169938,1.0,0.0,1.0,follow
482583016,327926324,1.0,0.0,1.0,follow
482583016,37413076,1.0,0.0,1.0,follow
482583016,79459832,1.0,0.0,1.0,follow
482583016,359236505,1.0,0.0,1.0,follow
482583016,714051386,1.0,0.0,1.0,follow
482583016,340376505,1.0,0.0,1.0,follow
482583016,2831363550,1.0,0.0,1.0,follow
138294089,2360323201,1.0,0.0,1.0,follow
138294089,359236505,1.0,0.0,1.0,follow
138294089,340376505,1.0,0.0,1.0,follow
138294089,714051386,1.0,0.0,1.0,follow
138294089,2949949244,1.0,0.0,1.0,follow
138294089,2992750166,1.0,0.0,1.0,follow
138294089,2831363550,1.0,0.0,1.0,follow
138294089,162266849,1.0,0.0,1.0,follow
138294089,526411749,1.0,0.0,1.0,follow
138294089,436502521,1.0,0.0,1.0,follow
138294089,590023803,1.0,0.0,1.0,follow
138294089,35466620,1.0,0.0,1.0,follow
66562646,22359616,1.0,0.0,1.0,follow
526411749,599745022,1.0,0.0026954177897574125,1.0026954177897571,both
526411749,138294089,1.0,0.0,1.0,follow
526411749,359236505,1.0,0.0,1.0,follow
526411749,714051386,1.0,0.0,1.0,follow
526411749,340376505,1.0,0.0,1.0,follow
1849850612,359236505,1.0,0.0,1.0,follow
599745022,2360323201,1.0,0.0,1.0,follow
599745022,779043331,1.0,0.0,1.0,follow
599745022,177134723,1.0,0.0,1.0,follow
599745022,187138183,1.0,0.0,1.0,follow
599745022,79459832,1.0,0.0,1.0,follow
599745022,3063697555,1.0,0.0,1.0,follow
599745022,19707925,1.0,0.0,1.0,follow
599745022,25816086,1.0,0.0,1.0,follow
599745022,359236505,1.0,0.0,1.0,follow
599745022,431658017,1.0,0.0,1.0,follow
599745022,573614242,1.0,0.0,1.0,follow
599745022,275622946,1.0,0.0,1.0,follow
599745022,337995180,1.0,0.0,1.0,follow
599745022,14711982,1.0,0.0,1.0,follow
599745022,33894316,1.0,0.0,1.0,follow
599745022,2650794800,1.0,0.0,1.0,follow
599745022,2587278392,1.0,0.0,1.0,follow
599745022,340376505,1.0,0.0,1.0,follow
599745022,714051386,1.0,0.0,1.0,follow
599745022,2105021,1.0,0.0,1.0,follow
599745022,1955720384,1.0,0.0,1.0,follow
599745022,39935935,1.0,0.0,1.0,follow
599745022,424617920,1.0,0.0,1.0,follow
599745022,20644420,1.0,0.0,1.0,follow
599745022,61348039,1.0,0.0,1.0,follow
599745022,178183112,1.0,0.0,1.0,follow
599745022,3063966541,1.0,0.0,1.0,follow
599745022,1874504276,1.0,0.0,1.0,follow
599745022,772477398,1.0,0.0,1.0,follow
599745022,2992750166,1.0,0.0,1.0,follow
599745022,3017002076,1.0,0.0,1.0,follow
599745022,2831363550,1.0,0.0,1.0,follow
599745022,1580228064,1.0,0.0,1.0,follow
599745022,556661091,1.0,0.0,1.0,follow
599745022,526411749,1.0,0.0,1.0,follow
599745022,258750822,1.0,0.0,1.0,follow
599745022,254941287,1.0,0.0,1.0,follow
599745022,33026792,1.0,0.0,1.0,follow
599745022,2294201833,1.0,0.0,1.0,follow
599745022,342065781,1.0,0.0,1.0,follow
599745022,436502521,1.0,0.0,1.0,follow
599745022,1695442555,1.0,0.0,1.0,follow
198773386,1955720384,1.0,0.0,1.0,follow
198773386,556661091,1.0,0.0,1.0,follow
198773386,51271144,1.0,0.0,1.0,follow
198773386,14711982,1.0,0.0,1.0,follow
198773386,2587278392,1.0,0.0,1.0,follow
198773386,340376505,1.0,0.0,1.0,follow
198773386,590023803,1.0,0.0,1.0,follow
198773386,25805982,1.0,0.0,1.0,follow
198773386,1116121759,1.0,0.0,1.0,follow
53128314,340376505,1.0,0.0,1.0,follow
53128314,14711982,1.0,0.0,1.0,follow
187138183,1580228064,1.0,0.0,1.0,follow
187138183,2360323201,1.0,0.0,1.0,follow
187138183,20644420,1.0,0.0,1.0,follow
187138183,29406736,1.0,0.0,1.0,follow
187138183,436502521,1.0,0.0,1.0,follow
187138183,2587278392,1.0,0.0,1.0,follow
187138183,590023803,1.0,0.0,1.0,follow
187138183,593577212,1.0,0.0,1.0,follow
187138183,599745022,1.0,0.0,1.0,follow
907734912,20644420,1.0,0.0,1.0,follow
907734912,254941287,1.0,0.0,1.0,follow
907734912,347048522,1.0,0.0,1.0,follow
907734912,261162002,1.0,0.0,1.0,follow
907734912,22607317,1.0,0.0,1.0,follow
907734912,340376505,1.0,0.0,1.0,follow
907734912,714051386,1.0,0.0,1.0,follow
907734912,590023803,1.0,0.0,1.0,follow
131179888,20644420,1.0,0.0,1.0,follow
131179888,51271144,1.0,0.0,1.0,follow
131179888,340376505,1.0,0.0,1.0,follow
131179888,714051386,1.0,0.0,1.0,follow
131179888,35466620,1.0,0.0,1.0,follow
2891662632,590023803,1.0,0.0,1.0,follow
714051386,907734912,1.0,0.0,1.0,follow
714051386,2360323201,1.0,0.0,1.0,follow
714051386,187138183,1.0,0.0,1.0,follow
714051386,198773386,1.0,0.0,1.0,follow
714051386,2459169938,1.0,0.0,1.0,follow
714051386,359236505,1.0,0.0,1.0,follow
714051386,169833243,1.0,0.0,1.0,follow
714051386,1695442555,1.0,0.0,1.0,follow
714051386,25805982,1.0,0.0,1.0,follow
714051386,1116121759,1.0,0.0,1.0,follow
714051386,350209691,1.0,0.0,1.0,follow
714051386,1059207842,1.0,0.0,1.0,follow
714051386,64980891,1.0,0.0,1.0,follow
714051386,719655337,1.0,0.0,1.0,follow
714051386,2797758762,1.0,0.0,1.0,follow
714051386,337995180,1.0,0.0,1.0,follow
714051386,14711982,1.0,0.0,1.0,follow
714051386,36951856,1.0,0.0,1.0,follow
714051386,46076472,1.0,0.0,1.0,follow
714051386,340376505,1.0,0.0,1.0,follow
714051386,2587278392,1.0,0.0,1.0,follow
714051386,86277690,1.0,0.0,1.0,follow
714051386,2105021,1.0,0.0,1.0,follow
714051386,39935935,1.0,0.0,1.0,follow
714051386,1955720384,1.0,0.0,1.0,follow
714051386,20644420,1.0,0.0,1.0,follow
714051386,138294089,1.0,0.0,1.0,follow
714051386,23901130,1.0,0.0,1.0,follow
714051386,414621260,1.0,0.0,1.0,follow
714051386,1245735506,1.0,0.0,1.0,follow
714051386,2992750166,1.0,0.0,1.0,follow
714051386,3017002076,1.0,0.0,1.0,follow
714051386,2831363550,1.0,0.0,1.0,follow
714051386,1580228064,1.0,0.0,1.0,follow
714051386,162266849,1.0,0.0,1.0,follow
714051386,193700451,1.0,0.0,1.0,follow
714051386,526411749,1.0,0.0,1.0,follow
714051386,258750822,1.0,0.0,1.0,follow
714051386,254941287,1.0,0.0,1.0,follow
714051386,482583016,1.0,0.0,1.0,follow
714051386,1240932972,1.0,0.0,1.0,follow
714051386,131179888,1.0,0.0,1.0,follow
714051386,79459832,1.0,0.0,1.0,follow
714051386,436502521,1.0,0.0,1.0,follow
714051386,590023803,1.0,0.0,1.0,follow
714051386,22874109,1.0,0.0,1.0,follow
714051386,599745022,1.0,0.0,1.0,follow
2650794800,178183112,1.0,0.0,1.0,follow
2650794800,2992750166,1.0,0.0,1.0,follow
2650794800,340376505,1.0,0.0,1.0,follow
2650794800,2105021,1.0,0.0,1.0,follow
2650794800,599745022,1.0,0.0,1.0,follow
2640990344,20644420,1.0,0.0,1.0,follow
2640990344,2105021,1.0,0.0,1.0,follow
183950893,20644420,1.0,0.0,1.0,follow
43656765,2423480636,1.0,0.0,1.0,follow
43656765,187138183,1.0,0.0,1.0,follow
79459832,2360323201,1.0,0.0,1.0,follow
79459832,2459169938,1.0,0.0,1.0,follow
79459832,2797758762,1.0,0.0,1.0,follow
79459832,14711982,1.0,0.0,1.0,follow
79459832,46076472,1.0,0.0,1.0,follow
79459832,340376505,1.0,0.0,1.0,follow
79459832,714051386,1.0,0.0,1.0,follow
79459832,20644420,1.0,0.0,1.0,follow
79459832,2691817417,1.0,0.0,1.0,follow
79459832,26966864,1.0,0.0,1.0,follow
79459832,1245735506,1.0,0.0,1.0,follow
79459832,22607317,1.0,0.0,1.0,follow
79459832,2831363550,1.0,0.0,1.0,follow
79459832,193700451,1.0,0.0,1.0,follow
79459832,383446627,1.0,0.0,1.0,follow
79459832,247696871,1.0,0.0,1.0,follow
79459832,482583016,1.0,0.0,1.0,follow
79459832,51271144,1.0,0.0,1.0,follow
79459832,590023803,1.0,0.0,1.0,follow
79459832,599745022,1.0,0.0,1.0,follow
300641932,2360323201,1.0,0.0,1.0,follow
300641932,25869897,1.0,0.0,1.0,follow
300641932,72549881,1.0,0.0,1.0,follow
1570350235,1955720384,1.0,0.0,1.0,follow
1570350235,340376505,1.0,0.0,1.0,follow
1570350235,20644420,1.0,0.0,1.0,follow
110114783,2587278392,1.0,0.0,1.0,follow
110114783,20644420,1.0,0.0,1.0,follow
26142201,20644420,1.0,0.0,1.0,follow
26142201,14711982,1.0,0.0,1.0,follow
26142201,23910994,1.0,0.0,1.0,follow
26142201,34760378,1.0,0.0,1.0,follow
26142201,590023803,1.0,0.0,1.0,follow
26142201,35466620,1.0,0.0,1.0,follow
238128770,23053753,1.0,0.0,1.0,follow
238128770,267133998,1.0,0.0,1.0,follow
238128770,2459169938,1.0,0.0,1.0,follow
238128770,327926324,1.0,0.0,1.0,follow
238128770,374382454,1.0,0.0,1.0,follow
238128770,2587278392,1.0,0.0,1.0,follow
238128770,359236505,1.0,0.0,1.0,follow
238128770,590023803,1.0,0.0,1.0,follow
17227586,130417544,1.0,0.0,1.0,follow
17227586,14711982,1.0,0.0,1.0,follow
17227586,772477398,1.0,0.0,1.0,follow
431658017,20644420,1.0,0.0,1.0,follow
431658017,18096229,1.0,0.0,1.0,follow
431658017,17263897,1.0,0.0,1.0,follow
431658017,590023803,1.0,0.0,1.0,follow
431658017,14711982,1.0,0.0,1.0,follow
431658017,46076472,1.0,0.0,1.0,follow
431658017,359236505,1.0,0.0,1.0,follow
431658017,2587278392,1.0,0.0,1.0,follow
431658017,340376505,1.0,0.0,1.0,follow
431658017,599745022,1.0,0.0,1.0,follow
219552179,236763329,1.0,0.0,1.0,follow
219552179,779043331,1.0,0.0,1.0,follow
219552179,20644420,1.0,0.0,1.0,follow
219552179,2992750166,1.0,0.0,1.0,follow
1386366252,29406736,1.0,0.0,1.0,follow
1386366252,331379045,1.0,0.0,1.0,follow
2402894750,177134723,1.0,0.0,1.0,follow
2402894750,23053753,1.0,0.0,1.0,follow
2402894750,337995180,1.0,0.0,1.0,follow
2402894750,19440175,1.0,0.0,1.0,follow
2402894750,1937077465,1.0,0.0,1.0,follow
2402894750,590023803,1.0,0.0,1.0,follow
2992750166,779043331,1.0,0.0,1.0,follow
2992750166,236880390,1.0,0.0,1.0,follow
2992750166,146668548,1.0,0.0,1.0,follow
2992750166,129635846,1.0,0.0,1.0,follow
2992750166,3016260620,1.0,0.0,1.0,follow
2992750166,42542097,1.0,0.0,1.0,follow
2992750166,19707925,1.0,0.0,1.0,follow
2992750166,25816086,1.0,0.0,1.0,follow
2992750166,797077016,1.0,0.0,1.0,follow
2992750166,2309562402,1.0,0.0,1.0,follow
2992750166,373336615,1.0,0.0,1.0,follow
2992750166,472892458,1.0,0.0,1.0,follow
2992750166,22470188,1.0,0.0,1.0,follow
2992750166,630236717,1.0,0.0,1.0,follow
2992750166,750477870,1.0,0.0,1.0,follow
2992750166,19440175,1.0,0.0,1.0,follow
2992750166,300215343,1.0,0.0,1.0,follow
2992750166,3056089651,1.0,0.0,1.0,follow
2992750166,26952244,1.0,0.0,1.0,follow
2992750166,2359256119,1.0,0.0,1.0,follow
2992750166,2587278392,1.0,0.0,1.0,follow
2992750166,2159555124,1.0,0.0,1.0,follow
2992750166,1704384571,1.0,0.0,1.0,follow
2992750166,86277690,1.0,0.0,1.0,follow
2992750166,20644420,1.0,0.0,1.0,follow
2992750166,27502152,1.0,0.0,1.0,follow
2992750166,3015585874,1.0,0.0,1.0,follow
2992750166,66562646,1.0,0.0,1.0,follow
2992750166,2475518550,1.0,0.0,1.0,follow
2992750166,2907613274,1.0,0.0,1.0,follow
2992750166,74418780,1.0,0.0,1.0,follow
2992750166,3017002076,1.0,0.0,1.0,follow
2992750166,41973345,1.0,0.0,1.0,follow
2992750166,24825958,1.0,0.0,1.0,follow
2992750166,2539013737,1.0,0.0,1.0,follow
2992750166,2995238508,1.0,0.0,1.0,follow
2992750166,187482736,1.0,0.0,1.0,follow
2992750166,575139959,1.0,0.0,1.0,follow
2992750166,1592044152,1.0,0.0,1.0,follow
2992750166,590023803,1.0,0.0,1.0,follow
2992750166,2470821504,1.0,0.0,1.0,follow
2992750166,2360323201,1.0,0.0,1.0,follow
2992750166,177134723,1.0,0.0,1.0,follow
2992750166,17021576,1.0,0.0,1.0,follow
2992750166,412967063,1.0,0.0,1.0,follow
2992750166,25805982,1.0,0.0,1.0,follow
2992750166,752078492,1.0,0.0,1.0,follow
2992750166,14711982,1.0,0.0,1.0,follow
2992750166,2365152944,1.0,0.0,1.0,follow
2992750166,1368231091,1.0,0.0,1.0,follow
2992750166,21798586,1.0,0.0,1.0,follow
2992750166,2554970816,1.0,0.0,1.0,follow
2992750166,236763329,1.0,0.0,1.0,follow
2992750166,24669894,1.0,0.0,1.0,follow
2992750166,537027271,1.0,0.0,1.0,follow
2992750166,1281732810,1.0,0.0,1.0,follow
2992750166,239964366,1.0,0.0,1.0,follow
2992750166,1000459982,1.0,0.0,1.0,follow
2992750166,162266849,1.0,0.0,1.0,follow
2992750166,1683053797,1.0,0.0,1.0,follow
2992750166,259406566,1.0,0.0,1.0,follow
2992750166,1248431851,1.0,0.0,1.0,follow
2992750166,1849850612,1.0,0.0,1.0,follow
2992750166,1328903425,1.0,0.0,1.0,follow
2992750166,230010114,1.0,0.0,1.0,follow
2992750166,605013258,1.0,0.0,1.0,follow
2992750166,191741196,1.0,0.0,1.0,follow
2992750166,1715460890,1.0,0.0,1.0,follow
2992750166,169833243,1.0,0.0,1.0,follow
2992750166,2891662632,1.0,0.0,1.0,follow
2992750166,2797758762,1.0,0.0,1.0,follow
2992750166,3014154552,1.0,0.0,1.0,follow
2992750166,2949949244,1.0,0.0,1.0,follow
2992750166,1132427582,1.0,0.0,1.0,follow
2992750166,138294089,1.0,0.0,1.0,follow
2992750166,3063966541,1.0,0.0,1.0,follow
2992750166,2734698319,1.0,0.0,1.0,follow
2992750166,22623059,1.0,0.0,1.0,follow
2992750166,2321394518,1.0,0.0,1.0,follow
2992750166,22436706,1.0,0.0,1.0,follow
2992750166,258750822,1.0,0.0,1.0,follow
2992750166,9444712,1.0,0.0,1.0,follow
2992750166,2987013481,1.0,0.0,1.0,follow
2992750166,374382454,1.0,0.0,1.0,follow
2992750166,907734912,1.0,0.0,1.0,follow
2992750166,2643566464,1.0,0.0,1.0,follow
2992750166,236729223,1.0,0.0,1.0,follow
2992750166,130417544,1.0,0.0,1.0,follow
2992750166,79459832,1.0,0.0,1.0,follow
2992750166,359236505,1.0,0.0,1.0,follow
2992750166,22006180,1.0,0.0,1.0,follow
2992750166,337995180,1.0,0.0,1.0,follow
2992750166,2829213614,1.0,0.0,1.0,follow
2992750166,340376505,1.0,0.0,1.0,follow
2992750166,23053753,1.0,0.0,1.0,follow
2992750166,2989104576,1.0,0.0,1.0,follow
2992750166,402612676,1.0,0.0,1.0,follow
2992750166,23901130,1.0,0.0,1.0,follow
2992750166,772477398,1.0,0.0,1.0,follow
2992750166,1312276951,1.0,0.0,1.0,follow
2992750166,622582233,1.0,0.0,1.0,follow
2992750166,453509593,1.0,0.0,1.0,follow
2992750166,135132634,1.0,0.0,1.0,follow
2992750166,2831363550,1.0,0.0,1.0,follow
2992750166,1580228064,1.0,0.0,1.0,follow
2992750166,38290921,1.0,0.0,1.0,follow
2992750166,245299702,1.0,0.0,1.0,follow
2992750166,2483605494,1.0,0.0,1.0,follow
2992750166,22874109,1.0,0.0,1.0,follow
2992750166,599745022,1.0,0.0,1.0,follow
2992750166,433015295,1.0,0.0,1.0,follow
130417544,779043331,1.0,0.0,1.0,follow
130417544,19707925,1.0,0.0,1.0,follow
130417544,22874109,1.0,0.0,1.0,follow
130417544,86277690,1.0,0.0,1.0,follow
130417544,1704384571,1.0,0.0,1.0,follow
130417544,587291195,1.0,0.0,1.0,follow
130417544,20644420,1.0,0.0,1.0,follow
130417544,1120448072,1.0,0.0,1.0,follow
130417544,414621260,1.0,0.0,1.0,follow
130417544,2700379730,1.0,0.0,1.0,follow
130417544,66562646,1.0,0.0,1.0,follow
130417544,2992750166,1.0,0.0,1.0,follow
130417544,404838497,1.0,0.0,1.0,follow
130417544,41973345,1.0,0.0,1.0,follow
130417544,254941287,1.0,0.0,1.0,follow
130417544,1484651119,1.0,0.0,1.0,follow
130417544,590023803,1.0,0.0,1.0,follow
130417544,2470821504,1.0,0.0,1.0,follow
130417544,2360323201,1.0,0.0,1.0,follow
130417544,177134723,1.0,0.0,1.0,follow
130417544,187138183,1.0,0.0,1.0,follow
130417544,17021576,1.0,0.0,1.0,follow
130417544,25805982,1.0,0.0,1.0,follow
130417544,14711982,1.0,0.0,1.0,follow
130417544,546641586,1.0,0.0,1.0,follow
130417544,236763329,1.0,0.0,1.0,follow
130417544,24669894,1.0,0.0,1.0,follow
130417544,100658892,1.0,0.0,1.0,follow
130417544,239964366,1.0,0.0,1.0,follow
130417544,259406566,1.0,0.0,1.0,follow
130417544,181965556,1.0,0.0,1.0,follow
130417544,2785123074,1.0,0.0,1.0,follow
130417544,36327171,1.0,0.0,1.0,follow
130417544,229376260,1.0,0.0,1.0,follow
130417544,1715460890,1.0,0.0,1.0,follow
130417544,35615013,1.0,0.0,1.0,follow
130417544,2891662632,1.0,0.0,1.0,follow
130417544,1132427582,1.0,0.0,1.0,follow
130417544,25807167,1.0,0.0,1.0,follow
130417544,17227586,1.0,0.0,1.0,follow
130417544,2734698319,1.0,0.0,1.0,follow
130417544,22436706,1.0,0.0,1.0,follow
130417544,556661091,1.0,0.0,1.0,follow
130417544,258750822,1.0,0.0,1.0,follow
130417544,22006180,1.0,0.0,1.0,follow
130417544,219552179,1.0,0.0,1.0,follow
130417544,535180227,1.0,0.0,1.0,follow
130417544,402612676,1.0,0.0,1.0,follow
130417544,130123715,1.0,0.0,1.0,follow
130417544,26112460,1.0,0.0,1.0,follow
130417544,772477398,1.0,0.0,1.0,follow
130417544,2831363550,1.0,0.0,1.0,follow
130417544,1580228064,1.0,0.0,1.0,follow
130417544,38290921,1.0,0.0,1.0,follow
130417544,2330373110,1.0,0.0,1.0,follow
130417544,72549881,1.0,0.0,1.0,follow
130417544,599745022,1.0,0.0,1.0,follow
138373439,2587278392,1.0,0.0,1.0,follow
138373439,135132634,1.0,0.0,1.0,follow
47862321,20644420,1.0,0.0,1.0,follow
47862321,2455918632,1.0,0.0,1.0,follow
47862321,347048522,1.0,0.0,1.0,follow
47862321,23901130,1.0,0.0,1.0,follow
47862321,14711982,1.0,0.0,1.0,follow
47862321,30648851,1.0,0.0,1.0,follow
1059207842,2360323201,1.0,0.0,1.0,follow
1059207842,36327171,1.0,0.0,1.0,follow
1059207842,2459169938,1.0,0.0,1.0,follow
1059207842,19707925,1.0,0.0,1.0,follow
1059207842,266503061,1.0,0.0,1.0,follow
1059207842,359236505,1.0,0.0,1.0,follow
1059207842,350209691,1.0,0.0,1.0,follow
1059207842,64980891,1.0,0.0,1.0,follow
1059207842,2402894750,1.0,0.0,1.0,follow
1059207842,327926324,1.0,0.0,1.0,follow
1059207842,2587278392,1.0,0.0,1.0,follow
1059207842,340376505,1.0,0.0,1.0,follow
1059207842,23053753,1.0,0.0,1.0,follow
1059207842,714051386,1.0,0.0,1.0,follow
1059207842,2949949244,1.0,0.0,1.0,follow
1059207842,43656765,1.0,0.0,1.0,follow
1059207842,1955720384,1.0,0.0,1.0,follow
1059207842,20644420,1.0,0.0,1.0,follow
1059207842,61348039,1.0,0.0,1.0,follow
1059207842,414621260,1.0,0.0,1.0,follow
1059207842,37413076,1.0,0.0,1.0,follow
1059207842,2584746324,1.0,0.0,1.0,follow
1059207842,135132634,1.0,0.0,1.0,follow
1059207842,2831363550,1.0,0.0,1.0,follow
1059207842,193700451,1.0,0.0,1.0,follow
1059207842,24825958,1.0,0.0,1.0,follow
1059207842,482583016,1.0,0.0,1.0,follow
1059207842,38290921,1.0,0.0,1.0,follow
1059207842,181965556,1.0,0.0,1.0,follow
1059207842,590023803,1.0,0.0,1.0,follow
291612312,29425573,1.0,0.0,1.0,follow
291612312,14711982,1.0,0.0,1.0,follow
291612312,359236505,1.0,0.0,1.0,follow
291612312,340376505,1.0,0.0,1.0,follow
291612312,39935935,1.0,0.0,1.0,follow
38645535,36327171,1.0,0.0,1.0,follow
38645535,247696871,1.0,0.0,1.0,follow
38645535,14711982,1.0,0.0,1.0,follow
38645535,21552376,1.0,0.0,1.0,follow
38645535,436502521,1.0,0.0,1.0,follow
2949949244,1955720384,1.0,0.0,1.0,follow
2949949244,20644420,1.0,0.0,1.0,follow
2949949244,187138183,1.0,0.0,1.0,follow
2949949244,138294089,1.0,0.0,1.0,follow
2949949244,23053753,1.0,0.0,1.0,follow
2949949244,2459169938,1.0,0.0,1.0,follow
2949949244,181965556,1.0,0.0,1.0,follow
2949949244,2587278392,1.0,0.0,1.0,follow
2949949244,359236505,1.0,0.0,1.0,follow
2949949244,340376505,1.0,0.0,1.0,follow
2949949244,2831363550,1.0,0.0,1.0,follow
34760378,61348039,1.0,0.0,1.0,follow
34760378,347048522,1.0,0.0,1.0,follow
34760378,26142201,1.0,0.0,1.0,follow
36327171,193700451,1.0,0.0,1.0,follow
36327171,18096229,1.0,0.0,1.0,follow
36327171,254941287,1.0,0.0,1.0,follow
36327171,178183112,1.0,0.0,1.0,follow
36327171,247696871,1.0,0.0,1.0,follow
36327171,36951856,1.0,0.0,1.0,follow
36327171,1535422453,1.0,0.0,1.0,follow
36327171,21552376,1.0,0.0,1.0,follow
36327171,135132634,1.0,0.0,1.0,follow
36327171,590023803,1.0,0.0,1.0,follow
36327171,38645535,1.0,0.0,1.0,follow
33894316,2360323201,1.0,0.0,1.0,follow
33894316,20644420,1.0,0.0,1.0,follow
33894316,599745022,1.0,0.0,1.0,follow
33894316,254941287,1.0,0.0,1.0,follow
33894316,340376505,1.0,0.0,1.0,follow
33894316,590023803,1.0,0.0,1.0,follow
33894316,2105021,1.0,0.0,1.0,follow
33894316,2831363550,1.0,0.0,1.0,follow
347048522,907734912,1.0,0.0,1.0,follow
347048522,2360323201,1.0,0.0,1.0,follow
347048522,14711982,1.0,0.0,1.0,follow
347048522,47862321,1.0,0.0,1.0,follow
347048522,34760378,1.0,0.0,1.0,follow
347048522,1955720384,1.0,0.0,1.0,follow
347048522,365105604,1.0,0.0,1.0,follow
347048522,20644420,1.0,0.0,1.0,follow
347048522,2992750166,1.0,0.0,1.0,follow
347048522,383446627,1.0,0.0,1.0,follow
347048522,9444712,1.0,0.0,1.0,follow
347048522,2294201833,1.0,0.0,1.0,follow
347048522,590023803,1.0,0.0,1.0,follow
347048522,22874109,1.0,0.0,1.0,follow
254941287,907734912,1.0,0.0,1.0,follow
254941287,359236505,1.0,0.0,1.0,follow
254941287,275622946,1.0,0.0,1.0,follow
254941287,33894316,1.0,0.0,1.0,follow
254941287,546641586,1.0,0.0,1.0,follow
254941287,46076472,1.0,0.0,1.0,follow
254941287,340376505,1.0,0.0,1.0,follow
254941287,714051386,1.0,0.0,1.0,follow
254941287,86277690,1.0,0.0,1.0,follow
254941287,2105021,1.0,0.0,1.0,follow
254941287,39935935,1.0,0.0,1.0,follow
254941287,20644420,1.0,0.0,1.0,follow
254941287,3017002076,1.0,0.0,1.0,follow
254941287,162266849,1.0,0.0,1.0,follow
254941287,590023803,1.0,0.0,1.0,follow
254941287,599745022,1.0,0.0,1.0,follow
2831363550,79459832,1.0,0.0,1.0,follow
2831363550,29406736,1.0,0.0,1.0,follow
2831363550,2459169938,1.0,0.0,1.0,follow
2831363550,359236505,1.0,0.0,1.0,follow
2831363550,1116121759,1.0,0.0,1.0,follow
2831363550,1059207842,1.0,0.0,1.0,follow
2831363550,14711982,1.0,0.0,1.0,follow
2831363550,340376505,1.0,0.0,1.0,follow
2831363550,714051386,1.0,0.0,1.0,follow
2831363550,2949949244,1.0,0.0,1.0,follow
2831363550,2105021,1.0,0.0,1.0,follow
2831363550,20644420,1.0,0.0,1.0,follow
2831363550,138294089,1.0,0.0,1.0,follow
2831363550,37413076,1.0,0.0,1.0,follow
2831363550,18096229,1.0,0.0,1.0,follow
2831363550,590023803,1.0,0.0,1.0,follow
2831363550,599745022,1.0,0.0,1.0,follow
1913262020,20644420,1.0,0.0,1.0,follow
1913262020,599745022,1.0,0.0,1.0,follow
35466620,779043331,1.0,0.0,1.0,follow
35466620,2455918632,1.0,0.0,1.0,follow
35466620,630236717,1.0,0.0,1.0,follow
35466620,19440175,1.0,0.0,1.0,follow
35466620,86277690,1.0,0.0,1.0,follow
35466620,1704384571,1.0,0.0,1.0,follow
35466620,587291195,1.0,0.0,1.0,follow
35466620,20644420,1.0,0.0,1.0,follow
35466620,994969160,1.0,0.0,1.0,follow
35466620,39206476,1.0,0.0,1.0,follow
35466620,23910994,1.0,0.0,1.0,follow
35466620,41973345,1.0,0.0,1.0,follow
35466620,281868409,1.0,0.0,1.0,follow
35466620,2360323201,1.0,0.0,1.0,follow
35466620,177134723,1.0,0.0,1.0,follow
35466620,1037062796,1.0,0.0,1.0,follow
35466620,25805982,1.0,0.0,1.0,follow
35466620,14711982,1.0,0.0,1.0,follow
35466620,34760378,1.0,0.0,1.0,follow
35466620,236763329,1.0,0.0,1.0,follow
35466620,239964366,1.0,0.0,1.0,follow
35466620,1000459982,1.0,0.0,1.0,follow
35466620,1937077465,1.0,0.0,1.0,follow
35466620,162266849,1.0,0.0,1.0,follow
35466620,444593393,1.0,0.0,1.0,follow
35466620,2281953018,1.0,0.0,1.0,follow
35466620,230010114,1.0,0.0,1.0,follow
35466620,229376260,1.0,0.0,1.0,follow
35466620,2891662632,1.0,0.0,1.0,follow
35466620,954504506,1.0,0.0,1.0,follow
35466620,25807167,1.0,0.0,1.0,follow
35466620,138294089,1.0,0.0,1.0,follow
35466620,556661091,1.0,0.0,1.0,follow
35466620,15902589,1.0,0.0,1.0,follow
35466620,236729223,1.0,0.0,1.0,follow
35466620,130417544,1.0,0.0,1.0,follow
35466620,12385682,1.0,0.0,1.0,follow
35466620,266503061,1.0,0.0,1.0,follow
35466620,402612676,1.0,0.0,1.0,follow
35466620,2831363550,1.0,0.0,1.0,follow
35466620,2872417253,1.0,0.0,1.0,follow
35466620,51271144,1.0,0.0,1.0,follow
35466620,47074796,1.0,0.0,1.0,follow
35466620,25795054,1.0,0.0,1.0,follow
35466620,2483605494,1.0,0.0,1.0,follow
35466620,436502521,1.0,0.0,1.0,follow
27502152,177134723,1.0,0.0,1.0,follow
18096229,431658017,1.0,0.0,1.0,follow
18096229,23053753,1.0,0.0,1.0,follow
18096229,590023803,1.0,0.0,1.0,follow
18096229,2831363550,1.0,0.0,1.0,follow
24669894,20644420,1.0,0.0,1.0,follow
24669894,187138183,1.0,0.0,1.0,follow
24669894,261162002,1.0,0.0,1.0,follow
24669894,714051386,1.0,0.0,1.0,follow
24669894,590023803,1.0,0.0,1.0,follow
1240932972,1245735506,1.0,0.0,1.0,follow
1240932972,162266849,1.0,0.0,1.0,follow
308870516,20644420,1.0,0.0,1.0,follow
308870516,2105021,1.0,0.0,1.0,follow
86277690,1580228064,1.0,0.0,1.0,follow
86277690,22359616,1.0,0.0,1.0,follow
86277690,193700451,1.0,0.0,1.0,follow
86277690,20644420,1.0,0.0,1.0,follow
86277690,2831363550,1.0,0.0,1.0,follow
86277690,254941287,1.0,0.0,1.0,follow
86277690,2797758762,1.0,0.0,1.0,follow
86277690,337995180,1.0,0.0,1.0,follow
86277690,1245880722,1.0,0.0,1.0,follow
86277690,340376505,1.0,0.0,1.0,follow
86277690,3017002076,1.0,0.0,1.0,follow
86277690,2105021,1.0,0.0,1.0,follow
86277690,599745022,1.0,0.0,1.0,follow
24791335,193700451,1.0,0.0,1.0,follow
24791335,14711982,1.0,0.0,1.0,follow
24791335,37413076,1.0,0.0,1.0,follow
24791335,59699957,1.0,0.0,1.0,follow
24791335,590023803,1.0,0.0,1.0,follow
23053753,15641984,1.0,0.0,1.0,follow
23053753,18096229,1.0,0.0,1.0,follow
23053753,24791335,1.0,0.0,1.0,follow
23053753,2587278392,1.0,0.0,1.0,follow
383446627,79459832,1.0,0.0,1.0,follow
383446627,347048522,1.0,0.0,1.0,follow
1695442555,20644420,1.0,0.0,1.0,follow
1695442555,42542097,1.0,0.0,1.0,follow
1695442555,2483605494,1.0,0.0,1.0,follow
1695442555,714051386,1.0,0.0,1.0,follow
1695442555,3017002076,1.0,0.0,1.0,follow
1695442555,599745022,1.0,0.0,1.0,follow
141146064,404060390,1.0,0.0,1.0,follow
1108533062,34472348,1.0,0.0,1.0,follow
1108533062,20644420,1.0,0.0,1.0,follow
236763329,2360323201,1.0,0.0,1.0,follow
236763329,779043331,1.0,0.0,1.0,follow
236763329,130417544,1.0,0.0,1.0,follow
236763329,198773386,1.0,0.0,1.0,follow
236763329,2944706828,1.0,0.0,1.0,follow
236763329,25816086,1.0,0.0,1.0,follow
236763329,797077016,1.0,0.0,1.0,follow
236763329,189467550,1.0,0.0,1.0,follow
236763329,2455918632,1.0,0.0,1.0,follow
236763329,19440175,1.0,0.0,1.0,follow
236763329,14711982,1.0,0.0,1.0,follow
236763329,47862321,1.0,0.0,1.0,follow
236763329,30198833,1.0,0.0,1.0,follow
236763329,23053753,1.0,0.0,1.0,follow
236763329,25807167,1.0,0.0,1.0,follow
236763329,20644420,1.0,0.0,1.0,follow
236763329,130123715,1.0,0.0,1.0,follow
236763329,239964366,1.0,0.0,1.0,follow
236763329,2992750166,1.0,0.0,1.0,follow
236763329,1580228064,1.0,0.0,1.0,follow
236763329,383446627,1.0,0.0,1.0,follow
236763329,24825958,1.0,0.0,1.0,follow
236763329,51271144,1.0,0.0,1.0,follow
417901178,556661091,1.0,0.0,1.0,follow
417901178,258750822,1.0,0.0,1.0,follow
106622094,20644420,1.0,0.0,1.0,follow
106622094,24791335,1.0,0.0,1.0,follow
538056844,2294201833,1.0,0.0,1.0,follow
19707925,2459169938,1.0,0.0,1.0,follow
19707925,359236505,1.0,0.0,1.0,follow
19707925,599745022,1.0,0.0,1.0,follow
130123715,17021576,1.0,0.0,1.0,follow
130123715,14711982,1.0,0.0,1.0,follow
130123715,20644420,1.0,0.0,1.0,follow
130123715,1405309777,1.0,0.0,1.0,follow
130123715,22607317,1.0,0.0,1.0,follow
130123715,772477398,1.0,0.0,1.0,follow
130123715,193700451,1.0,0.0,1.0,follow
3017002076,20644420,1.0,0.0,1.0,follow
3017002076,254941287,1.0,0.0,1.0,follow
3017002076,340376505,1.0,0.0,1.0,follow
3017002076,359236505,1.0,0.0,1.0,follow
3017002076,714051386,1.0,0.0,1.0,follow
3017002076,1695442555,1.0,0.0,1.0,follow
3017002076,2105021,1.0,0.0,1.0,follow
3017002076,599745022,1.0,0.0,1.0,follow
267133998,238128770,1.0,0.0,1.0,follow
267133998,14711982,1.0,0.0,1.0,follow
267133998,1937077465,1.0,0.0,1.0,follow
129635846,340376505,1.0,0.0,1.0,follow
129635846,3063697555,1.0,0.0,1.0,follow
424617920,162266849,1.0,0.0,1.0,follow
424617920,275622946,1.0,0.0,1.0,follow
424617920,193700451,1.0,0.0,1.0,follow
424617920,599745022,1.0,0.0,1.0,follow
424617920,39935935,1.0,0.0,1.0,follow
772477398,599745022,1.0,0.0,1.0,follow
1484651119,556661091,1.0,0.0,1.0,follow
17263897,431658017,1.0,0.0,1.0,follow
17263897,275622946,1.0,0.0,1.0,follow
17263897,556661091,1.0,0.0,1.0,follow
17263897,2831363550,1.0,0.0,1.0,follow
17263897,254941287,1.0,0.0,1.0,follow
17263897,719655337,1.0,0.0,1.0,follow
17263897,2797758762,1.0,0.0,1.0,follow
17263897,33894316,1.0,0.0,1.0,follow
17263897,1849850612,1.0,0.0,1.0,follow
17263897,590023803,1.0,0.0,1.0,follow
593577212,187138183,1.0,0.0,1.0,follow
593577212,342065781,1.0,0.0,1.0,follow
1116121759,198773386,1.0,0.0,1.0,follow
1116121759,2459169938,1.0,0.0,1.0,follow
1116121759,359236505,1.0,0.0,1.0,follow
1116121759,64980891,1.0,0.0,1.0,follow
1116121759,769193119,1.0,0.0,1.0,follow
1116121759,14711982,1.0,0.0,1.0,follow
1116121759,36951856,1.0,0.0,1.0,follow
1116121759,340376505,1.0,0.0,1.0,follow
1116121759,714051386,1.0,0.0,1.0,follow
1116121759,178183112,1.0,0.0,1.0,follow
1116121759,23901130,1.0,0.0,1.0,follow
1116121759,885751759,1.0,0.0,1.0,follow
1116121759,2831363550,1.0,0.0,1.0,follow
1116121759,2294201833,1.0,0.0,1.0,follow
1116121759,590023803,1.0,0.0,1.0,follow
22359616,22006180,1.0,0.0,1.0,follow
22359616,20644420,1.0,0.0,1.0,follow
22359616,51271144,1.0,0.0,1.0,follow
22359616,66562646,1.0,0.0,1.0,follow
22359616,86277690,1.0,0.0,1.0,follow
298498586,229376260,1.0,0.0,1.0,follow
298498586,404060390,1.0,0.0,1.0,follow
298498586,144051948,1.0,0.0,1.0,follow
298498586,36951856,1.0,0.0,1.0,follow
298498586,1405309777,1.0,0.0,1.0,follow
298498586,157948722,1.0,0.0,1.0,follow
298498586,1415578772,1.0,0.0,1.0,follow
298498586,543218867,1.0,0.0,1.0,follow
298498586,35466620,1.0,0.0,1.0,follow
61348039,907734912,1.0,0.0,1.0,follow
61348039,2601524623,1.0,0.0,1.0,follow
61348039,719655337,1.0,0.0,1.0,follow
61348039,34760378,1.0,0.0,1.0,follow
61348039,365105604,1.0,0.0,1.0,follow
61348039,178183112,1.0,0.0,1.0,follow
61348039,1405309777,1.0,0.0,1.0,follow
61348039,22607317,1.0,0.0,1.0,follow
61348039,20658917,1.0,0.0,1.0,follow
61348039,21552376,1.0,0.0,1.0,follow
61348039,599745022,1.0,0.0,1.0,follow
289846547,20644420,1.0,0.0,1.0,follow
289846547,590023803,1.0,0.0,1.0,follow
465311165,110114783,1.0,0.0,1.0,follow
36951856,36327171,1.0,0.0,1.0,follow
36951856,2459169938,1.0,0.0,1.0,follow
36951856,298498586,1.0,0.0,1.0,follow
36951856,64980891,1.0,0.0,1.0,follow
36951856,1116121759,1.0,0.0,1.0,follow
36951856,714051386,1.0,0.0,1.0,follow
36951856,1955720384,1.0,0.0,1.0,follow
36951856,178183112,1.0,0.0,1.0,follow
36951856,135132634,1.0,0.0,1.0,follow
36951856,247696871,1.0,0.0,1.0,follow
36951856,590023803,1.0,0.0,1.0,follow
187482736,366531168,1.0,0.0,1.0,follow
187482736,189467550,1.0,0.0,1.0,follow
2483605494,340376505,1.0,0.0,1.0,follow
2455918632,47862321,1.0,0.0,1.0,follow
2455918632,20644420,1.0,0.0,1.0,follow
252930973,27632737,1.0,0.0,1.0,follow
252930973,20644420,1.0,0.0,1.0,follow
252930973,22906120,1.0,0.0,1.0,follow
252930973,37659338,1.0,0.0,1.0,follow
252930973,14711982,1.0,0.0,1.0,follow
252930973,19440175,1.0,0.0,1.0,follow
252930973,1874504276,1.0,0.0,1.0,follow
252930973,53128314,1.0,0.0,1.0,follow
252930973,35466620,1.0,0.0,1.0,follow
20644420,779043331,1.0,0.0,1.0,follow
20644420,42542097,1.0,0.0,1.0,follow
20644420,298498586,1.0,0.0,1.0,follow
20644420,431658017,1.0,0.0,1.0,follow
20644420,2455918632,1.0,0.0,1.0,follow
20644420,267133998,1.0,0.0,1.0,follow
20644420,19440175,1.0,0.0,1.0,follow
20644420,47862321,1.0,0.0,1.0,follow
20644420,238103606,1.0,0.0,1.0,follow
20644420,86277690,1.0,0.0,1.0,follow
20644420,347048522,1.0,0.0,1.0,follow
20644420,2992750166,1.0,0.0,1.0,follow
20644420,3017002076,1.0,0.0,1.0,follow
20644420,24825958,1.0,0.0,1.0,follow
20644420,1695442555,1.0,0.0,1.0,follow
20644420,2360323201,1.0,0.0,1.0,follow
20644420,177134723,1.0,0.0,1.0,follow
20644420,187138183,1.0,0.0,1.0,follow
20644420,2640990344,1.0,0.0,1.0,follow
20644420,219582605,1.0,0.0,1.0,follow
20644420,106622094,1.0,0.0,1.0,follow
20644420,14711982,1.0,0.0,1.0,follow
20644420,2105021,1.0,0.0,1.0,follow
20644420,1955720384,1.0,0.0,1.0,follow
20644420,824719051,1.0,0.0,1.0,follow
20644420,239964366,1.0,0.0,1.0,follow
20644420,1000459982,1.0,0.0,1.0,follow
20644420,220616405,1.0,0.0,1.0,follow
20644420,230010114,1.0,0.0,1.0,follow
20644420,229376260,1.0,0.0,1.0,follow
20644420,2944706828,1.0,0.0,1.0,follow
20644420,1715460890,1.0,0.0,1.0,follow
20644420,169833243,1.0,0.0,1.0,follow
20644420,49477936,1.0,0.0,1.0,follow
20644420,157948722,1.0,0.0,1.0,follow
20644420,1132427582,1.0,0.0,1.0,follow
20644420,25807167,1.0,0.0,1.0,follow
20644420,258750822,1.0,0.0,1.0,follow
20644420,374382454,1.0,0.0,1.0,follow
20644420,35466620,1.0,0.0,1.0,follow
20644420,907734912,1.0,0.0,1.0,follow
20644420,130417544,1.0,0.0,1.0,follow
20644420,79459832,1.0,0.0,1.0,follow
20644420,1217026452,1.0,0.0,1.0,follow
20644420,359236505,1.0,0.0,1.0,follow
20644420,34472348,1.0,0.0,1.0,follow
20644420,719655337,1.0,0.0,1.0,follow
20644420,29424561,1.0,0.0,1.0,follow
20644420,340376505,1.0,0.0,1.0,follow
20644420,23901130,1.0,0.0,1.0,follow
20644420,135132634,1.0,0.0,1.0,follow
20644420,1580228064,1.0,0.0,1.0,follow
20644420,51271144,1.0,0.0,1.0,follow
20644420,2483605494,1.0,0.0,1.0,follow
20644420,436502521,1.0,0.0,1.0,follow
20644420,22874109,1.0,0.0,1.0,follow
20644420,599745022,1.0,0.0,1.0,follow
350209691,359236505,1.0,0.0,1.0,follow
350209691,340376505,1.0,0.0,1.0,follow
157948722,298498586,1.0,0.0,1.0,follow
157948722,20644420,1.0,0.0,1.0,follow
2287758954,130123715,1.0,0.0,1.0,follow
2287758954,414244661,1.0,0.0,1.0,follow
327926324,482583016,1.0,0.0,1.0,follow
327926324,37413076,1.0,0.0,1.0,follow
327926324,359236505,1.0,0.0,1.0,follow
327926324,340376505,1.0,0.0,1.0,follow
994969160,169833243,1.0,0.0,1.0,follow
412967063,2402894750,1.0,0.0,1.0,follow
412967063,1415578772,1.0,0.0,1.0,follow
412967063,189467550,1.0,0.0,1.0,follow
7177992,25805982,1.0,0.0,1.0,follow
630236717,275622946,1.0,0.0,1.0,follow
303055206,954504506,1.0,0.0,1.0,follow
303055206,342065781,1.0,0.0,1.0,follow
1312276951,216316484,1.0,0.0,1.0,follow
292419947,35466620,1.0,0.0,1.0,follow
26326439,29424561,1.0,0.0,1.0,follow
472892458,599745022,1.0,0.0,1.0,follow
21552376,36327171,1.0,0.0,1.0,follow
21552376,61348039,1.0,0.0,1.0,follow
21552376,22906120,1.0,0.0,1.0,follow
21552376,247696871,1.0,0.0,1.0,follow
21552376,1535422453,1.0,0.0,1.0,follow
21552376,25805982,1.0,0.0,1.0,follow
21552376,38645535,1.0,0.0,1.0,follow
24825958,198773386,1.0,0.0,1.0,follow
24825958,25805982,1.0,0.0,1.0,follow
24825958,1059207842,1.0,0.0,1.0,follow
24825958,29424561,1.0,0.0,1.0,follow
24825958,23053753,1.0,0.0,1.0,follow
24825958,86277690,1.0,0.0,1.0,follow
24825958,236763329,1.0,0.0,1.0,follow
24825958,35172803,1.0,0.0,1.0,follow
24825958,2831363550,1.0,0.0,1.0,follow
24825958,193700451,1.0,0.0,1.0,follow
24825958,59699957,1.0,0.0,1.0,follow
24825958,35466620,1.0,0.0,1.0,follow
27632737,22906120,1.0,0.0,1.0,follow
27632737,1874504276,1.0,0.0,1.0,follow
19440175,2360323201,1.0,0.0,1.0,follow
19440175,20644420,1.0,0.0,1.0,follow
19440175,51271144,1.0,0.0,1.0,follow
19440175,239964366,1.0,0.0,1.0,follow
19440175,2105021,1.0,0.0,1.0,follow
19440175,2402894750,1.0,0.0,1.0,follow
262389370,2587278392,1.0,0.0,1.0,follow
262389370,138294089,1.0,0.0,1.0,follow
435515048,20644420,1.0,0.0,1.0,follow
337995180,275622946,1.0,0.0,1.0,follow
337995180,599745022,1.0,0.0,1.0,follow
337995180,254941287,1.0,0.0,1.0,follow
337995180,178183112,1.0,0.0,1.0,follow
337995180,359236505,1.0,0.0,1.0,follow
337995180,86277690,1.0,0.0,1.0,follow
14861476,2105021,1.0,0.0,1.0,follow
33026792,38290921,1.0,0.0,1.0,follow
33026792,630236717,1.0,0.0,1.0,follow
33026792,599745022,1.0,0.0,1.0,follow
238103606,590023803,1.0,0.0,1.0,follow
238103606,20644420,1.0,0.0,1.0,follow
238103606,141680286,1.0,0.0,1.0,follow
258750822,20644420,1.0,0.0,1.0,follow
258750822,599745022,1.0,0.0,1.0,follow
112959280,2360323201,1.0,0.0,1.0,follow
112959280,254941287,1.0,0.0,1.0,follow
39237911,22906120,1.0,0.0,1.0,follow
169050594,147040855,1.0,0.0,1.0,follow
275622946,36327171,1.0,0.0,1.0,follow
275622946,187138183,1.0,0.0,1.0,follow
275622946,42542097,1.0,0.0,1.0,follow
275622946,797077016,1.0,0.0,1.0,follow
275622946,17263897,1.0,0.0,1.0,follow
275622946,25805982,1.0,0.0,1.0,follow
275622946,719655337,1.0,0.0,1.0,follow
275622946,337995180,1.0,0.0,1.0,follow
275622946,14711982,1.0,0.0,1.0,follow
275622946,630236717,1.0,0.0,1.0,follow
275622946,22874109,1.0,0.0,1.0,follow
275622946,414244661,1.0,0.0,1.0,follow
275622946,2105021,1.0,0.0,1.0,follow
275622946,424617920,1.0,0.0,1.0,follow
275622946,772477398,1.0,0.0,1.0,follow
275622946,254941287,1.0,0.0,1.0,follow
275622946,2294201833,1.0,0.0,1.0,follow
275622946,1484651119,1.0,0.0,1.0,follow
275622946,1600557554,1.0,0.0,1.0,follow
275622946,436502521,1.0,0.0,1.0,follow
275622946,599745022,1.0,0.0,1.0,follow
2415915638,20644420,1.0,0.0,1.0,follow
25271470,23053753,1.0,0.0,1.0,follow
25271470,590023803,1.0,0.0,1.0,follow
885751759,193700451,1.0,0.0,1.0,follow
885751759,1116121759,1.0,0.0,1.0,follow
885751759,34472348,1.0,0.0,1.0,follow
14711982,779043331,1.0,0.0,1.0,follow
14711982,36327171,1.0,0.0,1.0,follow
14711982,130417544,1.0,0.0,1.0,follow
14711982,22906120,1.0,0.0,1.0,follow
14711982,198773386,1.0,0.0,1.0,follow
14711982,2459169938,1.0,0.0,1.0,follow
14711982,291612312,1.0,0.0,1.0,follow
14711982,359236505,1.0,0.0,1.0,follow
14711982,64980891,1.0,0.0,1.0,follow
14711982,189467550,1.0,0.0,1.0,follow
14711982,1116121759,1.0,0.0,1.0,follow
14711982,25805982,1.0,0.0,1.0,follow
14711982,573614242,1.0,0.0,1.0,follow
14711982,431658017,1.0,0.0,1.0,follow
14711982,14861476,1.0,0.0,1.0,follow
14711982,38645535,1.0,0.0,1.0,follow
14711982,24791335,1.0,0.0,1.0,follow
14711982,267133998,1.0,0.0,1.0,follow
14711982,49477936,1.0,0.0,1.0,follow
14711982,340376505,1.0,0.0,1.0,follow
14711982,714051386,1.0,0.0,1.0,follow
14711982,25807167,1.0,0.0,1.0,follow
14711982,39935935,1.0,0.0,1.0,follow
14711982,236763329,1.0,0.0,1.0,follow
14711982,20644420,1.0,0.0,1.0,follow
14711982,17227586,1.0,0.0,1.0,follow
14711982,178183112,1.0,0.0,1.0,follow
14711982,130123715,1.0,0.0,1.0,follow
14711982,347048522,1.0,0.0,1.0,follow
14711982,220616405,1.0,0.0,1.0,follow
14711982,135132634,1.0,0.0,1.0,follow
14711982,2831363550,1.0,0.0,1.0,follow
14711982,404060390,1.0,0.0,1.0,follow
14711982,31103336,1.0,0.0,1.0,follow
14711982,51271144,1.0,0.0,1.0,follow
14711982,79459832,1.0,0.0,1.0,follow
14711982,26142201,1.0,0.0,1.0,follow
14711982,53128314,1.0,0.0,1.0,follow
14711982,590023803,1.0,0.0,1.0,follow
14711982,35466620,1.0,0.0,1.0,follow
14711982,599745022,1.0,0.0,1.0,follow
35615013,20644420,1.0,0.0,1.0,follow
334921581,193700451,1.0,0.0,1.0,follow
334921581,556661091,1.0,0.0,1.0,follow
334921581,2891662632,1.0,0.0,1.0,follow
334921581,2756873076,1.0,0.0,1.0,follow
334921581,46076472,1.0,0.0,1.0,follow
1245735506,1240932972,1.0,0.0,1.0,follow
1245735506,79459832,1.0,0.0,1.0,follow
1245735506,714051386,1.0,0.0,1.0,follow
144051948,29406736,1.0,0.0,1.0,follow
144051948,298498586,1.0,0.0,1.0,follow
406075350,14711982,1.0,0.0,1.0,follow
25807167,15641984,1.0,0.0,1.0,follow
25807167,14711982,1.0,0.0,1.0,follow
25807167,236763329,1.0,0.0,1.0,follow
25807167,35172803,1.0,0.0,1.0,follow
25807167,20644420,1.0,0.0,1.0,follow
25807167,193700451,1.0,0.0,1.0,follow
25807167,51271144,1.0,0.0,1.0,follow
25807167,38290921,1.0,0.0,1.0,follow
25807167,35466620,1.0,0.0,1.0,follow
2459169938,15641984,1.0,0.0,1.0,follow
2459169938,238128770,1.0,0.0,1.0,follow
2459169938,236729223,1.0,0.0,1.0,follow
2459169938,79459832,1.0,0.0,1.0,follow
2459169938,19707925,1.0,0.0,1.0,follow
2459169938,359236505,1.0,0.0,1.0,follow
2459169938,64980891,1.0,0.0,1.0,follow
2459169938,1116121759,1.0,0.0,1.0,follow
2459169938,1059207842,1.0,0.0,1.0,follow
2459169938,14711982,1.0,0.0,1.0,follow
2459169938,36951856,1.0,0.0,1.0,follow
2459169938,2587278392,1.0,0.0,1.0,follow
2459169938,340376505,1.0,0.0,1.0,follow
2459169938,714051386,1.0,0.0,1.0,follow
2459169938,39935935,1.0,0.0,1.0,follow
2459169938,1955720384,1.0,0.0,1.0,follow
2459169938,20644420,1.0,0.0,1.0,follow
2459169938,3015585874,1.0,0.0,1.0,follow
2459169938,37413076,1.0,0.0,1.0,follow
2459169938,2831363550,1.0,0.0,1.0,follow
2459169938,193700451,1.0,0.0,1.0,follow
2459169938,482583016,1.0,0.0,1.0,follow
2459169938,342065781,1.0,0.0,1.0,follow
2459169938,436502521,1.0,0.0,1.0,follow
2459169938,590023803,1.0,0.0,1.0,follow
68925769,20644420,1.0,0.0,1.0,follow
1600557554,20644420,1.0,0.0,1.0,follow
49477936,2360323201,1.0,0.0,1.0,follow
49477936,20644420,1.0,0.0,1.0,follow
49477936,178183112,1.0,0.0,1.0,follow
49477936,51271144,1.0,0.0,1.0,follow
49477936,14711982,1.0,0.0,1.0,follow
72549881,300641932,1.0,0.0,1.0,follow
72549881,20644420,1.0,0.0,1.0,follow
383603196,2831363550,1.0,0.0,1.0,follow
383603196,719655337,1.0,0.0,1.0,follow
406835617,20644420,1.0,0.0,1.0,follow
2691817417,79459832,1.0,0.0,1.0,follow
2691817417,247696871,1.0,0.0,1.0,follow
39935935,300641932,1.0,0.0,1.0,follow
39935935,2459169938,1.0,0.0,1.0,follow
39935935,291612312,1.0,0.0,1.0,follow
39935935,359236505,1.0,0.0,1.0,follow
39935935,350209691,1.0,0.0,1.0,follow
39935935,64980891,1.0,0.0,1.0,follow
39935935,25805982,1.0,0.0,1.0,follow
39935935,29425573,1.0,0.0,1.0,follow
39935935,267133998,1.0,0.0,1.0,follow
39935935,14711982,1.0,0.0,1.0,follow
39935935,546641586,1.0,0.0,1.0,follow
39935935,340376505,1.0,0.0,1.0,follow
39935935,23053753,1.0,0.0,1.0,follow
39935935,714051386,1.0,0.0,1.0,follow
39935935,424617920,1.0,0.0,1.0,follow
39935935,178183112,1.0,0.0,1.0,follow
39935935,414621260,1.0,0.0,1.0,follow
39935935,1405309777,1.0,0.0,1.0,follow
39935935,1874504276,1.0,0.0,1.0,follow
39935935,401144533,1.0,0.0,1.0,follow
39935935,220616405,1.0,0.0,1.0,follow
39935935,22135526,1.0,0.0,1.0,follow
39935935,254941287,1.0,0.0,1.0,follow
39935935,247696871,1.0,0.0,1.0,follow
39935935,1849850612,1.0,0.0,1.0,follow
39935935,436502521,1.0,0.0,1.0,follow
39935935,590023803,1.0,0.0,1.0,follow
39935935,599745022,1.0,0.0,1.0,follow
26966864,79459832,1.0,0.0,1.0,follow
1415578772,298498586,1.0,0.0,1.0,follow
1415578772,412967063,1.0,0.0,1.0,follow
35172803,20644420,1.0,0.0,1.0,follow
35172803,24825958,1.0,0.0,1.0,follow
35172803,27406310,1.0,0.0,1.0,follow
35172803,300641932,1.0,0.0,1.0,follow
35172803,25807167,1.0,0.0,1.0,follow
890392501,20644420,1.0,0.0,1.0,follow
20051851,178183112,1.0,0.0,1.0,follow
20051851,556661091,1.0,0.0,1.0,follow
201303134,29406736,1.0,0.0,1.0,follow
201303134,20644420,1.0,0.0,1.0,follow
239964366,779043331,1.0,0.0,1.0,follow
239964366,42542097,1.0,0.0,1.0,follow
239964366,19440175,1.0,0.0,1.0,follow
239964366,30198833,1.0,0.0,1.0,follow
239964366,587291195,1.0,0.0,1.0,follow
239964366,20644420,1.0,0.0,1.0,follow
239964366,27502152,1.0,0.0,1.0,follow
239964366,2992750166,1.0,0.0,1.0,follow
239964366,147040855,1.0,0.0,1.0,follow
239964366,41973345,1.0,0.0,1.0,follow
239964366,24825958,1.0,0.0,1.0,follow
239964366,2324314232,1.0,0.0,1.0,follow
239964366,590023803,1.0,0.0,1.0,follow
239964366,2360323201,1.0,0.0,1.0,follow
239964366,300641932,1.0,0.0,1.0,follow
239964366,2105021,1.0,0.0,1.0,follow
239964366,74935998,1.0,0.0,1.0,follow
239964366,236763329,1.0,0.0,1.0,follow
239964366,824719051,1.0,0.0,1.0,follow
239964366,181965556,1.0,0.0,1.0,follow
239964366,2944706828,1.0,0.0,1.0,follow
239964366,1715460890,1.0,0.0,1.0,follow
239964366,2797758762,1.0,0.0,1.0,follow
239964366,714051386,1.0,0.0,1.0,follow
239964366,25807167,1.0,0.0,1.0,follow
239964366,22623059,1.0,0.0,1.0,follow
239964366,15641984,1.0,0.0,1.0,follow
239964366,130417544,1.0,0.0,1.0,follow
239964366,1217026452,1.0,0.0,1.0,follow
239964366,359236505,1.0,0.0,1.0,follow
239964366,64980891,1.0,0.0,1.0,follow
239964366,34472348,1.0,0.0,1.0,follow
239964366,189467550,1.0,0.0,1.0,follow
239964366,22006180,1.0,0.0,1.0,follow
239964366,29424561,1.0,0.0,1.0,follow
239964366,340376505,1.0,0.0,1.0,follow
239964366,141146064,1.0,0.0,1.0,follow
239964366,38290921,1.0,0.0,1.0,follow
239964366,2330373110,1.0,0.0,1.0,follow
239964366,79459832,1.0,0.0,1.0,follow
1000459982,20644420,1.0,0.0,1.0,follow
779043331,130417544,1.0,0.0,1.0,follow
779043331,22006180,1.0,0.0,1.0,follow
779043331,14711982,1.0,0.0,1.0,follow
779043331,2829213614,1.0,0.0,1.0,follow
779043331,29424561,1.0,0.0,1.0,follow
779043331,219552179,1.0,0.0,1.0,follow
779043331,2105021,1.0,0.0,1.0,follow
779043331,22359616,1.0,0.0,1.0,follow
779043331,236763329,1.0,0.0,1.0,follow
779043331,20644420,1.0,0.0,1.0,follow
779043331,37659338,1.0,0.0,1.0,follow
779043331,239964366,1.0,0.0,1.0,follow
779043331,2992750166,1.0,0.0,1.0,follow
779043331,51271144,1.0,0.0,1.0,follow
779043331,1248431851,1.0,0.0,1.0,follow
779043331,599745022,1.0,0.0,1.0,follow
147040855,169050594,1.0,0.0,1.0,follow
3015585874,359236505,1.0,0.0,1.0,follow
3015585874,340376505,1.0,0.0,1.0,follow
3015585874,2459169938,1.0,0.0,1.0,follow
41973345,20644420,1.0,0.0,1.0,follow
41973345,130417544,1.0,0.0,1.0,follow
41973345,178183112,1.0,0.0,1.0,follow
14451059,25805982,1.0,0.0,1.0,follow
2470821504,20644420,1.0,0.0,1.0,follow
2470821504,38290921,1.0,0.0,1.0,follow
2470821504,337995180,1.0,0.0,1.0,follow
2470821504,23053753,1.0,0.0,1.0,follow
1715460890,20644420,1.0,0.0,1.0,follow
1715460890,2105021,1.0,0.0,1.0,follow
229376260,2360323201,1.0,0.0,1.0,follow
229376260,1874504276,1.0,0.0,1.0,follow
229376260,298498586,1.0,0.0,1.0,follow
229376260,34472348,1.0,0.0,1.0,follow
146668548,100658892,1.0,0.0,1.0,follow
146668548,80816781,1.0,0.0,1.0,follow
146668548,189467550,1.0,0.0,1.0,follow
2797758762,22006180,1.0,0.0,1.0,follow
2797758762,22135526,1.0,0.0,1.0,follow
2797758762,22607317,1.0,0.0,1.0,follow
2797758762,79459832,1.0,0.0,1.0,follow
2797758762,359236505,1.0,0.0,1.0,follow
2797758762,340376505,1.0,0.0,1.0,follow
2797758762,714051386,1.0,0.0,1.0,follow
2797758762,2105021,1.0,0.0,1.0,follow
25795054,35466620,1.0,0.0,1.0,follow
25795054,342065781,1.0,0.0,1.0,follow
59699957,20644420,1.0,0.0,1.0,follow
59699957,24825958,1.0,0.0,1.0,follow
59699957,24791335,1.0,0.0,1.0,follow
374382454,20644420,1.0,0.0,1.0,follow
23757424,31103336,1.0,0.0,1.0,follow
23910994,51271144,1.0,0.0,1.0,follow
23910994,14711982,1.0,0.0,1.0,follow
23910994,26142201,1.0,0.0,1.0,follow
23910994,86277690,1.0,0.0,1.0,follow
1937077465,35466620,1.0,0.0,1.0,follow
1937077465,2402894750,1.0,0.0,1.0,follow
53645593,29406736,1.0,0.0,1.0,follow
53645593,100658892,1.0,0.0,1.0,follow
53645593,599745022,1.0,0.0,1.0,follow
236729223,2459169938,1.0,0.0,1.0,follow
42542097,359236505,1.0,0.0,1.0,follow
42542097,275622946,1.0,0.0,1.0,follow
42542097,340376505,1.0,0.0,1.0,follow
3063697555,20644420,1.0,0.0,1.0,follow
3063697555,187138183,1.0,0.0,1.0,follow
3063697555,340376505,1.0,0.0,1.0,follow
3063697555,590023803,1.0,0.0,1.0,follow
3063697555,599745022,1.0,0.0,1.0,follow
178183112,36327171,1.0,0.0,1.0,follow
178183112,20051851,1.0,0.0,1.0,follow
178183112,1116121759,1.0,0.0,1.0,follow
178183112,337995180,1.0,0.0,1.0,follow
178183112,14711982,1.0,0.0,1.0,follow
178183112,49477936,1.0,0.0,1.0,follow
178183112,2650794800,1.0,0.0,1.0,follow
178183112,36951856,1.0,0.0,1.0,follow
178183112,414244661,1.0,0.0,1.0,follow
178183112,39935935,1.0,0.0,1.0,follow
178183112,61348039,1.0,0.0,1.0,follow
178183112,220616405,1.0,0.0,1.0,follow
178183112,135132634,1.0,0.0,1.0,follow
178183112,41973345,1.0,0.0,1.0,follow
178183112,599745022,1.0,0.0,1.0,follow
260581939,522628807,1.0,0.0,1.0,follow
25805982,24825958,1.0,0.0,1.0,follow
25805982,2294201833,1.0,0.0,1.0,follow
25805982,23053753,1.0,0.0,1.0,follow
25805982,14711982,1.0,0.0,1.0,follow
25805982,14451059,1.0,0.0,1.0,follow
25805982,2992750166,1.0,0.0,1.0,follow
25805982,21552376,1.0,0.0,1.0,follow
25805982,359236505,1.0,0.0,1.0,follow
25805982,135132634,1.0,0.0,1.0,follow
25805982,340376505,1.0,0.0,1.0,follow
220616405,20644420,1.0,0.0,1.0,follow
220616405,178183112,1.0,0.0,1.0,follow
220616405,14711982,1.0,0.0,1.0,follow
220616405,39935935,1.0,0.0,1.0,follow
220616405,340376505,1.0,0.0,1.0,follow
26112460,556661091,1.0,0.0,1.0,follow
141680286,238103606,1.0,0.0,1.0,follow
9444712,347048522,1.0,0.0,1.0,follow
29425573,39935935,1.0,0.0,1.0,follow
22006180,359236505,1.0,0.0,1.0,follow
80816781,146668548,1.0,0.0,1.0,follow
80816781,189467550,1.0,0.0,1.0,follow
26452697,20644420,1.0,0.0,1.0,follow
26452697,116545134,1.0,0.0,1.0,follow
26452697,714051386,1.0,0.0,1.0,follow
26452697,590023803,1.0,0.0,1.0,follow
26452697,2105021,1.0,0.0,1.0,follow
331379045,1386366252,1.0,0.0,1.0,follow
47074796,35466620,1.0,0.0,1.0,follow
22607317,907734912,1.0,0.0,1.0,follow
22607317,2601524623,1.0,0.0,1.0,follow
22607317,2797758762,1.0,0.0,1.0,follow
22607317,20644420,1.0,0.0,1.0,follow
22607317,130123715,1.0,0.0,1.0,follow
22607317,61348039,1.0,0.0,1.0,follow
22607317,20658917,1.0,0.0,1.0,follow
22607317,51271144,1.0,0.0,1.0,follow
22607317,79459832,1.0,0.0,1.0,follow
39206476,35466620,1.0,0.0,1.0,follow
543218867,359236505,1.0,0.0,1.0,follow
543218867,298498586,1.0,0.0,1.0,follow
543218867,340376505,1.0,0.0,1.0,follow
1132427582,20644420,1.0,0.0,1.0,follow
1874504276,340376505,1.0,0.0,1.0,follow
1874504276,599745022,1.0,0.0,1.0,follow
522628807,260581939,1.0,0.0,1.0,follow
522628807,20644420,1.0,0.0,1.0,follow
1953063710,569870574,1.0,0.0,1.0,follow
2224896846,465311165,1.0,0.0,1.0,follow
266503061,359236505,1.0,0.0,1.0,follow
266503061,590023803,1.0,0.0,1.0,follow
266503061,35466620,1.0,0.0,1.0,follow
22135526,2797758762,1.0,0.0,1.0,follow
22135526,135132634,1.0,0.0,1.0,follow
22135526,39935935,1.0,0.0,1.0,follow
1248431851,29406736,1.0,0.0,1.0,follow
1248431851,779043331,1.0,0.0,1.0,follow
281868409,35466620,1.0,0.0,1.0,follow
281868409,2992750166,1.0,0.0,1.0,follow
17021576,13501122,1.0,0.0,1.0,follow
20658917,22607317,1.0,0.0,1.0,follow
25816086,2105021,1.0,0.0,1.0,follow
25816086,599745022,1.0,0.0,1.0,follow
414244661,178183112,1.0,0.0,1.0,follow
22470188,590023803,1.0,0.0,1.0,follow
13501122,17021576,1.0,0.0,1.0,follow
51271144,15641984,1.0,0.0,1.0,follow
51271144,779043331,1.0,0.0,1.0,follow
51271144,130417544,1.0,0.0,1.0,follow
51271144,22906120,1.0,0.0,1.0,follow
51271144,198773386,1.0,0.0,1.0,follow
51271144,300641932,1.0,0.0,1.0,follow
51271144,39237911,1.0,0.0,1.0,follow
51271144,291612312,1.0,0.0,1.0,follow
51271144,2455918632,1.0,0.0,1.0,follow
51271144,2797758762,1.0,0.0,1.0,follow
51271144,14711982,1.0,0.0,1.0,follow
51271144,19440175,1.0,0.0,1.0,follow
51271144,49477936,1.0,0.0,1.0,follow
51271144,47862321,1.0,0.0,1.0,follow
51271144,29424561,1.0,0.0,1.0,follow
51271144,86277690,1.0,0.0,1.0,follow
51271144,2105021,1.0,0.0,1.0,follow
51271144,25807167,1.0,0.0,1.0,follow
51271144,236763329,1.0,0.0,1.0,follow
51271144,217418435,1.0,0.0,1.0,follow
51271144,20644420,1.0,0.0,1.0,follow
51271144,22359616,1.0,0.0,1.0,follow
51271144,1937077465,1.0,0.0,1.0,follow
51271144,1683053797,1.0,0.0,1.0,follow
51271144,444593393,1.0,0.0,1.0,follow
51271144,79459832,1.0,0.0,1.0,follow
51271144,35466620,1.0,0.0,1.0,follow
189467550,146668548,1.0,0.0,1.0,follow
189467550,80816781,1.0,0.0,1.0,follow
189467550,412967063,1.0,0.0,1.0,follow
189467550,14711982,1.0,0.0,1.0,follow
189467550,74935998,1.0,0.0,1.0,follow
189467550,20644420,1.0,0.0,1.0,follow
189467550,239964366,1.0,0.0,1.0,follow
189467550,187482736,1.0,0.0,1.0,follow
189467550,590023803,1.0,0.0,1.0,follow
752078492,359236505,1.0,0.0,1.0,follow
752078492,340376505,1.0,0.0,1.0,follow
217418435,61348039,1.0,0.0,1.0,follow
22348141,229376260,1.0,0.0,1.0,follow
605013258,38290921,1.0,0.0,1.0,follow
74935998,189467550,1.0,0.0,1.0,follow
1535422453,21552376,1.0,0.0,1.0,follow
1535422453,36327171,1.0,0.0,1.0,follow
22906120,15641984,1.0,0.0,1.0,follow
22906120,27632737,1.0,0.0,1.0,follow
22906120,20644420,1.0,0.0,1.0,follow
22906120,51271144,1.0,0.0,1.0,follow
22906120,14711982,1.0,0.0,1.0,follow
22906120,1874504276,1.0,0.0,1.0,follow
22906120,39237911,1.0,0.0,1.0,follow
22906120,21552376,1.0,0.0,1.0,follow
404060390,177134723,1.0,0.0,1.0,follow
404060390,20644420,1.0,0.0,1.0,follow
404060390,14711982,1.0,0.0,1.0,follow
404060390,141146064,1.0,0.0,1.0,follow
404060390,298498586,1.0,0.0,1.0,follow
404060390,436502521,1.0,0.0,1.0,follow
824719051,20644420,1.0,0.0,1.0,follow
31103336,35466620,1.0,0.0,1.0,follow
31103336,14711982,1.0,0.0,1.0,follow
27406310,35172803,1.0,0.0,1.0,follow
13857342,545159350,0.0,0.05121293800539083,0.05121293800539083,retweet
13857342,2650794800,0.0,0.024258760107816708,0.024258760107816708,retweet
930620467,2650794800,0.0,0.018867924528301886,0.018867924528301886,retweet
930620467,545159350,0.0,0.013477088948787064,0.013477088948787064,retweet
13857342,43830965,0.0,0.013477088948787064,0.013477088948787064,retweet
2756873076,545159350,0.0,0.01078167115902965,0.01078167115902965,retweet
930620467,43830965,0.0,0.01078167115902965,0.01078167115902965,retweet
13857342,590023803,0.0,0.008086253369272238,0.008086253369272238,retweet
930620467,2949949244,0.0,0.008086253369272238,0.008086253369272238,retweet
930620467,1580228064,0.0,0.008086253369272238,0.008086253369272238,retweet
2756873076,2650794800,0.0,0.008086253369272238,0.008086253369272238,retweet
13857342,2459169938,0.0,0.008086253369272238,0.008086253369272238,retweet
13857342,2359256119,0.0,0.008086253369272238,0.008086253369272238,retweet
2756873076,261162002,0.0,0.005390835579514825,0.005390835579514825,retweet
13857342,198773386,0.0,0.005390835579514825,0.005390835579514825,retweet
13857342,261162002,0.0,0.005390835579514825,0.005390835579514825,retweet
930620467,138294089,0.0,0.005390835579514825,0.005390835579514825,retweet
13857342,169050594,0.0,0.005390835579514825,0.005390835579514825,retweet
13857342,1955720384,0.0,0.005390835579514825,0.005390835579514825,retweet
930620467,599745022,0.0,0.005390835579514825,0.005390835579514825,retweet
13857342,546641586,0.0,0.005390835579514825,0.005390835579514825,retweet
930620467,2105021,0.0,0.005390835579514825,0.005390835579514825,retweet
13857342,169833243,0.0,0.005390835579514825,0.005390835579514825,retweet
930620467,590023803,0.0,0.005390835579514825,0.005390835579514825,retweet
2756873076,2992750166,0.0,0.005390835579514825,0.005390835579514825,retweet
13857342,22006180,0.0,0.005390835579514825,0.005390835579514825,retweet
2756873076,1955720384,0.0,0.005390835579514825,0.005390835579514825,retweet
2756873076,2359256119,0.0,0.005390835579514825,0.005390835579514825,retweet
930620467,482583016,0.0,0.005390835579514825,0.005390835579514825,retweet
930620467,169833243,0.0,0.005390835579514825,0.005390835579514825,retweet
930620467,347048522,0.0,0.005390835579514825,0.005390835579514825,retweet
22874109,261162002,0.0,0.0026954177897574125,0.0026954177897574125,retweet
23901130,545159350,0.0,0.0026954177897574125,0.0026954177897574125,retweet
26248642,545159350,0.0,0.0026954177897574125,0.0026954177897574125,retweet
26403375,17263897,0.0,0.0026954177897574125,0.0026954177897574125,retweet
26403375,79459832,0.0,0.0026954177897574125,0.0026954177897574125,retweet
42542097,337995180,0.0,0.0026954177897574125,0.0026954177897574125,retweet
191741196,3019474338,0.0,0.0026954177897574125,0.0026954177897574125,retweet
198773386,1405309777,0.0,0.0026954177897574125,0.0026954177897574125,retweet
259406566,177134723,0.0,0.0026954177897574125,0.0026954177897574125,retweet
266723506,2359256119,0.0,0.0026954177897574125,0.0026954177897574125,retweet
42542097,2470821504,0.0,0.0026954177897574125,0.0026954177897574125,retweet
280974913,1580228064,0.0,0.0026954177897574125,0.0026954177897574125,retweet
289846547,2359256119,0.0,0.0026954177897574125,0.0026954177897574125,retweet
340376505,47862321,0.0,0.0026954177897574125,0.0026954177897574125,retweet
347048522,26452697,0.0,0.0026954177897574125,0.0026954177897574125,retweet
177134723,340376505,0.0,0.0026954177897574125,0.0026954177897574125,retweet
162266849,2650794800,0.0,0.0026954177897574125,0.0026954177897574125,retweet
72971775,169833243,0.0,0.0026954177897574125,0.0026954177897574125,retweet
62208019,2650794800,0.0,0.0026954177897574125,0.0026954177897574125,retweet
13857342,2949949244,0.0,0.0026954177897574125,0.0026954177897574125,retweet
13857342,138294089,0.0,0.0026954177897574125,0.0026954177897574125,retweet
13857342,359236505,0.0,0.0026954177897574125,0.0026954177897574125,retweet
13857342,337995180,0.0,0.0026954177897574125,0.0026954177897574125,retweet
13857342,258750822,0.0,0.0026954177897574125,0.0026954177897574125,retweet
13857342,239964366,0.0,0.0026954177897574125,0.0026954177897574125,retweet
13857342,183950893,0.0,0.0026954177897574125,0.0026954177897574125,retweet
13857342,157948722,0.0,0.0026954177897574125,0.0026954177897574125,retweet
17263897,2949949244,0.0,0.0026954177897574125,0.0026954177897574125,retweet
13857342,47862321,0.0,0.0026954177897574125,0.0026954177897574125,retweet
13857342,37413076,0.0,0.0026954177897574125,0.0026954177897574125,retweet
13857342,36951856,0.0,0.0026954177897574125,0.0026954177897574125,retweet
13857342,33894316,0.0,0.0026954177897574125,0.0026954177897574125,retweet
13857342,33803412,0.0,0.0026954177897574125,0.0026954177897574125,retweet
13857342,30198833,0.0,0.0026954177897574125,0.0026954177897574125,retweet
13857342,29406736,0.0,0.0026954177897574125,0.0026954177897574125,retweet
13857342,22029787,0.0,0.0026954177897574125,0.0026954177897574125,retweet
13857342,17263897,0.0,0.0026954177897574125,0.0026954177897574125,retweet
13857342,482583016,0.0,0.0026954177897574125,0.0026954177897574125,retweet
13857342,569586545,0.0,0.0026954177897574125,0.0026954177897574125,retweet
13857342,593577212,0.0,0.0026954177897574125,0.0026954177897574125,retweet
13857342,599745022,0.0,0.0026954177897574125,0.0026954177897574125,retweet
14861476,38645535,0.0,0.0026954177897574125,0.0026954177897574125,retweet
14711982,37659338,0.0,0.0026954177897574125,0.0026954177897574125,retweet
13857342,3015585874,0.0,0.0026954177897574125,0.0026954177897574125,retweet
13857342,2992750166,0.0,0.0026954177897574125,0.0026954177897574125,retweet
13857342,2969344940,0.0,0.0026954177897574125,0.0026954177897574125,retweet
13857342,2953604840,0.0,0.0026954177897574125,0.0026954177897574125,retweet
13857342,2872417253,0.0,0.0026954177897574125,0.0026954177897574125,retweet
13857342,2675563262,0.0,0.0026954177897574125,0.0026954177897574125,retweet
13857342,1874504276,0.0,0.0026954177897574125,0.0026954177897574125,retweet
13857342,1849850612,0.0,0.0026954177897574125,0.0026954177897574125,retweet
13857342,1269648894,0.0,0.0026954177897574125,0.0026954177897574125,retweet
13857342,1059207842,0.0,0.0026954177897574125,0.0026954177897574125,retweet
13857342,954504506,0.0,0.0026954177897574125,0.0026954177897574125,retweet
359236505,545159350,0.0,0.0026954177897574125,0.0026954177897574125,retweet
2640990344,33803412,0.0,0.0026954177897574125,0.0026954177897574125,retweet
2402894750,545159350,0.0,0.0026954177897574125,0.0026954177897574125,retweet
2309562402,261162002,0.0,0.0026954177897574125,0.0026954177897574125,retweet
1955720384,2640990344,0.0,0.0026954177897574125,0.0026954177897574125,retweet
1955720384,545159350,0.0,0.0026954177897574125,0.0026954177897574125,retweet
1955720384,43830965,0.0,0.0026954177897574125,0.0026954177897574125,retweet
930620467,3015585874,0.0,0.0026954177897574125,0.0026954177897574125,retweet
2650794800,2640990344,0.0,0.0026954177897574125,0.0026954177897574125,retweet
2756873076,2105021,0.0,0.0026954177897574125,0.0026954177897574125,retweet
359236505,1913262020,0.0,0.0026954177897574125,0.0026954177897574125,retweet
3023378215,261162002,0.0,0.0026954177897574125,0.0026954177897574125,retweet
2951881910,590023803,0.0,0.0026954177897574125,0.0026954177897574125,retweet
2930199847,954504506,0.0,0.0026954177897574125,0.0026954177897574125,retweet
2829213614,2650794800,0.0,0.0026954177897574125,0.0026954177897574125,retweet
2756873076,2949949244,0.0,0.0026954177897574125,0.0026954177897574125,retweet
2756873076,2455918632,0.0,0.0026954177897574125,0.0026954177897574125,retweet
2756873076,1405309777,0.0,0.0026954177897574125,0.0026954177897574125,retweet
2756873076,814476685,0.0,0.0026954177897574125,0.0026954177897574125,retweet
2756873076,599745022,0.0,0.0026954177897574125,0.0026954177897574125,retweet
2756873076,573614242,0.0,0.0026954177897574125,0.0026954177897574125,retweet
2756873076,546641586,0.0,0.0026954177897574125,0.0026954177897574125,retweet
2756873076,436502521,0.0,0.0026954177897574125,0.0026954177897574125,retweet
2756873076,431658017,0.0,0.0026954177897574125,0.0026954177897574125,retweet
2756873076,347048522,0.0,0.0026954177897574125,0.0026954177897574125,retweet
2756873076,74935998,0.0,0.0026954177897574125,0.0026954177897574125,retweet
2756873076,66562646,0.0,0.0026954177897574125,0.0026954177897574125,retweet
2756873076,22623059,0.0,0.0026954177897574125,0.0026954177897574125,retweet
930620467,2992750166,0.0,0.0026954177897574125,0.0026954177897574125,retweet
907734912,47862321,0.0,0.0026954177897574125,0.0026954177897574125,retweet
772477398,2650794800,0.0,0.0026954177897574125,0.0026954177897574125,retweet
772477398,545159350,0.0,0.0026954177897574125,0.0026954177897574125,retweet
714051386,347048522,0.0,0.0026954177897574125,0.0026954177897574125,retweet
599745022,2640990344,0.0,0.0026954177897574125,0.0026954177897574125,retweet
556661091,2470821504,0.0,0.0026954177897574125,0.0026954177897574125,retweet
556661091,1874504276,0.0,0.0026954177897574125,0.0026954177897574125,retweet
556661091,545159350,0.0,0.0026954177897574125,0.0026954177897574125,retweet
930620467,2734698319,0.0,0.0026954177897574125,0.0026954177897574125,retweet
545159350,2891662632,0.0,0.0026954177897574125,0.0026954177897574125,retweet
545159350,1955720384,0.0,0.0026954177897574125,0.0026954177897574125,retweet
476350851,22623059,0.0,0.0026954177897574125,0.0026954177897574125,retweet
3079113053,33803412,0.0,0.0026954177897574125,0.0026954177897574125,retweet
383446627,2470821504,0.0,0.0026954177897574125,0.0026954177897574125,retweet
365105604,169050594,0.0,0.0026954177897574125,0.0026954177897574125,retweet
359236505,2650794800,0.0,0.0026954177897574125,0.0026954177897574125,retweet
907734912,2992750166,0.0,0.0026954177897574125,0.0026954177897574125,retweet
930620467,17263897,0.0,0.0026954177897574125,0.0026954177897574125,retweet
930620467,23053753,0.0,0.0026954177897574125,0.0026954177897574125,retweet
930620467,33026792,0.0,0.0026954177897574125,0.0026954177897574125,retweet
930620467,2601647804,0.0,0.0026954177897574125,0.0026954177897574125,retweet
930620467,2459169938,0.0,0.0026954177897574125,0.0026954177897574125,retweet
930620467,2455918632,0.0,0.0026954177897574125,0.0026954177897574125,retweet
930620467,2359256119,0.0,0.0026954177897574125,0.0026954177897574125,retweet
930620467,1955720384,0.0,0.0026954177897574125,0.0026954177897574125,retweet
930620467,1953063710,0.0,0.0026954177897574125,0.0026954177897574125,retweet
930620467,1874504276,0.0,0.0026954177897574125,0.0026954177897574125,retweet
930620467,1059207842,0.0,0.0026954177897574125,0.0026954177897574125,retweet
930620467,973811635,0.0,0.0026954177897574125,0.0026954177897574125,retweet
930620467,546641586,0.0,0.0026954177897574125,0.0026954177897574125,retweet
930620467,526411749,0.0,0.0026954177897574125,0.0026954177897574125,retweet
930620467,431658017,0.0,0.0026954177897574125,0.0026954177897574125,retweet
930620467,340376505,0.0,0.0026954177897574125,0.0026954177897574125,retweet
930620467,337995180,0.0,0.0026954177897574125,0.0026954177897574125,retweet
930620467,261162002,0.0,0.0026954177897574125,0.0026954177897574125,retweet
930620467,236729223,0.0,0.0026954177897574125,0.0026954177897574125,retweet
930620467,169050594,0.0,0.0026954177897574125,0.0026954177897574125,retweet
930620467,110114783,0.0,0.0026954177897574125,0.0026954177897574125,retweet
930620467,47862321,0.0,0.0026954177897574125,0.0026954177897574125,retweet
