racism,sexism,normal,user_id,abuse,degree,weighted_degree,closeness_centrality,betweenness_centrality,community,eigenvector_centrality,hubs,authorities,clustering,pageRank,triangles,greedy_modularity_communities
0.0,0.000636213258684311,0.0024176103830003816,2105021,0.000636213258684311,35,33.00808625336927,0.4699599465954606,0.01069624320397017,1,0.14340267389529682,0.012805653896766961,0.012805653897235893,0.26554621848739496,0.01137838292528891,158,1
0.0,0.00012724265173686224,0.0,7177992,0.00012724265173686224,1,1.0,0.3079615048118985,0.0,5,0.0034091182590528196,0.0003376097590197269,0.0003376097590643547,0.0,0.0006052560625897066,0,4
0.0,0.00012724265173686224,0.00012724265173686224,9444712,0.00012724265173686224,2,2.0,0.3628865979381443,0.0,4,0.013102378428019354,0.0011583432190605853,0.0011583432189298643,1.0,0.0010003736929575006,1,5
0.0,0.00012724265173686224,0.0,10235202,0.00012724265173686224,0,0.0,0.0,0.0,0,0.0,0.0,0.0,0.0,0.0,0,0
0.0,0.0002544853034737245,0.0008906985621580354,12385682,0.0002544853034737245,1,1.0,0.31654676258992803,0.0,9,0.004408096008120953,0.00044242933859587886,0.000442429338563779,0.0,0.0006440387352389576,0,3
0.0,0.00012724265173686224,0.00012724265173686224,13377442,0.00012724265173686224,0,0.0,0.0,0.0,0,0.0,0.0,0.0,0.0,0.0,0,0
0.0,0.00012724265173686224,0.0,13501122,0.00012724265173686224,1,1.0,0.276078431372549,0.0,3,0.0006908442397983714,6.812767380229222e-05,6.812767382732275e-05,0.0,0.0007849213814422257,0,0
0.00012724265173686224,0.08576154727064512,0.27204478941341137,13857342,0.08588878992238198,45,0.23719676549865207,0.4536082474226804,0.06744222211314495,7,0.10897246464634808,3.863498054676678e-05,3.8634980548725525e-05,0.07474747474747474,0.0020084549173634155,74,6
0.0,0.00012724265173686224,0.00012724265173686224,14451059,0.00012724265173686224,1,1.0,0.3079615048118985,0.0,5,0.0034091182590528196,0.0003376097590197269,0.0003376097590643547,0.0,0.0006052560625897066,0,4
0.0,0.00012724265173686224,0.00012724265173686224,14711982,0.00012724265173686224,52,51.00269541778976,0.49787835926449786,0.056866550263181104,5,0.1677518636129569,0.01595302628406653,0.01595302628423572,0.16214177978883862,0.01756301691806404,215,3
0.0,0.00012724265173686224,0.000636213258684311,14861476,0.00012724265173686224,3,2.0026954177897576,0.34714003944773175,4.4638851411176935e-05,5,0.013014820891702982,0.001187279763288646,0.0011872797633505434,0.3333333333333333,0.0009043107597234561,1,4
0.0,0.0005089706069474489,0.0015269118208423465,15641984,0.0005089706069474489,10,10.0,0.4036697247706422,0.0006495355078196008,0,0.05180292461397938,0.004996520735034295,0.004996520734993185,0.4222222222222222,0.00347097043066964,19,3
0.0,0.00012724265173686224,0.00012724265173686224,15902589,0.00012724265173686224,1,1.0,0.31654676258992803,0.0,9,0.004408096008120953,0.00044242933859587886,0.000442429338563779,0.0,0.0006440387352389576,0,3
0.0,0.00012724265173686224,0.00012724265173686224,16237972,0.00012724265173686224,0,0.0,0.0,0.0,0,0.0,0.0,0.0,0.0,0.0,0,0
0.0,0.0002544853034737245,0.0002544853034737245,17021576,0.0002544853034737245,5,5.0,0.38095238095238093,0.011604176909755608,3,0.017322065982562175,0.0016504336410576963,0.0016504336408796462,0.2,0.002782389403946089,2,0
0.0,0.0002544853034737245,0.0005089706069474489,17227586,0.0002544853034737245,3,3.0,0.3534136546184739,6.622452476444725e-05,3,0.013799474674782977,0.0013470679291440692,0.0013470679291990124,0.6666666666666666,0.0013223268144156159,2,0
0.0,0.000636213258684311,0.0017813971243160708,17263897,0.000636213258684311,16,12.01078167115903,0.4022857142857143,0.008688126510599886,1,0.05594716685030539,0.0041025232182735905,0.004102523218388595,0.16666666666666666,0.004376220901339976,20,1
0.0,0.00012724265173686224,0.0,17986854,0.00012724265173686224,0,0.0,0.0,0.0,0,0.0,0.0,0.0,0.0,0.0,0,0
0.0,0.0005089706069474489,0.0005089706069474489,18096229,0.0005089706069474489,5,5.0,0.3509471585244267,6.78481007864581e-05,0,0.02089649237537655,0.0019683451260263532,0.0019683451261193912,0.3,0.0018207013006436448,3,4
0.0,0.0002544853034737245,0.00012724265173686224,19440175,0.0002544853034737245,10,10.0,0.4345679012345679,0.0013160960155655724,9,0.05545483678829517,0.005349037722517726,0.005349037722274427,0.5555555555555556,0.0036375003846021176,25,3
0.0,0.0002544853034737245,0.00012724265173686224,19707925,0.0002544853034737245,8,8.0,0.4136310223266745,0.0003111451795030569,7,0.05402241810225115,0.005075764521242139,0.005075764521049383,0.5714285714285714,0.0028333171615920897,16,1
0.0,0.00012724265173686224,0.00012724265173686224,20051851,0.00012724265173686224,2,2.0,0.2983050847457627,3.983925349281128e-05,5,0.0036885273991747606,0.00033756742270957637,0.0003375674227056619,0.0,0.0009620892563115689,0,3
0.0,0.00012724265173686224,0.0,20113153,0.00012724265173686224,0,0.0,0.0,0.0,0,0.0,0.0,0.0,0.0,0.0,0,0
0.0,0.0002544853034737245,0.0010179412138948977,20644420,0.0002544853034737245,118,118.0,0.5641025641025641,0.2209225439937619,2,0.2841716139131569,0.026868937814548903,0.026868937816824142,0.07286686947703896,0.04370508392265117,503,2
0.0,0.00012724265173686224,0.0,20658917,0.00012724265173686224,2,2.0,0.2948073701842546,0.0,4,0.0023426106895125306,0.0002292271705928386,0.00022922717061081988,1.0,0.0009560140207911123,1,3
0.0,0.00012724265173686224,0.0,21552376,0.00012724265173686224,7,7.0,0.33587786259541985,0.0012888952330397678,5,0.010886312779338596,0.0010764392601331394,0.001076439260217477,0.19047619047619047,0.0026415890535047646,4,4
0.0,0.00012724265173686224,0.0,21798586,0.00012724265173686224,1,1.0,0.3595505617977528,0.0,8,0.00994377443066233,0.0009161346390047346,0.0009161346388417992,0.0,0.0006733067828883627,0,0
0.0,0.00012724265173686224,0.0,22006180,0.00012724265173686224,9,8.005390835579515,0.42409638554216866,0.0009535977511826787,8,0.04972111508673539,0.004344034785463842,0.004344034785312254,0.5277777777777778,0.0030013837094939803,19,0
0.0,0.00012724265173686224,0.0002544853034737245,22029787,0.00012724265173686224,1,0.0026954177897574125,0.31233362910381546,0.0,7,0.004345634849941954,4.298651934597685e-09,4.298651934494113e-09,0.0,0.00030382751671548003,0,6
0.0,0.00012724265173686224,0.0,22135526,0.00012724265173686224,3,3.0,0.3268337975858867,3.366193270039424e-05,5,0.009089387716025337,0.0008896990185987325,0.0008896990186554853,0.0,0.0012166335409036838,0,4
0.0,0.00012724265173686224,0.0,22348141,0.00012724265173686224,1,1.0,0.29187396351575456,0.0,2,0.0013707026975899863,0.00013799568941569356,0.00013799568944776596,0.0,0.0006572701341952397,0,2
0.0,0.00038172795521058657,0.00038172795521058657,22359616,0.00038172795521058657,6,6.0,0.37367303609341823,0.00039211097282091853,8,0.024379916588345204,0.0023782419978961122,0.002378241997964715,0.4,0.002337697162044525,6,0
0.0,0.0002544853034737245,0.00012724265173686224,22436706,0.0002544853034737245,3,3.0,0.39154616240266965,0.0,3,0.025171484143142856,0.002413403898481945,0.0024134038982372066,1.0,0.0013377401006663845,3,0
0.0,0.00012724265173686224,0.0,22447627,0.00012724265173686224,0,0.0,0.0,0.0,0,0.0,0.0,0.0,0.0,0.0,0,0
0.0,0.00012724265173686224,0.00012724265173686224,22470188,0.00012724265173686224,2,2.0,0.3764705882352941,0.0,2,0.01814335364961248,0.0016856381946623105,0.0016856381945156698,1.0,0.0009819168220393407,1,0
0.0,0.00012724265173686224,0.0,22607317,0.00012724265173686224,9,9.0,0.3801295896328294,0.005634916840033775,4,0.026668653694130226,0.002570838896096571,0.002570838896111671,0.2777777777777778,0.003414090479088663,10,3
0.0,0.00012724265173686224,0.00012724265173686224,22623059,0.00012724265173686224,5,3.005390835579515,0.39329608938547483,0.005779254578379001,0,0.026838019495925562,0.0023471712231945274,0.0023471712230048124,0.4,0.0015858080721839318,4,0
0.0,0.0002544853034737245,0.00012724265173686224,22874109,0.0002544853034737245,13,12.002695417789758,0.44165621079046424,0.0062672544560856665,4,0.07408234904361975,0.006902647466949841,0.006902647466610303,0.358974358974359,0.004470393000902107,28,5
0.0,0.00012724265173686224,0.0,22906120,0.00012724265173686224,9,9.0,0.38596491228070173,0.0037692987056294805,9,0.026353288561486558,0.002555525436177056,0.0025555254361787853,0.3055555555555556,0.003418746696020827,11,3
0.0,0.0002544853034737245,0.0007634559104211731,23053753,0.0002544853034737245,19,18.002695417789756,0.4215568862275449,0.00586950809087235,0,0.05635901275058278,0.004898072935326924,0.004898072935478785,0.12280701754385964,0.00626492370007084,21,4
0.0,0.00012724265173686224,0.00012724265173686224,23757424,0.00012724265173686224,1,1.0,0.25882352941176473,0.0,9,0.00044329900062012003,4.552324673193334e-05,4.5523246735877394e-05,0.0,0.000780326805159566,0,3
0.0,0.0002544853034737245,0.00038172795521058657,23901130,0.0002544853034737245,8,7.002695417789758,0.42460796139927626,0.001978358419104684,7,0.045840036059550796,0.004197942310612039,0.004197942310315977,0.2857142857142857,0.0026343133952600076,8,3
0.0,0.00012724265173686224,0.0,23910994,0.00012724265173686224,5,5.0,0.35699797160243407,4.407711162761669e-05,9,0.01988412957196026,0.001976389984181255,0.0019763899842765525,0.7,0.0019388618983530454,7,3
0.0,0.00012724265173686224,0.0002544853034737245,24637782,0.00012724265173686224,0,0.0,0.0,0.0,0,0.0,0.0,0.0,0.0,0.0,0,0
0.0,0.00012724265173686224,0.00012724265173686224,24669894,0.00012724265173686224,8,8.0,0.43510506798516685,0.0017494359150885984,4,0.05684122910853056,0.0054086479386545455,0.005408647938350421,0.6785714285714286,0.003083759335843092,19,0
0.0,0.0002544853034737245,0.0005089706069474489,24791335,0.0002544853034737245,7,7.0,0.3602865916069601,0.0005302603449133295,2,0.024462083688850025,0.0023353491674602705,0.0023353491675791056,0.14285714285714285,0.0026227662201679064,3,2
0.0,0.00012724265173686224,0.00012724265173686224,24825958,0.00012724265173686224,15,15.0,0.4433249370277078,0.004690482789435307,0,0.06422877156621751,0.006183555192071331,0.006183555192063903,0.3142857142857143,0.005327182362384229,33,2
0.0,0.00012724265173686224,0.0,25271470,0.00012724265173686224,2,2.0,0.3404255319148936,8.781115140855246e-06,0,0.010447122336299994,0.0009716893975738146,0.0009716893975962907,0.0,0.000905118823217164,0,4
0.0,0.00038172795521058657,0.0,25795054,0.00038172795521058657,3,3.0,0.3394406943105111,0.00018557887270359848,7,0.00982975856592871,0.0009578572492704937,0.0009578572492862112,0.3333333333333333,0.0013354573163675784,1,1
0.0,0.00012724265173686224,0.0,25805982,0.00012724265173686224,20,20.0,0.4444444444444444,0.016776704700030773,5,0.0854849851160192,0.008178798316251241,0.008178798316120992,0.2631578947368421,0.007153355437951106,50,4
0.0,0.00012724265173686224,0.0,25807167,0.00012724265173686224,11,11.0,0.41169590643274856,0.0013246895035071277,0,0.04891341681015532,0.004823536156631206,0.004823536156687329,0.4909090909090909,0.003957577958184521,27,3
0.0,0.00012724265173686224,0.0,25816086,0.00012724265173686224,6,6.0,0.4022857142857143,5.8243654686605395e-05,1,0.0409493687909724,0.0038073921551117027,0.0038073921549772144,0.7333333333333333,0.002226699759821354,11,1
0.0,0.00012724265173686224,0.0,25869897,0.00012724265173686224,1,1.0,0.2716049382716049,0.0,0,0.0009224459324837322,9.359969833050381e-05,9.359969833980232e-05,0.0,0.0006618245097324691,0,5
0.0,0.00012724265173686224,0.0,25877711,0.00012724265173686224,0,0.0,0.0,0.0,0,0.0,0.0,0.0,0.0,0.0,0,0
0.0,0.00012724265173686224,0.0,26112460,0.00012724265173686224,2,2.0,0.34075508228460794,0.0,3,0.00801496779213351,0.000772591141985137,0.0007725911419690268,1.0,0.0009854193681775399,1,0
0.0,0.00012724265173686224,0.0005089706069474489,26142201,0.00012724265173686224,6,6.0,0.39417693169092943,0.0005053988368561822,9,0.03220090227516294,0.0031376705093455553,0.0031376705093044415,0.5333333333333333,0.002299010911855346,8,3
0.0,0.00012724265173686224,0.0017813971243160708,26248642,0.00012724265173686224,1,0.0026954177897574125,0.2745709828393136,0.0,7,0.0014265573543660373,3.7298203343868354e-08,3.729820333793767e-08,0.0,0.0002862607149998895,0,0
0.0,0.0002544853034737245,0.0008906985621580354,26326439,0.0002544853034737245,1,1.0,0.27716535433070866,0.0,0,0.0011242418731198882,0.00011385962046383359,0.00011385962047355143,0.0,0.0006449566249556784,0,2
0.0,0.00012724265173686224,0.00012724265173686224,26403375,0.00012724265173686224,3,1.0053908355795147,0.332703213610586,9.73718739612976e-05,7,0.009111486736411155,0.00023478527711949564,0.00023478527713660045,0.0,0.0006568204297318829,0,1
0.0,0.00012724265173686224,0.0005089706069474489,26452697,0.00012724265173686224,7,6.002695417789758,0.3963963963963964,0.00013609900619614487,2,0.046702754433749154,0.004183108086132219,0.00418310808602361,0.7619047619047619,0.0022288972499302628,16,5
0.0,0.0002544853034737245,0.0,26952244,0.0002544853034737245,1,1.0,0.3595505617977528,0.0,8,0.00994377443066233,0.0009161346390047346,0.0009161346388417992,0.0,0.0006733067828883627,0,0
0.0,0.00012724265173686224,0.0,26966864,0.00012724265173686224,1,1.0,0.3137254901960784,0.0,4,0.004310359515347233,0.0004239759869704132,0.00042397598701429125,0.0,0.00059534289169444,0,1
0.0,0.00012724265173686224,0.0,26986827,0.00012724265173686224,0,0.0,0.0,0.0,0,0.0,0.0,0.0,0.0,0.0,0,0
0.0,0.00012724265173686224,0.00012724265173686224,27406310,0.00012724265173686224,1,1.0,0.2689075630252101,0.0,0,0.0006697478721494239,6.851840857528832e-05,6.851840858610657e-05,0.0,0.0006899932882529769,0,2
0.0,0.00012724265173686224,0.00012724265173686224,27502152,0.00012724265173686224,4,4.0,0.3876651982378855,5.705683810258973e-06,0,0.02774709620076906,0.0026152061097345137,0.002615206109593476,0.8333333333333334,0.0016489069920024605,5,5
0.0,0.00012724265173686224,0.00012724265173686224,27632737,0.00012724265173686224,3,3.0,0.30344827586206896,0.0,9,0.0035823231687283855,0.0003122187782244399,0.00031221877825086166,1.0,0.001320769277405886,3,3
0.0,0.0005089706069474489,0.0007634559104211731,29406736,0.0005089706069474489,16,15.005390835579515,0.41854934601664684,0.019559869977536157,7,0.06444605804465611,0.0056490709051618,0.005649070905198211,0.23333333333333334,0.006198265736800041,28,2
0.0,0.0002544853034737245,0.0007634559104211731,29424561,0.0002544853034737245,7,7.0,0.383025027203482,0.005745841643875565,0,0.028190259258628014,0.0027583173982079104,0.002758317398251999,0.38095238095238093,0.002812783328039915,8,2
0.0,0.00012724265173686224,0.0,29425573,0.00012724265173686224,2,2.0,0.2899505766062603,0.0,5,0.004826011574999987,0.00047108164407657586,0.00047108164408023265,1.0,0.0009273537778640114,1,4
0.0,0.00012724265173686224,0.0,30198833,0.00012724265173686224,3,2.0026954177897576,0.352,3.922197587529841e-05,0,0.013116417097384323,0.000854814668870654,0.0008548146689393225,0.6666666666666666,0.0009594276912309294,2,6
0.0,0.00012724265173686224,0.0,30644882,0.00012724265173686224,0,0.0,0.0,0.0,0,0.0,0.0,0.0,0.0,0.0,0,0
0.0,0.00012724265173686224,0.0,30648851,0.00012724265173686224,1,1.0,0.2916321458160729,0.0,9,0.0019997356953289592,0.00012083706258725345,0.00012083706259286356,0.0,0.0006433222335547409,0,3
0.0,0.00012724265173686224,0.00012724265173686224,30795707,0.00012724265173686224,0,0.0,0.0,0.0,0,0.0,0.0,0.0,0.0,0.0,0,0
0.0,0.00012724265173686224,0.00012724265173686224,31103336,0.00012724265173686224,3,3.0,0.34886025768087214,0.005681818181818182,9,0.01111563348759849,0.001102827876749119,0.0011028278767668605,0.3333333333333333,0.0016559013381695525,1,3
0.0,0.0005089706069474489,0.0002544853034737245,33026792,0.0005089706069474489,4,3.0026954177897576,0.35376884422110555,0.00015665692440828234,8,0.014732078628389761,0.0009758033172025304,0.0009758033172820814,0.16666666666666666,0.001322786699670776,1,4
0.0,0.0005089706069474489,0.0002544853034737245,33803412,0.0005089706069474489,3,0.008086253369272238,0.3235294117647059,0.005732975795281398,2,0.005639440909039234,1.868856045838308e-07,1.8688560462150115e-07,0.0,0.0007674417705648196,0,6
0.0,0.00012724265173686224,0.00038172795521058657,33894316,0.00012724265173686224,12,11.002695417789758,0.4200477326968974,0.0006204983307661696,1,0.07301754526402718,0.006505214976652598,0.006505214976668607,0.6212121212121212,0.003717644964364405,41,1
0.0,0.00012724265173686224,0.0,34228847,0.00012724265173686224,0,0.0,0.0,0.0,0,0.0,0.0,0.0,0.0,0.0,0,0
0.0,0.0002544853034737245,0.0010179412138948977,34472348,0.0002544853034737245,6,6.0,0.38344226579520696,0.0014831607348939084,2,0.027039278663998235,0.002612168384247124,0.0026121683842502477,0.3333333333333333,0.0024541622059800565,5,2
0.0,0.00012724265173686224,0.0,34760378,0.00012724265173686224,5,5.0,0.37091675447839834,0.00037578477963727856,4,0.01950715084138045,0.0018537913068727046,0.001853791306840573,0.4,0.00196746548494423,4,3
0.0,0.00012724265173686224,0.0,35172803,0.00012724265173686224,5,5.0,0.3674321503131524,0.0059294747771467,0,0.016793731239759635,0.0016598994244620203,0.0016598994244301855,0.2,0.00225959229431399,2,2
0.0,0.00012724265173686224,0.0002544853034737245,35466620,0.00012724265173686224,53,53.0,0.46254927726675427,0.07626697722790353,9,0.11053454584267476,0.010718115316597178,0.010718115317570139,0.07764876632801161,0.021255889861300406,107,3
0.0,0.00012724265173686224,0.00012724265173686224,35588686,0.00012724265173686224,1,1.0,0.28711256117455136,0.0,1,0.0022310923137793042,0.00016934662301220616,0.00016934662301712155,0.0,0.0006111725456502731,0,1
0.0,0.00012724265173686224,0.0,35615013,0.00012724265173686224,2,2.0,0.37566702241195304,0.0,3,0.01718293034898091,0.0016898545854497496,0.0016898545853372953,1.0,0.0009607958143756102,1,0
0.0,0.00012724265173686224,0.0,35644750,0.00012724265173686224,0,0.0,0.0,0.0,0,0.0,0.0,0.0,0.0,0.0,0,0
0.0,0.00012724265173686224,0.0002544853034737245,36327171,0.00012724265173686224,15,15.0,0.3893805309734513,0.007006603032081614,5,0.04656542459928828,0.004490220661600814,0.004490220661696679,0.2761904761904762,0.005114868494582621,29,4
0.0,0.00012724265173686224,0.00012724265173686224,36543033,0.00012724265173686224,0,0.0,0.0,0.0,0,0.0,0.0,0.0,0.0,0.0,0,0
0.0,0.0002544853034737245,0.00038172795521058657,36575908,0.0002544853034737245,0,0.0,0.0,0.0,0,0.0,0.0,0.0,0.0,0.0,0,0
0.0,0.0005089706069474489,0.000636213258684311,36951856,0.0005089706069474489,12,11.002695417789758,0.38344226579520696,0.0016387617028073116,5,0.04728214063834727,0.004063450347876353,0.004063450348003155,0.3787878787878788,0.00371876131477609,25,4
0.0,0.00012724265173686224,0.0,37200824,0.00012724265173686224,0,0.0,0.0,0.0,0,0.0,0.0,0.0,0.0,0.0,0,0
0.0,0.00012724265173686224,0.0007634559104211731,37413076,0.00012724265173686224,12,11.002695417789758,0.4018264840182648,0.0008757214736775981,7,0.05850457094042543,0.005086851502048279,0.005086851502083769,0.6212121212121212,0.003652565815466895,41,1
0.0,0.00012724265173686224,0.0005089706069474489,37659338,0.00012724265173686224,3,2.0026954177897576,0.3374880153403643,9.308532722015375e-06,8,0.010640553187915689,0.00039353425655208157,0.00039353425660412035,0.6666666666666666,0.0009645862729671878,2,3
0.0,0.00012724265173686224,0.0010179412138948977,38290921,0.00012724265173686224,12,12.0,0.4195470798569726,0.0021483719983423346,8,0.05572973328998875,0.005262615924914211,0.005262615924808418,0.36363636363636365,0.004419027944022145,24,4
0.0,0.00012724265173686224,0.0005089706069474489,38486565,0.00012724265173686224,1,1.0,0.31626235399820307,0.0,1,0.004506594241316781,0.00044510343594430406,0.00044510343599992065,0.0,0.0006010805247242537,0,1
0.0,0.00038172795521058657,0.000636213258684311,38645535,0.00038172795521058657,6,5.002695417789758,0.34476003917727716,0.00025826827231656467,5,0.015200658078840192,0.0014402680143977375,0.0014402680144986663,0.3333333333333333,0.0018529502957526135,5,4
0.0,0.00012724265173686224,0.0002544853034737245,38650214,0.00012724265173686224,1,1.0,0.284789644012945,0.0,3,0.00125911280834791,0.0001078074431641412,0.00010780744319316825,0.0,0.0006681017773322903,0,0
0.0,0.00012724265173686224,0.00012724265173686224,39206476,0.00012724265173686224,1,1.0,0.31654676258992803,0.0,9,0.004408096008120953,0.00044242933859587886,0.000442429338563779,0.0,0.0006440387352389576,0,3
0.0,0.00012724265173686224,0.0,39237911,0.00012724265173686224,2,2.0,0.30266552020636284,0.0,9,0.004046377073489853,0.00040630764654629725,0.0004063076465620914,1.0,0.0009473626781151408,1,3
0.0,0.00012724265173686224,0.0,39242479,0.00012724265173686224,0,0.0,0.0,0.0,0,0.0,0.0,0.0,0.0,0.0,0,0
0.0,0.00012724265173686224,0.00038172795521058657,39479903,0.00012724265173686224,0,0.0,0.0,0.0,0,0.0,0.0,0.0,0.0,0.0,0,0
0.0,0.00012724265173686224,0.0007634559104211731,39935935,0.00012724265173686224,29,29.0,0.4032073310423826,0.01724053068541845,5,0.09067425052971724,0.008523190796546393,0.008523190796885832,0.1625615763546798,0.009944456470514111,66,4
0.0,0.00012724265173686224,0.00012724265173686224,40198526,0.00012724265173686224,0,0.0,0.0,0.0,0,0.0,0.0,0.0,0.0,0.0,0,0
0.0,0.00012724265173686224,0.00012724265173686224,41973345,0.00012724265173686224,6,6.0,0.43137254901960786,0.0009268229254100397,5,0.03839820926947826,0.0037086378934552346,0.0037086378931669777,0.6,0.0023664789465644752,9,2
0.0,0.00038172795521058657,0.00012724265173686224,42357934,0.00038172795521058657,2,2.0,0.3617677286742035,0.00034974689323419083,4,0.01172504110584451,0.0011489041946522258,0.0011489041945719756,0.0,0.0011136114288424223,0,5
0.0,0.00012724265173686224,0.0,42386242,0.00012724265173686224,0,0.0,0.0,0.0,0,0.0,0.0,0.0,0.0,0.0,0,0
0.0,0.00012724265173686224,0.00038172795521058657,42542097,0.00012724265173686224,10,8.005390835579515,0.4292682926829268,0.000764639104664549,7,0.056017263423563064,0.004862790914430213,0.004862790914198396,0.4666666666666667,0.0028678071616296437,21,1
0.0,0.00038172795521058657,0.000636213258684311,43656765,0.00038172795521058657,3,3.0,0.3174030658250676,8.036514091666682e-05,7,0.008590349976366145,0.000808925517328552,0.0008089255173703364,0.0,0.001347283868704334,0,5
0.0,0.0008906985621580354,0.0016541544725792085,43830965,0.0008906985621580354,5,2.0269541778975744,0.3595505617977528,0.00013449118882255033,7,0.02500499341503207,0.0010681543257632252,0.0010681543257921703,0.5,0.0010699520063671023,5,1
0.0,0.00038172795521058657,0.001272426517368622,46076472,0.00038172795521058657,14,14.0,0.43510506798516685,0.0021703284191058434,1,0.07627170115985565,0.007302166414064651,0.007302166413981872,0.43956043956043955,0.0048353074597819136,40,1
0.0,0.00012724265173686224,0.0,47074796,0.00012724265173686224,1,1.0,0.31654676258992803,0.0,9,0.004408096008120953,0.00044242933859587886,0.000442429338563779,0.0,0.0006440387352389576,0,3
0.0,0.00038172795521058657,0.0005089706069474489,47862321,0.00038172795521058657,12,8.01078167115903,0.411214953271028,0.007143176357641848,9,0.05014454085236279,0.0029273501063769537,0.002927350106475707,0.30303030303030304,0.0032049173505509314,20,3
0.0,0.00012724265173686224,0.00012724265173686224,47940669,0.00012724265173686224,0,0.0,0.0,0.0,0,0.0,0.0,0.0,0.0,0.0,0,0
0.0,0.00012724265173686224,0.00012724265173686224,49477936,0.00012724265173686224,5,5.0,0.39373601789709173,0.0002978514920452543,5,0.03191895420079529,0.0031306974442286205,0.0031306974441246797,0.6,0.0018897402497198197,6,3
0.0,0.00012724265173686224,0.0,51271144,0.00012724265173686224,30,30.0,0.43031784841075793,0.019880842056606323,9,0.07510989149439429,0.0072875202889342355,0.007287520289302646,0.15632183908045977,0.010741998524696733,68,3
0.0,0.00012724265173686224,0.00038172795521058657,52320378,0.00012724265173686224,1,1.0,0.36102564102564105,0.0,2,0.01133242644042028,0.0011091134994213046,0.0011091134993328423,0.0,0.0006165017997202622,0,2
0.0,0.00012724265173686224,0.0,52658551,0.00012724265173686224,0,0.0,0.0,0.0,0,0.0,0.0,0.0,0.0,0.0,0,0
0.0,0.00012724265173686224,0.00012724265173686224,53128314,0.00012724265173686224,4,4.0,0.3613963039014374,4.636824546606961e-05,7,0.024682241402512475,0.0023306640551809445,0.0023306640552342717,0.6666666666666666,0.0015365590870039599,4,3
0.0,0.00012724265173686224,0.0,53645593,0.00012724265173686224,3,3.0,0.34108527131782945,0.00032405921849088686,3,0.010450872435616826,0.0009527112049159377,0.0009527112049547919,0.0,0.001409615670833975,0,2
0.0,0.00012724265173686224,0.00012724265173686224,57455365,0.00012724265173686224,0,0.0,0.0,0.0,0,0.0,0.0,0.0,0.0,0.0,0,0
0.0,0.00012724265173686224,0.0,59699957,0.00012724265173686224,3,3.0,0.3640124095139607,0.00011731776234543545,2,0.014869382606676688,0.001460762377020138,0.001460762376957849,0.3333333333333333,0.001273317157372794,1,2
0.0,0.00012724265173686224,0.0002544853034737245,61348039,0.00012724265173686224,14,14.0,0.38596491228070173,0.009588194313487404,4,0.032073731272026965,0.0029823263982990244,0.002982326398332146,0.08791208791208792,0.00515444648878996,8,3
0.0,0.0005089706069474489,0.0005089706069474489,62208019,0.0005089706069474489,9,8.002695417789758,0.4009111617312073,0.000539614499259455,7,0.04642873812313828,0.004197007613658006,0.004197007613654183,0.2777777777777778,0.0028288735543684036,10,4
0.0,0.00038172795521058657,0.0010179412138948977,64980891,0.00038172795521058657,20,20.0,0.41904761904761906,0.001491912509843357,7,0.1063110303705257,0.010004840103952431,0.010004840104160697,0.5105263157894737,0.006449813920037354,97,1
0.0,0.00012724265173686224,0.0002544853034737245,66562646,0.00012724265173686224,4,3.0026954177897576,0.38219326818675353,0.00037355136085501006,8,0.018901573774103266,0.001595052763832628,0.0015950527636517508,0.3333333333333333,0.0013704665522391263,2,0
0.0,0.00012724265173686224,0.0002544853034737245,68925769,0.00012724265173686224,1,1.0,0.36102564102564105,0.0,2,0.01133242644042028,0.0011091134994213046,0.0011091134993328423,0.0,0.0006165017997202622,0,2
0.0,0.00012724265173686224,0.0002544853034737245,72549881,0.00012724265173686224,4,4.0,0.39154616240266965,0.00036127356931382336,0,0.02748258208538454,0.002699982457229018,0.0026999824570680528,0.6666666666666666,0.0016594735082505832,4,5
0.0,0.00012724265173686224,0.00038172795521058657,72971775,0.00012724265173686224,1,0.0026954177897574125,0.3079615048118985,0.0,7,0.0027557791857383885,6.325891908796385e-07,6.325891910033098e-07,0.0,0.00028426713047635107,0,6
0.0,0.00012724265173686224,0.0,73796523,0.00012724265173686224,0,0.0,0.0,0.0,0,0.0,0.0,0.0,0.0,0.0,0,0
0.0,0.0002544853034737245,0.00012724265173686224,74418780,0.0002544853034737245,4,4.0,0.4180522565320665,0.0,2,0.03885298589395266,0.0037112798675323793,0.0037112798672394665,1.0,0.001635271805902107,6,5
0.0,0.00012724265173686224,0.0,74935998,0.00012724265173686224,3,2.0026954177897576,0.33911368015414256,0.00011878623866724711,0,0.009431482232060607,0.0007112006527370621,0.0007112006527820377,0.3333333333333333,0.0009831032489811438,1,2
0.0,0.00012724265173686224,0.0,77149862,0.00012724265173686224,0,0.0,0.0,0.0,0,0.0,0.0,0.0,0.0,0.0,0,0
0.0,0.00012724265173686224,0.0,77740926,0.00012724265173686224,0,0.0,0.0,0.0,0,0.0,0.0,0.0,0.0,0.0,0,0
0.0,0.00012724265173686224,0.0008906985621580354,79459832,0.00012724265173686224,23,22.002695417789756,0.4565499351491569,0.0176441971632962,4,0.108084867439071,0.010271071838660883,0.010271071838615706,0.32806324110671936,0.0076280857312156156,83,1
0.0,0.00012724265173686224,0.0,80816781,0.00012724265173686224,2,2.0,0.3058210251954822,0.0,0,0.0024463971293351206,0.0002441818011714444,0.0002441818012044987,1.0,0.0010919810128023951,1,2
0.0,0.00012724265173686224,0.0,82382073,0.00012724265173686224,0,0.0,0.0,0.0,0,0.0,0.0,0.0,0.0,0.0,0,0
0.0,0.00012724265173686224,0.0,83315955,0.00012724265173686224,0,0.0,0.0,0.0,0,0.0,0.0,0.0,0.0,0.0,0,0
0.0,0.00012724265173686224,0.0,86218737,0.00012724265173686224,0,0.0,0.0,0.0,0,0.0,0.0,0.0,0.0,0.0,0,0
0.0,0.0002544853034737245,0.00012724265173686224,86277690,0.0002544853034737245,23,23.0,0.46194225721784776,0.0150731627299223,1,0.11300437538549016,0.010782896925167392,0.010782896925050762,0.383399209486166,0.008119792460284252,97,1
0.0,0.00012724265173686224,0.00012724265173686224,93402197,0.00012724265173686224,0,0.0,0.0,0.0,0,0.0,0.0,0.0,0.0,0.0,0,0
0.0,0.0002544853034737245,0.0002544853034737245,98896743,0.0002544853034737245,1,1.0,0.36102564102564105,0.0,2,0.01133242644042028,0.0011091134994213046,0.0011091134993328423,0.0,0.0006165017997202622,0,2
0.0,0.00012724265173686224,0.00038172795521058657,100658892,0.00012724265173686224,3,3.0,0.3371647509578544,0.0003709806987376911,3,0.0067565388877497004,0.0006675572492156462,0.0006675572492107523,0.0,0.0014956811075227312,0,2
0.0,0.00012724265173686224,0.0002544853034737245,103838251,0.00012724265173686224,0,0.0,0.0,0.0,0,0.0,0.0,0.0,0.0,0.0,0,0
0.0,0.00012724265173686224,0.0002544853034737245,106622094,0.00012724265173686224,2,2.0,0.36213991769547327,0.00010628081949031082,2,0.012307934270183464,0.0012055135620245398,0.001205513561933651,0.0,0.0009536445246700978,0,2
0.0,0.0002544853034737245,0.0,107231362,0.0002544853034737245,0,0.0,0.0,0.0,0,0.0,0.0,0.0,0.0,0.0,0,0
0.0,0.00012724265173686224,0.0010179412138948977,110114783,0.00012724265173686224,4,3.0026954177897576,0.37687366167023556,0.01148901614307516,2,0.019087413413747492,0.0014414247795556563,0.0014414247795009648,0.0,0.0017929303941987618,0,2
0.0,0.00012724265173686224,0.0007634559104211731,112959280,0.00012724265173686224,2,2.0,0.34955312810327704,1.1003575189430442e-05,4,0.013489449137096389,0.0013161289820903617,0.001316128982053977,0.0,0.0008998002826930885,0,5
0.0,0.00012724265173686224,0.0,113526488,0.00012724265173686224,0,0.0,0.0,0.0,0,0.0,0.0,0.0,0.0,0.0,0,0
0.0,0.00012724265173686224,0.0,113574722,0.00012724265173686224,0,0.0,0.0,0.0,0,0.0,0.0,0.0,0.0,0.0,0,0
0.0,0.00012724265173686224,0.0,116358110,0.00012724265173686224,1,1.0,0.276078431372549,0.0,3,0.0006908442397983714,6.812767380229222e-05,6.812767382732275e-05,0.0,0.0007849213814422257,0,0
0.0,0.00012724265173686224,0.0002544853034737245,116545134,0.00012724265173686224,3,3.0,0.37486687965921195,0.0,2,0.021394494854995765,0.002051290112695699,0.002051290112649704,1.0,0.0012593543350131692,3,5
0.0,0.00012724265173686224,0.0,117696158,0.00012724265173686224,0,0.0,0.0,0.0,0,0.0,0.0,0.0,0.0,0.0,0,0
0.0,0.00012724265173686224,0.00038172795521058657,124599753,0.00012724265173686224,0,0.0,0.0,0.0,0,0.0,0.0,0.0,0.0,0.0,0,0
0.0,0.00012724265173686224,0.0,125275062,0.00012724265173686224,0,0.0,0.0,0.0,0,0.0,0.0,0.0,0.0,0.0,0,0
0.0,0.00012724265173686224,0.0,125589846,0.00012724265173686224,0,0.0,0.0,0.0,0,0.0,0.0,0.0,0.0,0.0,0,0
0.0,0.00012724265173686224,0.0002544853034737245,129635846,0.00012724265173686224,3,3.0,0.3764705882352941,0.00015286841118325648,2,0.020049406681275965,0.0018570394830647536,0.0018570394829083461,0.6666666666666666,0.001308129124836346,2,1
0.0,0.00012724265173686224,0.0005089706069474489,130123715,0.00012724265173686224,11,11.0,0.4022857142857143,0.008814668511197844,3,0.0369275964884372,0.0035837770016366676,0.0035837770016915573,0.21818181818181817,0.004322088840413607,12,3
0.0,0.00038172795521058657,0.00012724265173686224,130417544,0.00038172795521058657,59,59.0,0.49929078014184397,0.07943523054605445,3,0.1467035124015716,0.014068800113918102,0.014068800114969998,0.1005260081823495,0.02258192975591751,172,0
0.0,0.00012724265173686224,0.0007634559104211731,131179888,0.00012724265173686224,5,5.0,0.390677025527192,8.384148026435975e-05,9,0.035319275383785605,0.0034122960017356294,0.003412296001607099,0.6,0.0018934619054022624,6,3
0.0,0.00012724265173686224,0.00012724265173686224,132445467,0.00012724265173686224,0,0.0,0.0,0.0,0,0.0,0.0,0.0,0.0,0.0,0,0
0.0,0.0002544853034737245,0.000636213258684311,135132634,0.0002544853034737245,15,15.0,0.44221105527638194,0.007614674420694821,5,0.06820270305455896,0.0065531986524864855,0.006553198652329165,0.3523809523809524,0.005253937418864579,37,4
0.0,0.00012724265173686224,0.00012724265173686224,137611265,0.00012724265173686224,0,0.0,0.0,0.0,0,0.0,0.0,0.0,0.0,0.0,0,0
0.0,0.00038172795521058657,0.0010179412138948977,138294089,0.00038172795521058657,17,15.008086253369273,0.4489795918367347,0.00634724025173879,7,0.08853112351404226,0.007516756351802728,0.007516756351743844,0.40441176470588236,0.005235060099234601,55,1
0.0,0.00012724265173686224,0.00038172795521058657,138373439,0.00012724265173686224,2,2.0,0.3179765130984643,9.013230167076321e-06,5,0.006229960084413704,0.0006003539996496556,0.0006003539997239626,0.0,0.0009507113445062047,0,4
0.0,0.00012724265173686224,0.0,141146064,0.00012724265173686224,2,2.0,0.3305164319248826,4.416996209925502e-05,2,0.006350272365081196,0.0006154132726998544,0.0006154132727365051,0.0,0.0009722879278222024,0,2
0.0,0.00012724265173686224,0.0,141680286,0.00012724265173686224,1,1.0,0.2730799069045772,0.0,2,0.0007801767376695659,7.767913683367442e-05,7.767913684772473e-05,0.0,0.0007683908036714808,0,4
0.0,0.0002544853034737245,0.0,144051948,0.0002544853034737245,2,2.0,0.3047619047619048,7.616379212777984e-05,2,0.003449078396931406,0.0003208595661631147,0.00032085956619618206,0.0,0.0010292809986420402,0,2
0.0,0.0002544853034737245,0.0,145331030,0.0002544853034737245,0,0.0,0.0,0.0,0,0.0,0.0,0.0,0.0,0.0,0,0
0.0,0.00012724265173686224,0.0,146668548,0.00012724265173686224,4,4.0,0.36251287332646753,0.0021838011812897176,0,0.012267926380466313,0.0011504622678696003,0.0011504622677233848,0.16666666666666666,0.001976986920088496,1,2
0.0,0.00012724265173686224,0.00012724265173686224,147040855,0.00012724265173686224,2,2.0,0.3292797006548176,0.00017089704968596624,0,0.005750174535961544,0.0005153966278160343,0.0005153966278472102,0.0,0.001528112802744979,0,6
0.0,0.00012724265173686224,0.0,148673335,0.00012724265173686224,0,0.0,0.0,0.0,0,0.0,0.0,0.0,0.0,0.0,0,0
0.0,0.00012724265173686224,0.0,157948722,0.00012724265173686224,3,2.0026954177897576,0.3793103448275862,0.000285722537758304,2,0.016557104780009026,0.0011967913394348704,0.0011967913393625025,0.3333333333333333,0.0010112286806497847,1,2
0.0,0.00012724265173686224,0.0,160528143,0.00012724265173686224,0,0.0,0.0,0.0,0,0.0,0.0,0.0,0.0,0.0,0,0
0.0,0.0007634559104211731,0.002672095686474106,162266849,0.0007634559104211731,22,21.002695417789756,0.45478036175710596,0.007511022653536067,7,0.1099210173336311,0.010149817305954895,0.010149817305879825,0.3593073593073593,0.007089643558789945,83,1
0.0,0.00012724265173686224,0.0002544853034737245,169050594,0.00012724265173686224,4,1.0107816711590296,0.33396584440227706,0.0006513301516895369,0,0.010302130919649887,2.1673774418294527e-05,2.16737744182976e-05,0.0,0.0010224621512617165,0,6
0.0,0.00012724265173686224,0.0002544853034737245,169326150,0.00012724265173686224,3,3.0,0.341747572815534,4.2771913509968856e-05,4,0.012701904001307046,0.0012245531300967248,0.0012245531302433816,0.0,0.0012756887065157208,0,5
0.0,0.0007634559104211731,0.0017813971243160708,169833243,0.0007634559104211731,13,10.013477088948788,0.4444444444444444,0.009658560185293352,7,0.06910218007771113,0.005685519892726586,0.005685519892472108,0.3717948717948718,0.004048412322344102,29,6
0.0,0.0002544853034737245,0.00038172795521058657,177134723,0.0002544853034737245,16,14.005390835579515,0.4495530012771392,0.003400300927566359,1,0.07740088248611052,0.006493461606592207,0.006493461606386286,0.3416666666666667,0.005002176173121473,41,1
0.0,0.0002544853034737245,0.0005089706069474489,178183112,0.0002544853034737245,15,15.0,0.37486687965921195,0.005741867565198267,5,0.03821796390559839,0.0035300903540105033,0.0035300903542851776,0.1523809523809524,0.005351554386786252,16,3
0.0,0.0002544853034737245,0.0,181965556,0.0002544853034737245,5,5.0,0.3764705882352941,6.723413818019504e-05,0,0.029282519599699013,0.0027778806727907722,0.0027778806727913998,0.6,0.0018852790009074051,6,5
0.0,0.00012724265173686224,0.0,183950893,0.00012724265173686224,2,1.0026954177897573,0.37727759914255093,0.00011886238664051244,2,0.015678061290362234,0.001109117798073239,0.001109117797984777,0.0,0.0006370431974555724,0,6
0.0,0.0005089706069474489,0.0011451838656317598,187138183,0.0005089706069474489,19,19.0,0.4282238442822384,0.006422672599977545,7,0.08243410128403782,0.007800011147827168,0.007800011147930238,0.28654970760233917,0.006636245331133239,49,1
0.0,0.00012724265173686224,0.0,187482736,0.00012724265173686224,3,3.0,0.3617677286742035,0.005753174665051833,0,0.01191985855241718,0.00111472632234245,0.0011147263221920702,0.0,0.0017694301237360683,0,2
0.0,0.0002544853034737245,0.0,189467550,0.0002544853034737245,12,12.0,0.41025641025641024,0.008830371701576254,0,0.049075447403191676,0.004764987895857452,0.0047649878959423715,0.2878787878787879,0.004848848222466721,19,2
0.0,0.00012724265173686224,0.0,191741196,0.00012724265173686224,2,1.0026954177897573,0.3602865916069601,0.005681818181818182,8,0.009959614306770642,0.0009161346503460254,0.0009161346501830896,0.0,0.0009302893070758426,0,0
0.0,0.00038172795521058657,0.0010179412138948977,193700451,0.00038172795521058657,25,25.0,0.4155844155844156,0.006986278136516072,7,0.09800239113685835,0.009329319722018177,0.009329319722277823,0.25666666666666665,0.008268870892422356,77,1
0.0,0.00012724265173686224,0.0,197390159,0.00012724265173686224,0,0.0,0.0,0.0,0,0.0,0.0,0.0,0.0,0.0,0,0
0.0,0.0011451838656317598,0.0013996691691054845,198773386,0.0011451838656317598,14,12.008086253369273,0.4074074074074074,0.002786007218511094,7,0.061823087738443847,0.005411284157552117,0.005411284157787149,0.2857142857142857,0.004139826158578943,26,3
0.0,0.00012724265173686224,0.00012724265173686224,198789305,0.00012724265173686224,0,0.0,0.0,0.0,0,0.0,0.0,0.0,0.0,0.0,0,0
0.0,0.00012724265173686224,0.00012724265173686224,201303134,0.00012724265173686224,2,2.0,0.36666666666666664,0.0,2,0.0139024613477049,0.0013422995242227877,0.0013422995241512987,1.0,0.0009883111961879205,1,2
0.0,0.00012724265173686224,0.0,204064491,0.00012724265173686224,0,0.0,0.0,0.0,0,0.0,0.0,0.0,0.0,0.0,0,0
0.0,0.00012724265173686224,0.0,207602032,0.00012724265173686224,0,0.0,0.0,0.0,0,0.0,0.0,0.0,0.0,0.0,0,0
0.0,0.00012724265173686224,0.0,208955370,0.00012724265173686224,0,0.0,0.0,0.0,0,0.0,0.0,0.0,0.0,0.0,0,0
0.0,0.00012724265173686224,0.00012724265173686224,211035012,0.00012724265173686224,0,0.0,0.0,0.0,0,0.0,0.0,0.0,0.0,0.0,0,0
0.0,0.00012724265173686224,0.0,216316484,0.00012724265173686224,1,1.0,0.26506024096385544,0.0,8,0.0003972138372374175,3.7881348824637834e-05,3.788134884407684e-05,0.0,0.000988190652344882,0,0
0.0,0.00012724265173686224,0.0,217418435,0.00012724265173686224,3,3.0,0.3142857142857143,0.00027644575731496985,4,0.004374844284158794,0.0004341273239739077,0.00043412732398536715,0.3333333333333333,0.0013445585783414336,1,3
0.0,0.0002544853034737245,0.0,219552179,0.0002544853034737245,5,5.0,0.41411764705882353,0.0,8,0.033366903858699816,0.0032243461683543763,0.003224346168154568,1.0,0.0020049548232956545,10,3
0.0,0.00012724265173686224,0.0,219582605,0.00012724265173686224,1,1.0,0.36102564102564105,0.0,2,0.01133242644042028,0.0011091134994213046,0.0011091134993328423,0.0,0.0006165017997202622,0,2
0.0,0.00012724265173686224,0.00012724265173686224,220616405,0.00012724265173686224,5,5.0,0.38852097130242824,0.00025327207157648673,5,0.031682678884981726,0.0030510748394311183,0.003051074839369022,0.7,0.001855233857514075,7,3
0.0,0.0002544853034737245,0.00012724265173686224,229376260,0.0002544853034737245,8,8.0,0.41169590643274856,0.006646114081824319,2,0.03436967664041891,0.003343028103102302,0.0033430281029260237,0.32142857142857145,0.0033229269240944424,9,2
0.0,0.00012724265173686224,0.0,230010114,0.00012724265173686224,3,3.0,0.4131455399061033,0.00020852399684693698,9,0.02568429687920356,0.002467677477021918,0.00246767747673842,0.6666666666666666,0.0013672750798872427,2,2
0.0,0.00012724265173686224,0.0,236234481,0.00012724265173686224,0,0.0,0.0,0.0,0,0.0,0.0,0.0,0.0,0.0,0,0
0.0,0.00012724265173686224,0.00012724265173686224,236729223,0.00012724265173686224,6,5.002695417789758,0.3977401129943503,0.0008195342874428307,7,0.031327524336557236,0.0025358029198800447,0.0025358029197199267,0.3333333333333333,0.0019248137069833202,5,1
0.0,0.00012724265173686224,0.0008906985621580354,236763329,0.00012724265173686224,25,25.0,0.4589308996088657,0.008613109131196776,0,0.08604244556518802,0.008244174666787086,0.008244174666844222,0.26666666666666666,0.00893457725633099,80,3
0.0,0.00012724265173686224,0.00012724265173686224,236880390,0.00012724265173686224,3,3.0,0.38054054054054054,7.270399018155257e-06,2,0.021230124649687106,0.001953679528291339,0.001953679528193376,0.6666666666666666,0.001303431778798257,2,4
0.0,0.00012724265173686224,0.00012724265173686224,238103606,0.00012724265173686224,3,3.0,0.3752665245202559,0.005681818181818181,2,0.019563117247641496,0.0018818235450372312,0.0018818235449641308,0.3333333333333333,0.0016163550733769522,1,4
0.0,0.00012724265173686224,0.0,238128770,0.00012724265173686224,8,8.0,0.35845213849287166,0.00033937725063792624,7,0.031181144454093424,0.0029123767404131925,0.0029123767405350646,0.25,0.002886935092162359,7,1
0.0,0.00012724265173686224,0.0,239964366,0.00012724265173686224,42,41.00269541778976,0.48484848484848486,0.03964597627367752,0,0.13388561944597074,0.01246411776151296,0.012464117761808925,0.15911730545876887,0.015215916243729179,137,2
0.0,0.00012724265173686224,0.0,245299702,0.00012724265173686224,1,1.0,0.3595505617977528,0.0,8,0.00994377443066233,0.0009161346390047346,0.0009161346388417992,0.0,0.0006733067828883627,0,0
0.0,0.0002544853034737245,0.0021631250795266575,247696871,0.0002544853034737245,18,18.0,0.4155844155844156,0.005540224729992314,5,0.0650124183984943,0.006200461792072857,0.006200461792154299,0.22875816993464052,0.00609308584425133,35,4
0.0,0.00012724265173686224,0.0,252930973,0.00012724265173686224,9,9.0,0.39285714285714285,0.002880203159518079,9,0.02863386924503405,0.0027547105422273464,0.0027547105422178254,0.3333333333333333,0.003479555841462531,12,3
0.00012724265173686224,0.0,0.0010179412138948977,254941287,0.00012724265173686224,22,22.0,0.4261501210653753,0.0036679679809079103,1,0.10311823171878062,0.009680568566129954,0.009680568566288144,0.37662337662337664,0.007244896093848794,87,1
0.0,0.00012724265173686224,0.0002544853034737245,258750822,0.00012724265173686224,9,8.002695417789758,0.44388398486759145,0.006729121911281108,3,0.056959423213425675,0.005013531283530236,0.005013531283204734,0.4444444444444444,0.003350736662328415,16,6
0.0,0.00012724265173686224,0.00038172795521058657,259406566,0.00012724265173686224,3,2.0026954177897576,0.37687366167023556,0.0,3,0.01888104933929758,0.0014975982084122342,0.0014975982082254373,1.0,0.0010184674146778315,3,0
0.0,0.00012724265173686224,0.0,260581939,0.00012724265173686224,1,1.0,0.2701458173445894,0.0,3,0.0005391248454156418,5.37936807068977e-05,5.379368071998319e-05,0.0,0.0007887259016260303,0,2
0.0,0.00012724265173686224,0.0010179412138948977,261162002,0.00012724265173686224,9,3.0215633423180597,0.34955312810327704,0.0067907246295154,4,0.019745270374389903,0.0004994748428235021,0.0004994748428937087,0.0,0.0016626501405101052,0,0
0.0,0.0002544853034737245,0.0007634559104211731,262389370,0.0002544853034737245,2,2.0,0.3182640144665461,3.931253931253932e-06,7,0.007040606272670773,0.0006401283613746283,0.0006401283614427911,0.0,0.0009494022680542905,0,1
0.0,0.00012724265173686224,0.00012724265173686224,266503061,0.00012724265173686224,5,5.0,0.3764705882352941,0.0002097226336285155,7,0.02768116588121713,0.002605493637330503,0.0026054936373695707,0.3,0.0018835549418739132,3,3
0.0,0.00012724265173686224,0.0,266723506,0.00012724265173686224,1,0.0026954177897574125,0.27848101265822783,0.0,8,0.0008568741388453668,1.0195866989512046e-07,1.0195866994711698e-07,0.0,0.0002856790410552777,0,6
0.0,0.00012724265173686224,0.0,267133998,0.00012724265173686224,7,7.0,0.3968432919954904,0.001183662729355798,9,0.03659095655713448,0.003584985514012822,0.003584985513927339,0.23809523809523808,0.0025391705076401204,5,3
0.0,0.00012724265173686224,0.0,270742181,0.00012724265173686224,0,0.0,0.0,0.0,0,0.0,0.0,0.0,0.0,0.0,0,0
0.0,0.00038172795521058657,0.0,275622946,0.00038172795521058657,21,21.0,0.3846994535519126,0.00716132435034005,1,0.0552332547390018,0.005196070828394115,0.005196070828906715,0.10476190476190476,0.00734728228292535,22,1
0.0,0.0002544853034737245,0.000636213258684311,279914449,0.0002544853034737245,0,0.0,0.0,0.0,0,0.0,0.0,0.0,0.0,0.0,0,0
0.0,0.00012724265173686224,0.0002544853034737245,280974913,0.00012724265173686224,1,0.0026954177897574125,0.30823117338003503,0.0,7,0.0030576335085664244,7.576866746940739e-07,7.57686674796665e-07,0.0,0.0002842216738911305,0,1
0.0,0.00012724265173686224,0.0,281868409,0.00012724265173686224,2,2.0,0.37808807733619765,0.00020852399684693698,9,0.01435187043878328,0.0013585639776006137,0.0013585639774055783,0.0,0.0010340593991471504,0,0
0.0,0.00012724265173686224,0.0,287061857,0.00012724265173686224,0,0.0,0.0,0.0,0,0.0,0.0,0.0,0.0,0.0,0,0
0.0,0.00012724265173686224,0.00012724265173686224,287591876,0.00012724265173686224,1,1.0,0.34476003917727716,0.0,4,0.009377205803919902,0.0009165281734487641,0.0009165281733909547,0.0,0.0006034254221028438,0,5
0.0,0.0007634559104211731,0.0010179412138948977,289846547,0.0007634559104211731,3,2.0026954177897576,0.37687366167023556,0.0006213185526005229,2,0.020388879798215798,0.001878719013748775,0.0018787190136766601,0.3333333333333333,0.0009275047609463481,1,6
0.0,0.0002544853034737245,0.00012724265173686224,291612312,0.0002544853034737245,6,6.0,0.37130801687763715,0.0013843803304083027,5,0.030344084563450426,0.0028890437561140585,0.002889043756155861,0.5333333333333333,0.0022366206258591817,8,4
0.0,0.0005089706069474489,0.00038172795521058657,292419947,0.0005089706069474489,1,1.0,0.31654676258992803,0.0,9,0.004408096008120953,0.00044242933859587886,0.000442429338563779,0.0,0.0006440387352389576,0,3
0.0,0.00012724265173686224,0.0,292838364,0.00012724265173686224,0,0.0,0.0,0.0,0,0.0,0.0,0.0,0.0,0.0,0,0
0.0,0.00012724265173686224,0.00012724265173686224,297245835,0.00012724265173686224,0,0.0,0.0,0.0,0,0.0,0.0,0.0,0.0,0.0,0,0
0.0,0.00012724265173686224,0.0,297592019,0.00012724265173686224,0,0.0,0.0,0.0,0,0.0,0.0,0.0,0.0,0.0,0,0
0.0,0.0002544853034737245,0.00012724265173686224,298498586,0.0002544853034737245,10,10.0,0.3893805309734513,0.006992031527101938,2,0.022041866780107347,0.0021239439717698565,0.0021239439716995187,0.1111111111111111,0.004156912935024372,5,2
0.0,0.00012724265173686224,0.0,300215343,0.00012724265173686224,1,1.0,0.3595505617977528,0.0,8,0.00994377443066233,0.0009161346390047346,0.0009161346388417992,0.0,0.0006733067828883627,0,0
0.0,0.00012724265173686224,0.00012724265173686224,300641932,0.00012724265173686224,7,7.0,0.3724867724867725,0.006491492101117576,0,0.023130447966853655,0.002267508668332126,0.0022675086683445855,0.09523809523809523,0.002943957582404267,2,5
0.0,0.0002544853034737245,0.00012724265173686224,303055206,0.0002544853034737245,2,2.0,0.27936507936507937,3.237503237503238e-05,9,0.0013899669220104444,0.00011491601952549496,0.00011491601953368687,0.0,0.0013590284434983697,0,6
0.0,0.0002544853034737245,0.00012724265173686224,308870516,0.0002544853034737245,2,2.0,0.36666666666666664,0.0,2,0.01705120961584406,0.0016377136139166426,0.0016377136138401797,1.0,0.0009266970648185821,1,2
0.0,0.00012724265173686224,0.0,320984413,0.00012724265173686224,0,0.0,0.0,0.0,0,0.0,0.0,0.0,0.0,0.0,0,0
0.0,0.00012724265173686224,0.00012724265173686224,324309993,0.00012724265173686224,0,0.0,0.0,0.0,0,0.0,0.0,0.0,0.0,0.0,0,0
0.0,0.00012724265173686224,0.0,327312396,0.00012724265173686224,0,0.0,0.0,0.0,0,0.0,0.0,0.0,0.0,0.0,0,0
0.0,0.00012724265173686224,0.00012724265173686224,327926324,0.00012724265173686224,6,6.0,0.3516483516483517,3.872765395113998e-05,7,0.02846233172282588,0.002606450632948211,0.002606450632972994,0.6666666666666666,0.0020966552781345226,10,1
0.0,0.00012724265173686224,0.0002544853034737245,331379045,0.00012724265173686224,1,1.0,0.22842310188189488,0.0,7,0.00010264929125037764,9.642033793585721e-06,9.642033792780018e-06,0.0,0.0009726949751809504,0,2
0.0,0.0002544853034737245,0.0005089706069474489,334921581,0.0002544853034737245,5,5.0,0.34075508228460794,0.00025745749166320944,3,0.012545210139642254,0.0010022009463156879,0.0010022009464009441,0.1,0.0024796416396413107,1,0
0.0,0.0002544853034737245,0.0005089706069474489,337995180,0.0002544853034737245,16,13.008086253369273,0.43084455324357407,0.0023869011982096313,1,0.0786323324611726,0.006375995483797815,0.006375995483724429,0.39166666666666666,0.004462095170684437,47,1
0.0,0.000636213258684311,0.0021631250795266575,340376505,0.000636213258684311,61,58.00808625336928,0.49577464788732395,0.034424776176555066,7,0.21365976479579463,0.019038867394471186,0.01903886739532521,0.17704918032786884,0.019292083939264397,324,1
0.0,0.0002544853034737245,0.000636213258684311,342065781,0.0002544853034737245,8,8.0,0.36065573770491804,0.004614609134194292,7,0.02603164023881575,0.002336732076252615,0.002336732076304887,0.17857142857142858,0.0034445723657005817,5,1
0.0,0.0005089706069474489,0.0016541544725792085,347048522,0.0005089706069474489,18,14.013477088948788,0.44783715012722647,0.004969570421938778,4,0.07920370458617262,0.005867647702161861,0.00586764770207693,0.3006535947712418,0.005092778349825477,46,5
0.0,0.00012724265173686224,0.00038172795521058657,350209691,0.00012724265173686224,5,5.0,0.35772357723577236,9.546919633360969e-06,7,0.033444653817626124,0.0031320353237058126,0.0031320353237019815,0.9,0.0017780735692355394,9,1
0.0,0.0005089706069474489,0.0011451838656317598,359236505,0.0005089706069474489,57,53.0134770889488,0.5,0.03432924444158196,7,0.20888590522049855,0.0187151263426693,0.018715126343432236,0.20238095238095238,0.01744420646710855,323,1
0.0,0.00012724265173686224,0.0010179412138948977,365105604,0.00012724265173686224,9,8.002695417789758,0.39417693169092943,0.0017875957156286146,4,0.03793090540818044,0.003470111104535422,0.003470111104524113,0.2222222222222222,0.0028817768321291915,8,5
0.0,0.00012724265173686224,0.0005089706069474489,366531168,0.00012724265173686224,1,1.0,0.26586102719033233,0.0,0,0.0004753887201978213,4.601439850477955e-05,4.601439852397949e-05,0.0,0.0008149562458008549,0,2
0.0,0.00012724265173686224,0.0,373336615,0.00012724265173686224,1,1.0,0.3595505617977528,0.0,8,0.00994377443066233,0.0009161346390047346,0.0009161346388417992,0.0,0.0006733067828883627,0,0
0.0,0.00012724265173686224,0.0,374382454,0.00012724265173686224,3,3.0,0.4032073310423826,0.00030993691108438,8,0.02251963929184265,0.0021454671206704913,0.0021454671204171414,0.3333333333333333,0.0013312584578243976,1,2
0.0,0.00012724265173686224,0.0,375594832,0.00012724265173686224,0,0.0,0.0,0.0,0,0.0,0.0,0.0,0.0,0.0,0,0
0.0,0.00012724265173686224,0.0,376749138,0.00012724265173686224,0,0.0,0.0,0.0,0,0.0,0.0,0.0,0.0,0.0,0,0
0.0,0.00012724265173686224,0.0005089706069474489,380758879,0.00012724265173686224,0,0.0,0.0,0.0,0,0.0,0.0,0.0,0.0,0.0,0,0
0.0,0.00012724265173686224,0.0007634559104211731,383446627,0.00012724265173686224,5,4.002695417789758,0.36065573770491804,7.50092240505422e-05,4,0.021872973494919238,0.0019233871889161214,0.0019233871889721358,0.3,0.0015651352298157774,3,5
0.0,0.00012724265173686224,0.0,383603196,0.00012724265173686224,2,2.0,0.3244239631336406,4.2877647044313716e-06,7,0.007619890008989587,0.0007415327597533295,0.0007415327598254084,0.0,0.000905058805372849,0,1
0.0,0.00012724265173686224,0.00012724265173686224,383943798,0.00012724265173686224,0,0.0,0.0,0.0,0,0.0,0.0,0.0,0.0,0.0,0,0
0.0,0.00012724265173686224,0.0,397232216,0.00012724265173686224,0,0.0,0.0,0.0,0,0.0,0.0,0.0,0.0,0.0,0,0
0.0,0.00012724265173686224,0.0,401144533,0.00012724265173686224,1,1.0,0.2875816993464052,0.0,5,0.0036159261316656144,0.00035182581594462344,0.00035182581594204413,0.0,0.000591859061285694,0,4
0.0,0.00012724265173686224,0.0,402612676,0.00012724265173686224,3,3.0,0.3876651982378855,0.00020852399684693698,9,0.02020237434734391,0.001939305063629059,0.0019393050634100312,0.6666666666666666,0.0013783534138024983,2,0
0.0,0.00012724265173686224,0.0,404060390,0.00012724265173686224,6,6.0,0.38177874186550975,0.0009936141322846857,2,0.025349390271350712,0.0024446368105454077,0.002444636810602513,0.26666666666666666,0.0023672862089182166,4,2
0.0,0.00012724265173686224,0.0,404838497,0.00012724265173686224,1,1.0,0.3333333333333333,0.0,3,0.005850503908560627,0.0005807410860284456,0.000580741086004453,0.0,0.0006275801336355178,0,0
0.0,0.00012724265173686224,0.0,405372860,0.00012724265173686224,0,0.0,0.0,0.0,0,0.0,0.0,0.0,0.0,0.0,0,0
0.0,0.00012724265173686224,0.0,406075350,0.00012724265173686224,1,1.0,0.332703213610586,0.0,5,0.006689857957874438,0.0006585193999514824,0.0006585194000013914,0.0,0.0005932171414081476,0,3
0.0,0.00012724265173686224,0.0,406835617,0.00012724265173686224,1,1.0,0.36102564102564105,0.0,2,0.01133242644042028,0.0011091134994213046,0.0011091134993328423,0.0,0.0006165017997202622,0,2
0.0,0.00012724265173686224,0.0,408202188,0.00012724265173686224,0,0.0,0.0,0.0,0,0.0,0.0,0.0,0.0,0.0,0,0
0.0,0.00038172795521058657,0.0002544853034737245,412967063,0.00038172795521058657,4,4.0,0.36666666666666664,0.00252132769363107,2,0.013724218502694908,0.0012855282502175034,0.0012855282500652827,0.0,0.0018322660280726396,0,2
0.0,0.00012724265173686224,0.0,414244661,0.00012724265173686224,3,3.0,0.28711256117455136,0.0004009460787833063,3,0.003791434116339185,0.00036693588600872937,0.0003669358859710669,0.0,0.0013936738070391421,0,3
0.0,0.00012724265173686224,0.0,414621260,0.00012724265173686224,4,4.0,0.36666666666666664,0.00014240082664174187,7,0.022444707713863553,0.0021543424888181895,0.0021543424888009095,0.3333333333333333,0.0015270062789617333,2,4
0.0,0.00012724265173686224,0.0,417778462,0.00012724265173686224,0,0.0,0.0,0.0,0,0.0,0.0,0.0,0.0,0.0,0,0
0.0,0.00012724265173686224,0.0002544853034737245,417901178,0.00012724265173686224,2,2.0,0.3247232472324723,2.1302623295268897e-05,3,0.004436030326809595,0.00039880186268168954,0.00039880186274067405,0.0,0.0010182064234115116,0,6
0.0,0.00012724265173686224,0.0,419092341,0.00012724265173686224,1,1.0,0.2909090909090909,0.0,3,0.0021644638835728834,0.00019185005595669132,0.00019185005596457385,0.0,0.000641125353522192,0,3
0.0,0.0002544853034737245,0.00012724265173686224,424617920,0.0002544853034737245,6,6.0,0.37566702241195304,0.00018164018701126634,1,0.031098879589424033,0.0029788825936137163,0.002978882593599756,0.26666666666666666,0.00213399156484934,4,1
0.0,0.00012724265173686224,0.00038172795521058657,428645761,0.00012724265173686224,0,0.0,0.0,0.0,0,0.0,0.0,0.0,0.0,0.0,0,0
0.0,0.00012724265173686224,0.00012724265173686224,430570815,0.00012724265173686224,0,0.0,0.0,0.0,0,0.0,0.0,0.0,0.0,0.0,0,0
0.0,0.00038172795521058657,0.0015269118208423465,431658017,0.00038172795521058657,12,10.005390835579515,0.4126611957796014,0.0014411429088937837,1,0.06664936427233498,0.005669417947856577,0.005669417947914669,0.4090909090909091,0.0034662493346335863,27,1
0.0,0.0002544853034737245,0.0002544853034737245,433015295,0.0002544853034737245,1,1.0,0.3595505617977528,0.0,8,0.00994377443066233,0.0009161346390047346,0.0009161346388417992,0.0,0.0006733067828883627,0,0
0.0,0.00012724265173686224,0.0,434500296,0.00012724265173686224,0,0.0,0.0,0.0,0,0.0,0.0,0.0,0.0,0.0,0,0
0.0,0.00038172795521058657,0.0,435515048,0.00038172795521058657,2,2.0,0.37687366167023556,0.0,4,0.020709632244340182,0.002025641672870069,0.002025641672723797,1.0,0.0009366411028429362,1,5
0.0,0.0002544853034737245,0.000636213258684311,436502521,0.0002544853034737245,17,16.002695417789756,0.4230769230769231,0.004634608065234033,7,0.07793655819771292,0.0071680057722643764,0.007168005772207672,0.3014705882352941,0.005467892263237969,41,1
0.0,0.00012724265173686224,0.0002544853034737245,444593393,0.00012724265173686224,2,2.0,0.3247232472324723,0.0,9,0.0074034964910997475,0.0007432483432500633,0.0007432483432221826,1.0,0.0009662429568984864,1,3
0.0,0.00012724265173686224,0.0,453509593,0.00012724265173686224,1,1.0,0.3595505617977528,0.0,8,0.00994377443066233,0.0009161346390047346,0.0009161346388417992,0.0,0.0006733067828883627,0,0
0.0,0.00012724265173686224,0.0,454683323,0.00012724265173686224,0,0.0,0.0,0.0,0,0.0,0.0,0.0,0.0,0.0,0,0
0.0,0.00012724265173686224,0.0,458151092,0.00012724265173686224,0,0.0,0.0,0.0,0,0.0,0.0,0.0,0.0,0.0,0,0
0.0,0.000636213258684311,0.0011451838656317598,465311165,0.000636213258684311,2,2.0,0.27435697583788,0.005681818181818182,2,0.0007624101797204055,5.9601626837090833e-05,5.9601626847817835e-05,0.0,0.0018231092736794065,0,2
0.0,0.00012724265173686224,0.00012724265173686224,467193917,0.00012724265173686224,0,0.0,0.0,0.0,0,0.0,0.0,0.0,0.0,0.0,0,0
0.0,0.00012724265173686224,0.00012724265173686224,472892458,0.00012724265173686224,2,2.0,0.37367303609341823,0.0,8,0.017555148432265907,0.0016081039565918438,0.0016081039564464152,1.0,0.0009791022977150576,1,0
0.0,0.00012724265173686224,0.0002544853034737245,476350851,0.00012724265173686224,1,0.0026954177897574125,0.2825040128410915,0.0,0,0.0010703281195519954,2.611538035039721e-07,2.611538035803149e-07,0.0,0.00028456694522818423,0,0
0.0,0.00012724265173686224,0.0,481530445,0.00012724265173686224,0,0.0,0.0,0.0,0,0.0,0.0,0.0,0.0,0.0,0,0
0.0,0.00012724265173686224,0.0,481714389,0.00012724265173686224,0,0.0,0.0,0.0,0,0.0,0.0,0.0,0.0,0.0,0,0
0.0,0.0007634559104211731,0.0019086397760529328,482583016,0.0007634559104211731,15,13.008086253369273,0.409778812572759,0.0013204159270274038,7,0.07823931851674414,0.006542829610102206,0.006542829610192763,0.5238095238095238,0.0043132438755965705,55,1
0.0,0.00012724265173686224,0.0,505782890,0.00012724265173686224,0,0.0,0.0,0.0,0,0.0,0.0,0.0,0.0,0.0,0,0
0.0,0.00012724265173686224,0.0,522628807,0.00012724265173686224,3,3.0,0.3697478991596639,0.005801076925886101,3,0.013518389626334391,0.0013031840859355057,0.0013031840858540391,0.0,0.001683831831265643,0,2
0.0,0.0002544853034737245,0.0005089706069474489,526411749,0.0002544853034737245,6,5.002695417789758,0.3689727463312369,1.8356099499045184e-05,7,0.040269845897219436,0.0033347244042465293,0.0033347244042841533,0.8,0.0018023745194243055,12,1
0.0,0.00012724265173686224,0.0,532049060,0.00012724265173686224,0,0.0,0.0,0.0,0,0.0,0.0,0.0,0.0,0.0,0,0
0.0,0.00012724265173686224,0.0,535180227,0.00012724265173686224,1,1.0,0.3333333333333333,0.0,3,0.005850503908560627,0.0005807410860284456,0.000580741086004453,0.0,0.0006275801336355178,0,0
0.0,0.00012724265173686224,0.0002544853034737245,537027271,0.00012724265173686224,2,2.0,0.38054054054054054,0.0,4,0.01932098023458223,0.001832662812453499,0.0018326628122327538,1.0,0.0009934460860110364,1,5
0.0,0.00012724265173686224,0.00012724265173686224,538056844,0.00012724265173686224,2,2.0,0.3474827245804541,0.0,4,0.010925352794677526,0.0010663558716030093,0.0010663558715557223,1.0,0.0009258118609634081,1,5
0.0,0.00012724265173686224,0.00012724265173686224,543218867,0.00012724265173686224,3,3.0,0.3499005964214712,0.00010445084657352922,7,0.017729493501969985,0.0016461074622777007,0.0016461074622832507,0.3333333333333333,0.0012528329071035361,1,1
0.0,0.0008906985621580354,0.003308308945158417,545159350,0.0008906985621580354,12,1.097035040431266,0.37808807733619765,0.007392389363574654,7,0.03577295290089613,0.00033522494551024515,0.00033522494554508034,0.13636363636363635,0.0013449332159618473,9,0
0.0,0.00012724265173686224,0.0005089706069474489,546641586,0.00012724265173686224,10,7.01078167115903,0.3872387238723872,0.001372916217289719,7,0.039199239409755,0.002736374649447618,0.002736374649598596,0.13333333333333333,0.002567865848368821,6,4
0.0,0.00012724265173686224,0.00012724265173686224,549246199,0.00012724265173686224,0,0.0,0.0,0.0,0,0.0,0.0,0.0,0.0,0.0,0,0
0.0,0.00012724265173686224,0.0,552264392,0.00012724265173686224,0,0.0,0.0,0.0,0,0.0,0.0,0.0,0.0,0.0,0,0
0.0,0.00012724265173686224,0.0,554796154,0.00012724265173686224,0,0.0,0.0,0.0,0,0.0,0.0,0.0,0.0,0.0,0,0
0.0,0.0002544853034737245,0.00012724265173686224,556661091,0.0002544853034737245,23,20.008086253369267,0.409778812572759,0.02029519686195855,3,0.05427520980082076,0.0046476823392630805,0.004647682339403644,0.09881422924901186,0.007956360841654077,25,3
0.0,0.00012724265173686224,0.0002544853034737245,569586545,0.00012724265173686224,1,0.0026954177897574125,0.31233362910381546,0.0,7,0.004345634849941954,4.298651934597685e-09,4.298651934494113e-09,0.0,0.00030382751671548003,0,6
0.0,0.00012724265173686224,0.0005089706069474489,569870574,0.00012724265173686224,1,1.0,0.2337317397078353,0.0,6,0.00016833478471640667,1.7383293626240226e-10,1.7383293628899348e-10,0.0,0.0028448204186172004,0,7
0.0,0.0002544853034737245,0.0002544853034737245,573614242,0.0002544853034737245,5,4.002695417789758,0.3724867724867725,0.0001267659947258819,5,0.02754927925176745,0.002392340589567278,0.002392340589641377,0.5,0.0015052026360907905,5,0
0.0,0.00012724265173686224,0.0,575139959,0.00012724265173686224,2,2.0,0.38054054054054054,0.0,4,0.01932098023458223,0.001832662812453499,0.0018326628122327538,1.0,0.0009934460860110364,1,5
0.0,0.00012724265173686224,0.00012724265173686224,587291195,0.00012724265173686224,3,3.0,0.36363636363636365,0.0,0,0.01559794488279378,0.0015376723882763108,0.001537672388251248,1.0,0.0013222786991268132,3,2
0.0,0.0002544853034737245,0.0015269118208423465,590023803,0.0002544853034737245,61,58.01617250673854,0.5050215208034433,0.05172195586328986,2,0.20561244082383462,0.01864168382848628,0.01864168382909083,0.16557377049180327,0.01989618433803841,303,4
0.0,0.00012724265173686224,0.00012724265173686224,593577212,0.00012724265173686224,3,2.0026954177897576,0.33460076045627374,0.00010496374857851373,7,0.008671118976030314,0.00041843538166731433,0.0004184353816900747,0.0,0.0010058160959592638,0,6
0.0,0.000636213258684311,0.0013996691691054845,599745022,0.000636213258684311,54,50.01347708894879,0.5035765379113019,0.04162572901252744,1,0.19086225887083536,0.01676337054279207,0.01676337054332055,0.18798043326345212,0.016995117012975257,269,1
0.0,0.00012724265173686224,0.00012724265173686224,600152232,0.00012724265173686224,0,0.0,0.0,0.0,0,0.0,0.0,0.0,0.0,0.0,0,0
0.0,0.00012724265173686224,0.0,605013258,0.00012724265173686224,2,2.0,0.36213991769547327,0.0,8,0.012166292266981737,0.001133368323650794,0.001133368323521508,1.0,0.001004820711876116,1,0
0.0,0.00012724265173686224,0.0,622582233,0.00012724265173686224,1,1.0,0.3595505617977528,0.0,8,0.00994377443066233,0.0009161346390047346,0.0009161346388417992,0.0,0.0006733067828883627,0,0
0.0,0.0002544853034737245,0.00012724265173686224,630236717,0.0002544853034737245,4,4.0,0.38596491228070173,0.0009811950901555846,8,0.017141974295193152,0.001613330614783461,0.0016133306145602422,0.0,0.0017450699202369606,0,4
0.0,0.00038172795521058657,0.0013996691691054845,714051386,0.00038172795521058657,51,50.00269541778976,0.48484848484848486,0.021563942792593088,7,0.20218766770383417,0.018751470508976506,0.018751470509773414,0.23921568627450981,0.016377832672834814,305,1
0.0,0.000636213258684311,0.0002544853034737245,719655337,0.000636213258684311,8,8.0,0.3955056179775281,0.0015949170060291357,7,0.04226245322541297,0.003979132119456886,0.003979132119338487,0.25,0.002887689091851116,7,1
0.0,0.00012724265173686224,0.0,727894124,0.00012724265173686224,0,0.0,0.0,0.0,0,0.0,0.0,0.0,0.0,0.0,0,0
0.0,0.00012724265173686224,0.00012724265173686224,750477870,0.00012724265173686224,1,1.0,0.3595505617977528,0.0,8,0.00994377443066233,0.0009161346390047346,0.0009161346388417992,0.0,0.0006733067828883627,0,0
0.0,0.00012724265173686224,0.0,752078492,0.00012724265173686224,3,3.0,0.38054054054054054,0.0,7,0.02679422444298553,0.002474568559920804,0.002474568559747324,1.0,0.0012686680878175166,3,1
0.0,0.00012724265173686224,0.0,752800226,0.00012724265173686224,0,0.0,0.0,0.0,0,0.0,0.0,0.0,0.0,0.0,0,0
0.0,0.00012724265173686224,0.0,764539766,0.00012724265173686224,0,0.0,0.0,0.0,0,0.0,0.0,0.0,0.0,0.0,0,0
0.0,0.0002544853034737245,0.000636213258684311,769193119,0.0002544853034737245,1,1.0,0.2773837667454689,0.0,7,0.002593494416375828,0.0002537049744269085,0.0002537049744313649,0.0,0.0005941229351537795,0,3
0.0,0.00038172795521058657,0.0005089706069474489,772477398,0.00038172795521058657,9,7.005390835579515,0.3977401129943503,0.00729850243372828,3,0.03157197641469045,0.0026116997839099776,0.0026116997837277176,0.2222222222222222,0.0029933139745875192,8,0
0.0,0.00012724265173686224,0.0,773300995,0.00012724265173686224,0,0.0,0.0,0.0,0,0.0,0.0,0.0,0.0,0.0,0,0
0.0,0.00012724265173686224,0.0002544853034737245,779043331,0.00012724265173686224,17,17.0,0.44783715012722647,0.005673012085308291,8,0.07042884324365153,0.006735892100856273,0.006735892100818881,0.3602941176470588,0.0062793364067832745,49,3
0.0,0.00012724265173686224,0.0,782172692,0.00012724265173686224,0,0.0,0.0,0.0,0,0.0,0.0,0.0,0.0,0.0,0,0
0.0,0.00012724265173686224,0.0,797077016,0.00012724265173686224,4,4.0,0.38981173864894797,0.0001886519329595189,1,0.024955026953897442,0.0023874580118952798,0.0023874580116869186,0.5,0.001629821234286046,3,5
0.0,0.0002544853034737245,0.00012724265173686224,814476685,0.0002544853034737245,1,0.0026954177897574125,0.2906688687035508,0.0,3,0.002135010899213737,6.418032231173749e-09,6.418032232627002e-09,0.0,0.00028559290581101646,0,0
0.0,0.00012724265173686224,0.0,824719051,0.00012724265173686224,3,3.0,0.3826086956521739,0.0,0,0.026048977210452386,0.002540143636522055,0.002540143636406813,1.0,0.0012705870520754437,3,2
0.0,0.00012724265173686224,0.00012724265173686224,861012667,0.00012724265173686224,0,0.0,0.0,0.0,0,0.0,0.0,0.0,0.0,0.0,0,0
0.0,0.00012724265173686224,0.00012724265173686224,885751759,0.00012724265173686224,3,3.0,0.30397236614853196,4.1745534366977724e-05,7,0.007580013128135802,0.0007466334910814127,0.0007466334911058706,0.0,0.0012598864416309473,0,2
0.0,0.00012724265173686224,0.0,890392501,0.00012724265173686224,1,1.0,0.36102564102564105,0.0,2,0.01133242644042028,0.0011091134994213046,0.0011091134993328423,0.0,0.0006165017997202622,0,2
0.0,0.0002544853034737245,0.00038172795521058657,892955768,0.0002544853034737245,0,0.0,0.0,0.0,0,0.0,0.0,0.0,0.0,0.0,0,0
0.0,0.0002544853034737245,0.0008906985621580354,907734912,0.0002544853034737245,11,9.005390835579515,0.43137254901960786,0.003114607330930333,4,0.05845972605461538,0.004333000492989785,0.00433300049297219,0.41818181818181815,0.003312373450385125,23,3
0.000636213258684311,0.05484158289858762,0.1481104466217076,930620467,0.055477796157271934,37,0.16442048517520208,0.43672456575682383,0.034766480494055195,7,0.10568444546119049,3.7784558524065684e-05,3.778455852623462e-05,0.12012012012012012,0.0006236911086558104,80,1
0.0,0.00012724265173686224,0.00012724265173686224,954504506,0.00012724265173686224,4,2.005390835579515,0.35519677093844604,0.008155335105209369,9,0.00882319132495595,0.00044717722101637896,0.000447177220983901,0.0,0.0015324654307950379,0,6
0.0,0.00012724265173686224,0.00038172795521058657,973811635,0.00012724265173686224,2,1.0026954177897573,0.3268337975858867,2.877780655558434e-05,3,0.0064860925623082405,0.00020695601075624916,0.00020695601080735095,0.0,0.000669568950771719,0,6
0.0,0.00012724265173686224,0.0,994969160,0.00012724265173686224,2,2.0,0.34108527131782945,0.00010427733642019359,9,0.00716387519385934,0.0006771199284122247,0.0006771199284260069,0.0,0.0010079940003221725,0,6
0.0,0.00012724265173686224,0.0,1000459982,0.00012724265173686224,3,3.0,0.4131455399061033,0.00020852399684693698,9,0.02568429687920356,0.002467677477021918,0.00246767747673842,0.6666666666666666,0.0013672750798872427,2,2
0.0,0.00012724265173686224,0.0,1037062796,0.00012724265173686224,2,2.0,0.37446808510638296,0.0,9,0.015740522448541232,0.0015515428380171831,0.0015515428378966214,1.0,0.00097725441597905,1,2
0.0,0.0002544853034737245,0.0,1040568314,0.0002544853034737245,0,0.0,0.0,0.0,0,0.0,0.0,0.0,0.0,0.0,0,0
0.0,0.00038172795521058657,0.0011451838656317598,1059207842,0.00038172795521058657,32,30.00539083557951,0.4383561643835616,0.012175758496803817,7,0.12325790716015395,0.010846773750969114,0.010846773751236601,0.26411290322580644,0.009873325305628048,131,1
0.0,0.00012724265173686224,0.0,1072285884,0.00012724265173686224,0,0.0,0.0,0.0,0,0.0,0.0,0.0,0.0,0.0,0,0
0.0,0.00012724265173686224,0.0,1090319636,0.00012724265173686224,0,0.0,0.0,0.0,0,0.0,0.0,0.0,0.0,0.0,0,0
0.0,0.00012724265173686224,0.0002544853034737245,1108533062,0.00012724265173686224,2,2.0,0.3617677286742035,0.0,2,0.012410751265878926,0.0012169402857827433,0.001216940285705402,1.0,0.0009846060283571197,1,2
0.0,0.00038172795521058657,0.00038172795521058657,1116121759,0.00038172795521058657,15,15.0,0.38344226579520696,0.007767529334427883,7,0.0650353696687465,0.0061461547308446305,0.0061461547310102315,0.38095238095238093,0.005181049681983456,40,3
0.0,0.00012724265173686224,0.0,1120448072,0.00012724265173686224,1,1.0,0.3333333333333333,0.0,3,0.005850503908560627,0.0005807410860284456,0.000580741086004453,0.0,0.0006275801336355178,0,0
0.0,0.0002544853034737245,0.0,1132427582,0.0002544853034737245,3,3.0,0.411214953271028,0.0,3,0.027126704779643237,0.002605989224454485,0.002605989224179095,1.0,0.0013508164782838029,3,0
0.0,0.00012724265173686224,0.0,1132531981,0.00012724265173686224,0,0.0,0.0,0.0,0,0.0,0.0,0.0,0.0,0.0,0,0
0.0,0.00012724265173686224,0.00012724265173686224,1217026452,0.00012724265173686224,2,2.0,0.3697478991596639,0.0,0,0.01667177140653248,0.0016236154630732906,0.001623615463015858,1.0,0.0009504477489527699,1,2
0.0,0.0002544853034737245,0.000636213258684311,1240932972,0.0002544853034737245,3,3.0,0.3330179754020814,3.283012097114661e-05,7,0.01296055682802175,0.0012445791308362437,0.0012445791308789646,0.6666666666666666,0.001262433150494314,2,1
0.0,0.00012724265173686224,0.0,1243084428,0.00012724265173686224,0,0.0,0.0,0.0,0,0.0,0.0,0.0,0.0,0.0,0,0
0.0,0.0002544853034737245,0.00012724265173686224,1245735506,0.0002544853034737245,3,3.0,0.3314500941619586,4.561731992287549e-05,7,0.012890152666572324,0.0012493859359137339,0.0012493859359548095,0.6666666666666666,0.0012687911448568665,2,1
0.0,0.00012724265173686224,0.0,1245880722,0.00012724265173686224,1,1.0,0.31626235399820307,0.0,1,0.004506594241316781,0.00044510343594430406,0.00044510343599992065,0.0,0.0006010805247242537,0,1
0.0,0.00012724265173686224,0.0,1248431851,0.00012724265173686224,3,3.0,0.37130801687763715,0.0003487884365830785,8,0.015322571135673356,0.0014273692011393768,0.0014273692010313564,0.3333333333333333,0.0013776002990849305,1,2
0.0,0.00012724265173686224,0.0,1269648894,0.00012724265173686224,2,1.0026954177897573,0.33113828786453436,4.79248204462302e-05,4,0.007300047384808139,0.00028493627248567574,0.000284936272544362,0.0,0.0006392082098566809,0,6
0.0,0.00012724265173686224,0.0,1281732810,0.00012724265173686224,1,1.0,0.3595505617977528,0.0,8,0.00994377443066233,0.0009161346390047346,0.0009161346388417992,0.0,0.0006733067828883627,0,0
0.0,0.00012724265173686224,0.0,1312276951,0.00012724265173686224,2,2.0,0.3602865916069601,0.005681818181818182,8,0.009959614306770642,0.000917698329972561,0.0009176983298081633,0.0,0.0015597749245692778,0,0
0.0,0.00012724265173686224,0.00012724265173686224,1328903425,0.00012724265173686224,2,2.0,0.38054054054054054,0.0,4,0.01932098023458223,0.001832662812453499,0.0018326628122327538,1.0,0.0009934460860110364,1,0
0.0,0.00012724265173686224,0.0,1368231091,0.00012724265173686224,1,1.0,0.3595505617977528,0.0,8,0.00994377443066233,0.0009161346390047346,0.0009161346388417992,0.0,0.0006733067828883627,0,0
0.0,0.00012724265173686224,0.0,1371715152,0.00012724265173686224,0,0.0,0.0,0.0,0,0.0,0.0,0.0,0.0,0.0,0,0
0.0,0.00012724265173686224,0.0002544853034737245,1386366252,0.00012724265173686224,2,2.0,0.2957983193277311,0.005681818181818182,7,0.002574128337479164,0.00023358403494666842,0.0002335840349637307,0.0,0.0015310494576940999,0,2
0.0,0.00012724265173686224,0.00038172795521058657,1405309777,0.00012724265173686224,6,4.005390835579515,0.35235235235235235,0.000944506106256247,3,0.011847156560818785,0.0007111477410377993,0.0007111477410715121,0.0,0.0016540808314269427,0,3
0.0,0.00012724265173686224,0.0,1408681645,0.00012724265173686224,0,0.0,0.0,0.0,0,0.0,0.0,0.0,0.0,0.0,0,0
0.0,0.00012724265173686224,0.0,1409775242,0.00012724265173686224,0,0.0,0.0,0.0,0,0.0,0.0,0.0,0.0,0.0,0,0
0.0,0.00012724265173686224,0.0,1415578772,0.00012724265173686224,2,2.0,0.30162810625535563,6.321425336948213e-05,2,0.001426389113439084,0.00014073841298979395,0.00014073841302593543,0.0,0.0010700735487956265,0,2
0.0,0.00012724265173686224,0.0,1437856304,0.00012724265173686224,0,0.0,0.0,0.0,0,0.0,0.0,0.0,0.0,0.0,0,0
0.0,0.00012724265173686224,0.0,1484651119,0.00012724265173686224,3,3.0,0.34543670264965654,7.629696602634961e-05,3,0.010217577230118546,0.0009870779348601843,0.0009870779348188196,0.3333333333333333,0.0013001402911696075,1,0
0.0,0.00012724265173686224,0.0,1535422453,0.00012724265173686224,2,2.0,0.2838709677419355,0.0,5,0.0022911061945566475,0.00022978421060681502,0.00022978421061105474,1.0,0.0009297578961605926,1,4
0.0,0.00038172795521058657,0.000636213258684311,1570350235,0.00038172795521058657,4,4.0,0.39198218262806234,0.0,7,0.034096831181792346,0.0032253919342399152,0.003225391934103589,1.0,0.001531513961716231,6,5
0.0,0.00038172795521058657,0.0007634559104211731,1580228064,0.00038172795521058657,15,13.01078167115903,0.4450063211125158,0.008502100962699826,7,0.07667120261252684,0.006809858156611502,0.0068098581565138455,0.3904761904761905,0.005016416806473898,41,1
0.0,0.00012724265173686224,0.0,1587277770,0.00012724265173686224,2,2.0,0.34543670264965654,0.0001398574715882408,4,0.009844810924235455,0.000963953388409947,0.0009639533883643661,0.0,0.0011046042670146872,0,5
0.0,0.00012724265173686224,0.0,1592044152,0.00012724265173686224,1,1.0,0.3595505617977528,0.0,8,0.00994377443066233,0.0009161346390047346,0.0009161346388417992,0.0,0.0006733067828883627,0,0
0.0,0.00012724265173686224,0.0002544853034737245,1600557554,0.00012724265173686224,3,3.0,0.38095238095238093,0.0001169799478627958,1,0.02291224168232522,0.0022401284657451157,0.0022401284655735897,0.3333333333333333,0.0012513620258350038,1,5
0.0,0.00012724265173686224,0.0,1613898781,0.00012724265173686224,0,0.0,0.0,0.0,0,0.0,0.0,0.0,0.0,0.0,0,0
0.0,0.00012724265173686224,0.0,1683053797,0.00012724265173686224,2,2.0,0.3740701381509033,0.00018827865954651834,9,0.012939174913641124,0.0012169536436589191,0.0012169536435002026,0.0,0.0009955110045478913,0,0
0.0,0.0002544853034737245,0.0005089706069474489,1695442555,0.0002544853034737245,6,6.0,0.38427947598253276,3.390331382518835e-05,1,0.0345533927173395,0.0032960947218591886,0.003296094721893485,0.5333333333333333,0.0021688683084935003,8,1
0.0,0.0002544853034737245,0.0,1704384571,0.0002544853034737245,3,3.0,0.3876651982378855,0.00020852399684693698,9,0.02020237434734391,0.001939305063629059,0.0019393050634100312,0.6666666666666666,0.0013783534138024983,2,0
0.0,0.00012724265173686224,0.0,1715460890,0.00012724265173686224,5,5.0,0.41706161137440756,8.262378054044721e-06,0,0.03818483292117922,0.003649091302601809,0.003649091302369447,0.9,0.00199495769261463,9,2
0.0,0.00012724265173686224,0.0002544853034737245,1849850612,0.00012724265173686224,5,4.002695417789758,0.3950617283950617,0.0005577992092201969,5,0.02846647289895288,0.0022098465401687445,0.0022098465400067677,0.5,0.0016264046642575204,5,6
0.0,0.00012724265173686224,0.0,1851438134,0.00012724265173686224,0,0.0,0.0,0.0,0,0.0,0.0,0.0,0.0,0.0,0,0
0.0,0.00012724265173686224,0.0,1874504276,0.00012724265173686224,11,8.008086253369273,0.3889502762430939,0.0051502936343401475,9,0.0348410634583765,0.0022534506430764096,0.002253450643156869,0.18181818181818182,0.0030938636222788713,10,3
0.0,0.00012724265173686224,0.0002544853034737245,1913262020,0.00012724265173686224,5,4.002695417789758,0.39241917502787066,0.00019001431240143758,3,0.030950962635885617,0.002138256682239574,0.0021382566821904147,0.6,0.0016050146559779808,6,5
0.0,0.00012724265173686224,0.0,1937077465,0.00012724265173686224,4,4.0,0.3333333333333333,0.00020028727955286464,9,0.010629168129442248,0.0010581235564895734,0.0010581235564823875,0.16666666666666666,0.0016068301790681824,1,3
0.0,0.00012724265173686224,0.00012724265173686224,1953063710,0.00012724265173686224,2,1.0026954177897573,0.3047619047619048,0.005681818181818182,6,0.004221238585135993,4.211206840011901e-09,4.211206839865756e-09,0.0,0.0028535465575607725,0,7
0.0,0.0008906985621580354,0.0024176103830003816,1955720384,0.0008906985621580354,28,22.02695417789757,0.436183395291202,0.005702249081433685,7,0.12204079876531039,0.010025800183879096,0.010025800184038407,0.34656084656084657,0.007234757315539018,131,1
0.0,0.00012724265173686224,0.0,2159555124,0.00012724265173686224,2,2.0,0.38054054054054054,0.0,4,0.01932098023458223,0.001832662812453499,0.0018326628122327538,1.0,0.0009934460860110364,1,5
0.0,0.00012724265173686224,0.000636213258684311,2167847923,0.00012724265173686224,0,0.0,0.0,0.0,0,0.0,0.0,0.0,0.0,0.0,0,0
0.0,0.00012724265173686224,0.0,2200317882,0.00012724265173686224,0,0.0,0.0,0.0,0,0.0,0.0,0.0,0.0,0.0,0,0
0.0,0.00012724265173686224,0.0,2204440794,0.00012724265173686224,0,0.0,0.0,0.0,0,0.0,0.0,0.0,0.0,0.0,0,0
0.0,0.00012724265173686224,0.0,2210127277,0.00012724265173686224,0,0.0,0.0,0.0,0,0.0,0.0,0.0,0.0,0.0,0,0
0.0,0.00012724265173686224,0.0,2224896846,0.00012724265173686224,1,1.0,0.21542227662178703,0.0,2,3.0402732959985482e-05,2.4602747371350866e-06,2.4602747364243167e-06,0.0,0.0010983875437756265,0,2
0.0,0.00012724265173686224,0.0005089706069474489,2281953018,0.00012724265173686224,1,1.0,0.31654676258992803,0.0,9,0.004408096008120953,0.00044242933859587886,0.000442429338563779,0.0,0.0006440387352389576,0,3
0.0,0.00012724265173686224,0.0,2287758954,0.00012724265173686224,2,2.0,0.2889983579638752,0.0001438225241531855,3,0.0016238885874746629,0.00016308009739412392,0.00016308009741102753,0.0,0.0010551016110283999,0,3
0.0,0.0002544853034737245,0.0007634559104211731,2294201833,0.0002544853034737245,9,9.0,0.38054054054054054,0.0007899908636108556,4,0.0388211680696501,0.003629665590593318,0.003629665590622403,0.3333333333333333,0.003223817764657243,12,5
0.0,0.00012724265173686224,0.0,2300851680,0.00012724265173686224,0,0.0,0.0,0.0,0,0.0,0.0,0.0,0.0,0.0,0,0
0.0,0.00012724265173686224,0.0,2309562402,0.00012724265173686224,2,1.0026954177897573,0.3617677286742035,0.0003207187432794892,8,0.01073117422760436,0.0009161902121788167,0.0009161902120158692,0.0,0.0006746411951657099,0,0
0.0,0.00012724265173686224,0.0,2321394518,0.00012724265173686224,1,1.0,0.3595505617977528,0.0,8,0.00994377443066233,0.0009161346390047346,0.0009161346388417992,0.0,0.0006733067828883627,0,0
0.0,0.000636213258684311,0.0007634559104211731,2324314232,0.000636213258684311,2,2.0,0.35519677093844604,0.0,0,0.0147165507700321,0.0014310301371007505,0.0014310301370739705,1.0,0.0009373713713353514,1,2
0.0,0.00012724265173686224,0.0002544853034737245,2330373110,0.00012724265173686224,2,2.0,0.34955312810327704,0.0,0,0.011189848874672826,0.001095243049680432,0.0010952430496874689,1.0,0.0009615260828680255,1,2
0.0,0.0008906985621580354,0.001272426517368622,2359256119,0.0008906985621580354,6,1.0215633423180592,0.3855421686746988,0.006312590419099147,8,0.021486221309036477,0.0009163736187077001,0.0009163736185448046,0.2,0.0010069790989439443,3,6
0.0,0.0002544853034737245,0.000636213258684311,2360323201,0.0002544853034737245,82,82.0,0.5253731343283582,0.09715375607144054,4,0.23514249193024267,0.022203443119875033,0.02220344312156627,0.10900331225534478,0.029178806259205176,362,5
0.0,0.00012724265173686224,0.00038172795521058657,2365152944,0.00012724265173686224,2,2.0,0.38054054054054054,0.0,4,0.01932098023458223,0.001832662812453499,0.0018326628122327538,1.0,0.0009934460860110364,1,5
0.0,0.00012724265173686224,0.0,2376905809,0.00012724265173686224,0,0.0,0.0,0.0,0,0.0,0.0,0.0,0.0,0.0,0,0
0.0,0.00012724265173686224,0.00038172795521058657,2402894750,0.00012724265173686224,13,12.002695417789758,0.38386041439476554,0.0023599589292002594,9,0.04429499333218868,0.004043054834327099,0.00404305483451847,0.19230769230769232,0.004190202060938584,15,4
0.0,0.0002544853034737245,0.0002544853034737245,2415915638,0.0002544853034737245,1,1.0,0.36102564102564105,0.0,2,0.01133242644042028,0.0011091134994213046,0.0011091134993328423,0.0,0.0006165017997202622,0,2
0.0,0.0002544853034737245,0.000636213258684311,2423480636,0.0002544853034737245,2,2.0,0.34543670264965654,0.00024353976974930087,4,0.00971976864878448,0.0009499195273406931,0.0009499195272815701,0.0,0.0010075112535985246,0,5
0.0,0.00012724265173686224,0.00012724265173686224,2455918632,0.00012724265173686224,7,5.005390835579515,0.4009111617312073,0.0010854297926264733,9,0.030516632926464428,0.0023135179338888367,0.002313517933815744,0.47619047619047616,0.0019926575262291676,10,3
0.0,0.0005089706069474489,0.000636213258684311,2459169938,0.0005089706069474489,30,28.010781671159027,0.44165621079046424,0.006316215006037418,7,0.1354510020802355,0.011971545851871416,0.0119715458522225,0.3701149425287356,0.009118677374512508,161,1
0.0,0.00012724265173686224,0.00012724265173686224,2470821504,0.00012724265173686224,9,6.008086253369273,0.42563482466747277,0.001197126880458957,8,0.04000328505754365,0.0032898734096064937,0.003289873409403298,0.3333333333333333,0.002307125917363202,12,4
0.0,0.00012724265173686224,0.0,2475518550,0.00012724265173686224,1,1.0,0.3595505617977528,0.0,8,0.00994377443066233,0.0009161346390047346,0.0009161346388417992,0.0,0.0006733067828883627,0,0
0.0,0.00012724265173686224,0.0,2483605494,0.00012724265173686224,8,8.0,0.42770352369380316,0.000618269356474855,1,0.05133795345578195,0.004882564081095182,0.004882564080891585,0.5357142857142857,0.0029026021725031092,15,1
0.0,0.00012724265173686224,0.0,2539013737,0.00012724265173686224,1,1.0,0.3595505617977528,0.0,8,0.00994377443066233,0.0009161346390047346,0.0009161346388417992,0.0,0.0006733067828883627,0,0
0.0,0.00012724265173686224,0.0,2554970816,0.00012724265173686224,1,1.0,0.3595505617977528,0.0,8,0.00994377443066233,0.0009161346390047346,0.0009161346388417992,0.0,0.0006733067828883627,0,0
0.0,0.00012724265173686224,0.000636213258684311,2584746324,0.00012724265173686224,3,3.0,0.37849462365591396,0.0,2,0.024447335720161688,0.0023263572402205616,0.002326357240160709,1.0,0.0012212259643991817,3,4
0.0,0.0008906985621580354,0.0017813971243160708,2587278392,0.0008906985621580354,20,20.0,0.42358604091456076,0.009458225089796357,7,0.08801824305288522,0.007990736024488973,0.007990736024405696,0.32105263157894737,0.007827454196467453,61,1
0.00012724265173686224,0.00012724265173686224,0.0002544853034737245,2601524623,0.0002544853034737245,3,3.0,0.2950544844928751,9.217891162335607e-06,4,0.0025170843766454142,0.00024714736076866036,0.0002471473607879614,0.6666666666666666,0.0013593715717365026,2,3
0.0,0.00012724265173686224,0.00012724265173686224,2601647804,0.00012724265173686224,1,0.0026954177897574125,0.30423509075194466,0.0,7,0.004214526119071529,4.204031250950787e-09,4.2040312508066e-09,0.0,0.00029248788088239943,0,1
0.0,0.00012724265173686224,0.0,2616414786,0.00012724265173686224,0,0.0,0.0,0.0,0,0.0,0.0,0.0,0.0,0.0,0,0
0.0,0.00038172795521058657,0.000636213258684311,2640990344,0.00038172795521058657,6,2.0107816711590303,0.38386041439476554,0.0028776812046327344,2,0.03221819774129992,0.0016410361625750893,0.0016410361624987948,0.5333333333333333,0.0011595954639200153,8,1
0.0,0.00012724265173686224,0.0,2643566464,0.00012724265173686224,1,1.0,0.3595505617977528,0.0,8,0.00994377443066233,0.0009161346390047346,0.0009161346388417992,0.0,0.0006733067828883627,0,0
0.0,0.0010179412138948977,0.0021631250795266575,2650794800,0.0010179412138948977,14,5.067385444743936,0.41904761904761906,0.002522169970545578,1,0.06178494656263486,0.0030727025735725697,0.003072702573418507,0.3076923076923077,0.0021717368723981247,28,1
0.0,0.00012724265173686224,0.0,2675563262,0.00012724265173686224,1,0.0026954177897574125,0.31233362910381546,0.0,7,0.004345634849941954,4.298651934597685e-09,4.298651934494113e-09,0.0,0.00030382751671548003,0,6
0.0,0.00012724265173686224,0.00012724265173686224,2681992230,0.00012724265173686224,0,0.0,0.0,0.0,0,0.0,0.0,0.0,0.0,0.0,0,0
0.0,0.00012724265173686224,0.0002544853034737245,2691817417,0.00012724265173686224,2,2.0,0.31912964641885766,0.0,4,0.0069029910690034165,0.000679922683606045,0.0006799226836657716,1.0,0.0008999618944486073,1,4
0.0,0.00012724265173686224,0.00012724265173686224,2700379730,0.00012724265173686224,1,1.0,0.3333333333333333,0.0,3,0.005850503908560627,0.0005807410860284456,0.000580741086004453,0.0,0.0006275801336355178,0,0
0.0,0.00012724265173686224,0.00038172795521058657,2734698319,0.00012724265173686224,3,2.0026954177897576,0.3872387238723872,0.0001075682958559215,3,0.020008804458294484,0.0014968799290644313,0.001496879928877503,0.6666666666666666,0.0010268025594459401,2,0
0.0,0.02939305255121517,0.06171268609237816,2756873076,0.02939305255121517,21,1.0781671159029644,0.40930232558139534,0.01298698114287196,3,0.0535371944614637,5.76833282156344e-05,5.768332821198703e-05,0.09523809523809523,0.0010251072844361998,20,0
0.0,0.00012724265173686224,0.0,2785123074,0.00012724265173686224,2,2.0,0.34075508228460794,0.0,3,0.00801496779213351,0.000772591141985137,0.0007725911419690268,1.0,0.0009854193681775399,1,0
0.0,0.00012724265173686224,0.0,2797758762,0.00012724265173686224,15,15.0,0.42105263157894735,0.0036451635011445233,1,0.0690470654394034,0.006477101351141125,0.006477101351223117,0.3333333333333333,0.005157530676845411,35,1
0.0,0.00038172795521058657,0.001272426517368622,2829213614,0.00038172795521058657,4,3.0026954177897576,0.37327677624602335,0.00027194005899461207,8,0.016605879454972883,0.0012875444571069674,0.0012875444569829283,0.3333333333333333,0.0013544612016706836,2,3
0.0,0.00038172795521058657,0.0010179412138948977,2831363550,0.00038172795521058657,30,30.0,0.4731182795698925,0.012437628286327612,7,0.14881216170983055,0.013984942451285868,0.013984942451339754,0.3632183908045977,0.009893759513699776,158,1
0.0,0.00012724265173686224,0.0,2872417253,0.00012724265173686224,2,1.0026954177897573,0.3534136546184739,0.00037530206215223523,9,0.008753730858062905,0.0004424336372478135,0.00044243363721571346,0.0,0.0006645801329742678,0,6
0.0,0.00012724265173686224,0.0,2883133296,0.00012724265173686224,0,0.0,0.0,0.0,0,0.0,0.0,0.0,0.0,0.0,0,0
0.0,0.00012724265173686224,0.000636213258684311,2891662632,0.00012724265173686224,7,6.002695417789758,0.41073512252042005,0.001930419323417395,3,0.03249325937608085,0.002942065476266766,0.0029420654760681855,0.38095238095238093,0.0024940066825565412,8,0
0.0,0.00012724265173686224,0.0,2907613274,0.00012724265173686224,1,1.0,0.3595505617977528,0.0,8,0.00994377443066233,0.0009161346390047346,0.0009161346388417992,0.0,0.0006733067828883627,0,0
0.0,0.00012724265173686224,0.0,2910757561,0.00012724265173686224,0,0.0,0.0,0.0,0,0.0,0.0,0.0,0.0,0.0,0,0
0.0,0.00012724265173686224,0.00012724265173686224,2916179023,0.00012724265173686224,0,0.0,0.0,0.0,0,0.0,0.0,0.0,0.0,0.0,0,0
0.0,0.00012724265173686224,0.0,2919058680,0.00012724265173686224,0,0.0,0.0,0.0,0,0.0,0.0,0.0,0.0,0.0,0,0
0.0,0.00012724265173686224,0.0,2930199847,0.00012724265173686224,1,0.0026954177897574125,0.26229508196721313,0.0,9,0.000351874692151265,4.975437281937168e-08,4.975437283465472e-08,0.0,0.0002851409470884488,0,6
0.0,0.00012724265173686224,0.0,2931789037,0.00012724265173686224,0,0.0,0.0,0.0,0,0.0,0.0,0.0,0.0,0.0,0,0
0.0,0.0002544853034737245,0.00038172795521058657,2944706828,0.0002544853034737245,3,3.0,0.37209302325581395,0.0,0,0.02010320868786265,0.001963923869640024,0.0019639238696202302,1.0,0.0012721019742357117,3,2
0.0,0.000636213258684311,0.002035882427789795,2949949244,0.000636213258684311,18,14.016172506738545,0.4524421593830334,0.002552761581842495,7,0.09529161856425745,0.007712685830418654,0.007712685830292728,0.46405228758169936,0.0047880471201289096,71,1
0.0,0.00012724265173686224,0.00038172795521058657,2951881910,0.00012724265173686224,1,0.0026954177897574125,0.33587786259541985,0.0,2,0.008199579218950152,2.0741335732010127e-06,2.0741335732449347e-06,0.0,0.00028411795196979517,0,4
0.0,0.0002544853034737245,0.0,2953604840,0.0002544853034737245,1,0.0026954177897574125,0.31233362910381546,0.0,7,0.004345634849941954,4.298651934597685e-09,4.298651934494113e-09,0.0,0.00030382751671548003,0,6
0.0,0.00012724265173686224,0.00012724265173686224,2960021016,0.00012724265173686224,0,0.0,0.0,0.0,0,0.0,0.0,0.0,0.0,0.0,0,0
0.0,0.00012724265173686224,0.00012724265173686224,2969344940,0.00012724265173686224,1,0.0026954177897574125,0.31233362910381546,0.0,7,0.004345634849941954,4.298651934597685e-09,4.298651934494113e-09,0.0,0.00030382751671548003,0,6
0.0,0.00012724265173686224,0.0,2987013481,0.00012724265173686224,1,1.0,0.3595505617977528,0.0,8,0.00994377443066233,0.0009161346390047346,0.0009161346388417992,0.0,0.0006733067828883627,0,0
0.0,0.00012724265173686224,0.0002544853034737245,2987669000,0.00012724265173686224,0,0.0,0.0,0.0,0,0.0,0.0,0.0,0.0,0.0,0,0
0.0,0.00012724265173686224,0.00012724265173686224,2989104576,0.00012724265173686224,1,1.0,0.3595505617977528,0.0,8,0.00994377443066233,0.0009161346390047346,0.0009161346388417992,0.0,0.0006733067828883627,0,0
0.0,0.0002544853034737245,0.001272426517368622,2992750166,0.0002544853034737245,121,117.01347708894878,0.5605095541401274,0.2874006512179282,8,0.24935041498439361,0.022193909511319256,0.022193909514310634,0.05027548209366391,0.05076002144495303,365,0
0.0,0.00012724265173686224,0.0,2995238508,0.00012724265173686224,1,1.0,0.3595505617977528,0.0,8,0.00994377443066233,0.0009161346390047346,0.0009161346388417992,0.0,0.0006733067828883627,0,0
0.0,0.00012724265173686224,0.00012724265173686224,2996880769,0.00012724265173686224,0,0.0,0.0,0.0,0,0.0,0.0,0.0,0.0,0.0,0,0
0.0,0.00012724265173686224,0.0002544853034737245,2999165598,0.00012724265173686224,0,0.0,0.0,0.0,0,0.0,0.0,0.0,0.0,0.0,0,0
0.0,0.00012724265173686224,0.0,3011276515,0.00012724265173686224,0,0.0,0.0,0.0,0,0.0,0.0,0.0,0.0,0.0,0,0
0.0,0.00012724265173686224,0.00012724265173686224,3013198644,0.00012724265173686224,0,0.0,0.0,0.0,0,0.0,0.0,0.0,0.0,0.0,0,0
0.0,0.00012724265173686224,0.00012724265173686224,3014154552,0.00012724265173686224,1,1.0,0.3595505617977528,0.0,8,0.00994377443066233,0.0009161346390047346,0.0009161346388417992,0.0,0.0006733067828883627,0,0
0.0,0.00012724265173686224,0.0002544853034737245,3015585874,0.00012724265173686224,8,6.005390835579515,0.41706161137440756,0.00042436712104433003,7,0.05272577593972869,0.004141221192528912,0.0041412211923211595,0.5714285714285714,0.002216120856490579,16,1
0.0,0.00012724265173686224,0.0002544853034737245,3016260620,0.00012724265173686224,1,1.0,0.3595505617977528,0.0,8,0.00994377443066233,0.0009161346390047346,0.0009161346388417992,0.0,0.0006733067828883627,0,0
0.0,0.0002544853034737245,0.00038172795521058657,3017002076,0.0002544853034737245,14,14.0,0.43190184049079755,0.0005262385473477804,1,0.08188011844329976,0.007720731965863205,0.007720731965860937,0.5824175824175825,0.0047063905428698805,53,1
0.0,0.00012724265173686224,0.0,3019474338,0.00012724265173686224,1,0.0026954177897574125,0.26506024096385544,0.0,8,0.0003972138372374175,1.0193208150822848e-07,1.0193208156023206e-07,0.0,0.0002855385262828041,0,0
0.0,0.00012724265173686224,0.0,3023378215,0.00012724265173686224,1,0.0026954177897574125,0.25920471281296026,0.0,4,0.0007873997969420315,5.5573174081971746e-08,5.557317407000813e-08,0.0,0.0002846205312575171,0,0
0.0,0.00012724265173686224,0.0,3029292959,0.00012724265173686224,0,0.0,0.0,0.0,0,0.0,0.0,0.0,0.0,0.0,0,0
0.0,0.00012724265173686224,0.0,3035977591,0.00012724265173686224,0,0.0,0.0,0.0,0,0.0,0.0,0.0,0.0,0.0,0,0
0.0,0.00012724265173686224,0.0002544853034737245,3038926481,0.00012724265173686224,0,0.0,0.0,0.0,0,0.0,0.0,0.0,0.0,0.0,0,0
0.0,0.00012724265173686224,0.0,3056089651,0.00012724265173686224,1,1.0,0.3595505617977528,0.0,8,0.00994377443066233,0.0009161346390047346,0.0009161346388417992,0.0,0.0006733067828883627,0,0
0.0,0.00012724265173686224,0.00012724265173686224,3063697555,0.00012724265173686224,6,6.0,0.39373601789709173,0.00032675441773505917,2,0.03975075371940441,0.003755115150025276,0.0037551151500031434,0.6666666666666666,0.0022372202336635163,10,1
0.0,0.00012724265173686224,0.0007634559104211731,3063966541,0.00012724265173686224,3,3.0,0.39154616240266965,0.0,4,0.026932354236185813,0.0025246321300406087,0.0025246321298373698,1.0,0.0012992416008377314,3,5
0.0,0.00012724265173686224,0.00012724265173686224,3079113053,0.00012724265173686224,1,0.0026954177897574125,0.24461431549687282,0.0,2,0.00022488994513797725,2.079349217845471e-11,2.0793492171897592e-11,0.0,0.0005135233637769589,0,6
