Id,Label,timeset,Degree,Weighted Degree,Eccentricity,closnesscentrality,harmonicclosnesscentrality,betweenesscentrality,modularity_class,pageranks,componentnumber,clustering,triangles,eigencentrality,Authority,Hub
37413076,,,12,21.008086,4,0.401826,0.433002,0.000876,1,0.00416,0,0.621212,41,0.19821,0.058506,0.058506
1955720384,,,28,43.037736,4,0.436183,0.479403,0.005702,1,0.008477,0,0.346561,131,0.416193,0.122043,0.122043
1059207842,,,32,43.005391,4,0.438356,0.485559,0.012176,1,0.008732,0,0.264113,131,0.422031,0.12326,0.12326
193700451,,,25,43,4,0.415584,0.459044,0.006986,1,0.008687,0,0.256667,77,0.334886,0.098003,0.098003
20644420,,,118,165,4,0.564103,0.649858,0.220923,0,0.041427,0,0.072867,503,1,0.284169,0.284169
24791335,,,7,11,5,0.360287,0.385133,0.00053,1,0.002647,0,0.142857,3,0.084894,0.024462,0.024462
482583016,,,15,22.016173,4,0.409779,0.443419,0.00132,1,0.004399,0,0.52381,55,0.265186,0.078241,0.078241
2459169938,,,30,51.010782,4,0.441656,0.486269,0.006316,1,0.009951,0,0.370115,161,0.460889,0.135453,0.135453
327926324,,,6,10,5,0.351648,0.375095,0.000039,1,0.002169,0,0.666667,10,0.095142,0.028463,0.028463
359236505,,,57,102.016173,4,0.5,0.554451,0.034329,1,0.020944,0,0.202381,323,0.716626,0.208888,0.208888
64980891,,,20,32,4,0.419048,0.457386,0.001492,1,0.006173,0,0.510526,97,0.360626,0.106313,0.106313
2831363550,,,30,46,4,0.473118,0.510417,0.012438,1,0.009325,0,0.363218,158,0.511337,0.148813,0.148813
556661091,,,23,26.008086,5,0.409779,0.452509,0.020295,2,0.00743,0,0.098814,25,0.195831,0.054275,0.054275
2785123074,,,2,2,5,0.340755,0.35857,0,2,0.000902,0,1,1,0.029764,0.008015,0.008015
130417544,,,59,70,4,0.499291,0.556345,0.079435,0,0.019307,0,0.100526,172,0.527564,0.1467,0.1467
198773386,,,14,18.008086,4,0.407407,0.440104,0.002786,1,0.003931,0,0.285714,26,0.213719,0.061823,0.061823
20051851,,,2,4,6,0.298305,0.31643,0.00004,2,0.001286,0,0,0,0.014052,0.003689,0.003689
2891662632,,,7,6.002695,5,0.410735,0.438163,0.00193,2,0.002006,0,0.380952,8,0.118351,0.032493,0.032493
14711982,,,52,89.002695,4,0.497878,0.549006,0.056867,3,0.019212,0,0.162142,215,0.589758,0.167752,0.167752
23053753,,,19,21.002695,4,0.421557,0.458097,0.00587,1,0.004875,0,0.122807,21,0.199401,0.056359,0.056359
130123715,,,11,15,5,0.402286,0.434517,0.008815,5,0.00401,0,0.218182,12,0.133889,0.036927,0.036927
1913262020,,,5,4.002695,4,0.392419,0.41714,0.00019,2,0.001267,0,0.6,6,0.107409,0.030951,0.030951
522628807,,,3,4,5,0.369748,0.393324,0.005801,2,0.001945,0,0,0,0.048867,0.013518,0.013518
138294089,,,17,25.008086,4,0.44898,0.47893,0.006347,4,0.005597,0,0.404412,55,0.305687,0.088532,0.088532
1484651119,,,3,4,5,0.345437,0.365909,0.000076,2,0.001337,0,0.333333,1,0.037731,0.010217,0.010217
419092341,,,1,1,6,0.290909,0.305161,0,2,0.000668,0,0,0,0.008309,0.002164,0.002164
599745022,,,54,92.016173,4,0.503577,0.553977,0.041626,4,0.019598,0,0.18798,269,0.661923,0.190863,0.190863
573614242,,,5,7.002695,5,0.372487,0.395455,0.000127,3,0.001681,0,0.5,5,0.094731,0.02755,0.02755
340376505,,,61,116.008086,4,0.495775,0.555634,0.034425,1,0.023686,0,0.177049,324,0.732786,0.213662,0.213661
98896743,,,1,1,5,0.361026,0.381723,0,0,0.000638,0,0,0,0.040034,0.011332,0.011332
74418780,,,4,4,4,0.418052,0.441288,0,6,0.001314,0,1,6,0.136716,0.038853,0.038853
590023803,,,61,78.016173,4,0.505022,0.561553,0.051722,1,0.017143,0,0.165574,303,0.712047,0.205613,0.205613
769193119,,,1,2,6,0.277384,0.289773,0,1,0.00078,0,0,0,0.008657,0.002594,0.002594
1116121759,,,15,28,5,0.383442,0.418182,0.007768,1,0.005855,0,0.380952,40,0.219966,0.065037,0.065037
34472348,,,6,8,4,0.383442,0.409564,0.001483,5,0.002392,0,0.333333,5,0.095492,0.027039,0.027039
229376260,,,8,11,4,0.411696,0.439157,0.006646,5,0.00329,0,0.321429,9,0.124404,0.034369,0.034369
885751759,,,3,6,5,0.303972,0.32268,0.000042,1,0.001632,0,0,0,0.025833,0.00758,0.00758
162266849,,,22,30.002695,4,0.45478,0.488873,0.007511,4,0.006345,0,0.359307,83,0.379489,0.109922,0.109922
2360323201,,,82,107,4,0.525373,0.59446,0.097154,4,0.025357,0,0.109003,362,0.821252,0.235141,0.235141
25805982,,,20,29,5,0.444444,0.479498,0.016777,3,0.006861,0,0.263158,50,0.299473,0.085485,0.085485
546641586,,,10,7.010782,4,0.387239,0.415956,0.001373,4,0.00188,0,0.133333,6,0.136301,0.039199,0.039199
714051386,,,51,83.002695,4,0.484848,0.539063,0.021564,4,0.01644,0,0.239216,305,0.69111,0.202189,0.202189
424617920,,,6,11,5,0.375667,0.401136,0.000182,4,0.002439,0,0.266667,4,0.106495,0.031099,0.031099
3017002076,,,14,22,4,0.431902,0.462595,0.000526,4,0.004631,0,0.582418,53,0.280107,0.08188,0.081881
254941287,,,22,35,4,0.42615,0.465672,0.003668,4,0.007151,0,0.376623,87,0.352523,0.103119,0.103119
1240932972,,,3,5,5,0.333018,0.350758,0.000033,4,0.001407,0,0.666667,2,0.043276,0.012961,0.012961
25795054,,,3,5,5,0.339441,0.358807,0.000186,7,0.001569,0,0.333333,1,0.035342,0.00983,0.00983
2483605494,,,8,9,4,0.427704,0.453362,0.000618,1,0.002258,0,0.535714,15,0.179143,0.051338,0.051338
38486565,,,1,1,5,0.316262,0.326941,0,4,0.000624,0,0,0,0.015221,0.004507,0.004507
86277690,,,23,31,4,0.461942,0.495502,0.015073,4,0.007256,0,0.383399,97,0.391946,0.113004,0.113004
3063966541,,,3,4,5,0.391546,0.415341,0,4,0.001276,0,1,3,0.094707,0.026932,0.026932
29424561,,,7,8,5,0.383025,0.410369,0.005746,0,0.002442,0,0.380952,8,0.100646,0.02819,0.02819
436502521,,,17,27.002695,4,0.423077,0.457623,0.004635,4,0.005785,0,0.301471,41,0.26835,0.077937,0.077937
35588686,,,1,1,5,0.287113,0.2991,0,4,0.000637,0,0,0,0.007852,0.002231,0.002231
17263897,,,16,15.010782,4,0.402286,0.43679,0.008688,4,0.003743,0,0.166667,20,0.193586,0.055948,0.055948
29406736,,,16,24.005391,4,0.418549,0.452652,0.01956,1,0.006456,0,0.233333,28,0.222422,0.064447,0.064447
187138183,,,19,28,4,0.428224,0.464252,0.006423,1,0.006379,0,0.28655,49,0.283777,0.082435,0.082435
144051948,,,2,4,5,0.304762,0.318939,0.000076,5,0.001339,0,0,0,0.012691,0.003449,0.003449
1386366252,,,2,4,5,0.295798,0.308949,0.005682,1,0.001947,0,0,0,0.009379,0.002574,0.002574
2587278392,,,20,28,4,0.423586,0.461174,0.009458,1,0.006808,0,0.321053,61,0.301543,0.08802,0.08802
53645593,,,3,5,5,0.341085,0.357576,0.000324,5,0.001686,0,0,0,0.036219,0.010451,0.010451
100658892,,,3,5,5,0.337165,0.355161,0.000371,5,0.001833,0,0,0,0.025514,0.006756,0.006756
146668548,,,4,7,5,0.362513,0.38821,0.002184,5,0.00247,0,0.166667,1,0.045833,0.012268,0.012268
38650214,,,1,1,6,0.28479,0.295928,0,4,0.000699,0,0,0,0.004913,0.001259,0.001259
772477398,,,9,8.005391,5,0.39774,0.427509,0.007299,4,0.002585,0,0.222222,8,0.114318,0.031572,0.031572
2829213614,,,4,3.002695,5,0.373277,0.397206,0.000272,6,0.001152,0,0.333333,2,0.060538,0.016606,0.016606
1874504276,,,11,10.008086,4,0.38895,0.418324,0.00515,1,0.002679,0,0.181818,10,0.123306,0.034841,0.034841
38290921,,,12,16,5,0.419547,0.450616,0.002148,4,0.00409,0,0.363636,24,0.196743,0.055729,0.055729
33026792,,,4,5.002695,5,0.353769,0.372964,0.000157,4,0.001504,0,0.166667,1,0.051511,0.014732,0.014732
605013258,,,2,3,5,0.36214,0.385369,0,4,0.001147,0,1,1,0.044371,0.012166,0.012166
2105021,,,35,59.008086,4,0.46996,0.512784,0.010696,4,0.012788,0,0.265546,158,0.496221,0.143402,0.143402
2402894750,,,13,15.002695,5,0.38386,0.416525,0.00236,1,0.003512,0,0.192308,15,0.154374,0.044295,0.044295
247696871,,,18,26,4,0.415584,0.452415,0.00554,3,0.00544,0,0.228758,35,0.226175,0.065013,0.065013
36327171,,,15,23,5,0.389381,0.425142,0.007007,3,0.004857,0,0.27619,29,0.163461,0.046566,0.046566
79459832,,,23,42.002695,4,0.45655,0.491714,0.017644,1,0.008945,0,0.328063,83,0.373926,0.108085,0.108085
19707925,,,8,11,5,0.413631,0.441383,0.000311,1,0.002541,0,0.571429,16,0.187216,0.054023,0.054023
38645535,,,6,9.002695,5,0.34476,0.366619,0.000258,3,0.002087,0,0.333333,5,0.05411,0.015201,0.015201
2797758762,,,15,22,5,0.421053,0.454877,0.003645,1,0.004763,0,0.333333,35,0.238948,0.069047,0.069047
33894316,,,12,15.002695,4,0.420048,0.450047,0.00062,4,0.003246,0,0.621212,41,0.249926,0.073018,0.073018
36951856,,,12,22.002695,5,0.383442,0.414631,0.001639,3,0.004426,0,0.378788,25,0.161419,0.047283,0.047283
39935935,,,29,45,5,0.403207,0.451326,0.017241,1,0.00965,0,0.162562,66,0.311559,0.090676,0.090676
3015585874,,,8,9.005391,4,0.417062,0.443655,0.000424,1,0.002157,0,0.571429,16,0.182283,0.052727,0.052727
135132634,,,15,28,4,0.442211,0.472538,0.007615,3,0.006049,0,0.352381,37,0.239713,0.068203,0.068203
21552376,,,7,14,5,0.335878,0.358097,0.001289,3,0.003277,0,0.190476,4,0.040461,0.010886,0.010886
15641984,,,10,15,4,0.40367,0.433949,0.00065,0,0.003343,0,0.422222,19,0.180854,0.051803,0.051803
22906120,,,9,15,4,0.385965,0.414536,0.003769,3,0.003815,0,0.305556,11,0.095905,0.026353,0.026353
51271144,,,30,43,4,0.430318,0.477036,0.019881,0,0.010048,0,0.156322,68,0.271053,0.075108,0.075108
129635846,,,3,4,5,0.376471,0.401847,0.000153,1,0.001272,0,0.666667,2,0.070316,0.02005,0.02005
42542097,,,10,11.005391,4,0.429268,0.456203,0.000765,1,0.002584,0,0.466667,21,0.19475,0.056017,0.056018
431658017,,,12,19.005391,4,0.412661,0.443182,0.001441,4,0.004066,0,0.409091,27,0.229012,0.06665,0.06665
22874109,,,13,23.002695,4,0.441656,0.469697,0.006267,4,0.00553,0,0.358974,28,0.257972,0.074082,0.074083
2992750166,,,121,130.013477,4,0.56051,0.651042,0.287401,6,0.043932,0,0.050275,365,0.891559,0.249346,0.249346
53128314,,,4,6,5,0.361396,0.382434,0.000046,3,0.001558,0,0.666667,4,0.084036,0.024683,0.024683
3063697555,,,6,8,4,0.393736,0.419508,0.000327,1,0.001998,0,0.666667,10,0.136334,0.039751,0.039751
291612312,,,6,10,5,0.371308,0.395691,0.001384,1,0.002331,0,0.533333,8,0.104251,0.030344,0.030344
1570350235,,,4,6,4,0.391982,0.41643,0,1,0.001522,0,1,6,0.116939,0.034097,0.034097
350209691,,,5,7,5,0.357724,0.381723,0.00001,1,0.001644,0,0.9,9,0.111587,0.033446,0.033446
752078492,,,3,5,5,0.380541,0.405634,0,1,0.001408,0,1,3,0.092568,0.026795,0.026795
543218867,,,3,6,5,0.349901,0.368703,0.000104,5,0.001578,0,0.333333,1,0.05991,0.01773,0.01773
43830965,,,5,3.026954,4,0.359551,0.382812,0.000134,1,0.001165,0,0.5,5,0.085468,0.025006,0.025006
239964366,,,42,51.002695,4,0.484848,0.530066,0.039646,0,0.013001,0,0.159117,137,0.473231,0.133884,0.133884
220616405,,,5,10,4,0.388521,0.414536,0.000253,1,0.002306,0,0.7,7,0.109988,0.031683,0.031683
169833243,,,13,16.013477,4,0.444444,0.471828,0.009659,4,0.004356,0,0.371795,29,0.240771,0.069103,0.069103
2650794800,,,14,8.067385,4,0.419048,0.450994,0.002522,4,0.002313,0,0.307692,28,0.215275,0.061786,0.061786
2949949244,,,18,20.018868,4,0.452442,0.482718,0.002553,1,0.004335,0,0.464052,71,0.328593,0.095293,0.095293
131179888,,,5,7,4,0.390677,0.416903,0.000084,1,0.001765,0,0.6,6,0.122993,0.035319,0.035319
907734912,,,11,18.005391,4,0.431373,0.459517,0.003115,7,0.004237,0,0.418182,23,0.203655,0.05846,0.05846
719655337,,,8,11,4,0.395506,0.423295,0.001595,1,0.002664,0,0.25,7,0.144917,0.042263,0.042263
365105604,,,9,11.002695,4,0.394177,0.423295,0.001788,7,0.002645,0,0.222222,8,0.132352,0.037931,0.037931
526411749,,,6,10.005391,4,0.368973,0.392519,0.000018,4,0.002213,0,0.8,12,0.135251,0.040271,0.040271
2294201833,,,9,14,5,0.380541,0.409186,0.00079,7,0.003298,0,0.333333,12,0.133471,0.038822,0.038822
1580228064,,,15,21.010782,4,0.445006,0.474432,0.008502,4,0.005281,0,0.390476,41,0.267051,0.076671,0.076671
169326150,,,3,5,5,0.341748,0.358239,0.000043,4,0.001444,0,0,0,0.044034,0.012702,0.012702
347048522,,,18,25.013477,4,0.447837,0.479403,0.00497,7,0.005893,0,0.300654,46,0.276962,0.079204,0.079204
994969160,,,2,3,5,0.341085,0.356629,0.000104,4,0.001132,0,0,0,0.026316,0.007164,0.007164
116545134,,,3,5,4,0.374867,0.397254,0,1,0.001435,0,1,3,0.074224,0.021395,0.021395
26452697,,,7,9.002695,4,0.396396,0.423769,0.000136,1,0.002238,0,0.761905,16,0.160244,0.046703,0.046703
116358110,,,1,1,6,0.276078,0.286316,0,5,0.000846,0,0,0,0.003001,0.000691,0.000691
17021576,,,5,6,5,0.380952,0.406676,0.011604,5,0.002969,0,0.2,2,0.064689,0.017322,0.017322
23901130,,,8,10.002695,4,0.424608,0.450521,0.001978,4,0.0025,0,0.285714,8,0.160625,0.04584,0.04584
266503061,,,5,7,5,0.376471,0.4009,0.00021,7,0.001834,0,0.3,3,0.095316,0.027681,0.027681
779043331,,,17,28,4,0.447837,0.47893,0.005673,0,0.006979,0,0.360294,49,0.253203,0.070427,0.070427
177134723,,,16,21.005391,4,0.449553,0.47893,0.0034,4,0.005067,0,0.341667,41,0.272198,0.0774,0.0774
2640990344,,,6,4.010782,4,0.38386,0.409328,0.002878,0,0.001525,0,0.533333,8,0.111147,0.032218,0.032218
25816086,,,6,8,5,0.402286,0.428362,0.000058,4,0.002014,0,0.733333,11,0.142611,0.040949,0.040949
1715460890,,,5,7,4,0.417062,0.441525,0.000008,0,0.001958,0,0.9,9,0.136041,0.038184,0.038184
275622946,,,21,31,5,0.384699,0.424811,0.007161,4,0.006985,0,0.104762,22,0.192748,0.055233,0.055233
14861476,,,3,3.002695,5,0.34714,0.365483,0.000045,4,0.000977,0,0.333333,1,0.045187,0.013015,0.013015
337995180,,,16,18.008086,4,0.430845,0.463305,0.002387,4,0.004,0,0.391667,47,0.272168,0.078633,0.078633
19440175,,,10,16,4,0.434568,0.461174,0.001316,0,0.003831,0,0.555556,25,0.198451,0.055454,0.055454
308870516,,,2,3,4,0.366667,0.388494,0,4,0.001007,0,1,1,0.059283,0.017051,0.017051
2601524623,,,3,5,5,0.295054,0.309991,0.000009,7,0.001561,0,0.666667,2,0.010413,0.002517,0.002517
217418435,,,3,3,5,0.314286,0.332765,0.000276,7,0.001092,0,0.333333,1,0.017192,0.004375,0.004375
61348039,,,14,20,5,0.385965,0.419366,0.009588,7,0.004785,0,0.087912,8,0.114523,0.032074,0.032074
22607317,,,9,16,5,0.38013,0.409896,0.005635,7,0.003953,0,0.277778,10,0.095876,0.026668,0.026668
236729223,,,6,6.002695,5,0.39774,0.423627,0.00082,1,0.001634,0,0.333333,5,0.109879,0.031328,0.031328
1405309777,,,6,7.005391,5,0.352352,0.373864,0.000945,5,0.001907,0,0,0,0.04344,0.011847,0.011847
298498586,,,10,18,5,0.389381,0.419366,0.006992,5,0.004837,0,0.111111,5,0.081657,0.022042,0.022042
2584746324,,,3,3,4,0.378495,0.401515,0,1,0.000998,0,1,3,0.084342,0.024448,0.024448
236880390,,,3,3,5,0.380541,0.405256,0.000007,6,0.001104,0,0.666667,2,0.075064,0.02123,0.02123
46076472,,,14,19,4,0.435105,0.465672,0.00217,4,0.004225,0,0.43956,40,0.26241,0.076272,0.076272
18096229,,,5,9,5,0.350947,0.371307,0.000068,1,0.002081,0,0.3,3,0.071493,0.020897,0.020897
1037062796,,,2,2,5,0.374468,0.397348,0,7,0.000883,0,1,1,0.05681,0.01574,0.01574
342065781,,,8,14,5,0.360656,0.385275,0.004615,7,0.003914,0,0.178571,5,0.089273,0.026032,0.026032
238128770,,,8,11,4,0.358452,0.38518,0.000339,1,0.002581,0,0.25,7,0.106062,0.031182,0.031182
1849850612,,,5,5.002695,5,0.395062,0.42197,0.000558,1,0.001482,0,0.5,5,0.100126,0.028467,0.028467
22006180,,,9,9.005391,5,0.424096,0.451326,0.000954,0,0.002396,0,0.527778,19,0.175961,0.049721,0.049721
538056844,,,2,3,5,0.347483,0.366288,0,7,0.001027,0,1,1,0.037865,0.010925,0.010925
189467550,,,12,19,4,0.410256,0.441761,0.00883,5,0.005484,0,0.287879,19,0.174057,0.049075,0.049075
138373439,,,2,3,5,0.317977,0.331581,0.000009,3,0.000999,0,0,0,0.021416,0.00623,0.00623
178183112,,,15,30,5,0.374867,0.409044,0.005742,3,0.006626,0,0.152381,16,0.13466,0.038218,0.038218
22135526,,,3,6,5,0.326834,0.344081,0.000034,1,0.001525,0,0,0,0.031481,0.009089,0.009089
261162002,,,9,5.021563,5,0.349553,0.376515,0.006791,7,0.001972,0,0,0,0.070992,0.019745,0.019745
973811635,,,2,1.002695,5,0.326834,0.341335,0.000029,0,0.000702,0,0,0,0.022818,0.006486,0.006486
258750822,,,9,10.002695,4,0.443884,0.46733,0.006729,0,0.003123,0,0.444444,16,0.200756,0.056959,0.056959
15902589,,,1,2,5,0.316547,0.334659,0,7,0.000914,0,0,0,0.016776,0.004408,0.004408
35466620,,,53,67,4,0.462549,0.525331,0.076267,7,0.019261,0,0.077649,107,0.402158,0.110531,0.110531
797077016,,,4,4,5,0.389812,0.414867,0.000189,6,0.001308,0,0.5,3,0.089365,0.024955,0.024955
267133998,,,7,9,5,0.396843,0.425758,0.001184,1,0.002203,0,0.238095,5,0.127788,0.036591,0.036591
2159555124,,,2,2,5,0.380541,0.403741,0,6,0.000914,0,1,1,0.068849,0.019321,0.019321
27502152,,,4,5,5,0.387665,0.41321,0.000006,4,0.00154,0,0.833333,5,0.098493,0.027747,0.027747
383446627,,,5,6.002695,5,0.360656,0.384659,0.000075,7,0.001593,0,0.3,3,0.076527,0.021873,0.021873
575139959,,,2,2,5,0.380541,0.403741,0,6,0.000914,0,1,1,0.068849,0.019321,0.019321
2324314232,,,2,2,5,0.355197,0.375189,0,4,0.000843,0,1,1,0.051263,0.014716,0.014716
300641932,,,7,9,5,0.372487,0.399811,0.006491,0,0.002828,0,0.095238,2,0.082404,0.02313,0.02313
435515048,,,2,2,5,0.376874,0.400663,0,4,0.00084,0,1,1,0.072438,0.02071,0.02071
2365152944,,,2,2,5,0.380541,0.403741,0,6,0.000914,0,1,1,0.068849,0.019321,0.019321
34760378,,,5,8,5,0.370917,0.396496,0.000376,7,0.002125,0,0.4,4,0.069988,0.019507,0.019507
236763329,,,25,34,4,0.458931,0.495265,0.008613,0,0.008118,0,0.266667,80,0.310282,0.08604,0.08604
24669894,,,8,8,4,0.435105,0.459517,0.001749,4,0.002244,0,0.678571,19,0.19916,0.056841,0.056841
537027271,,,2,2,5,0.380541,0.403741,0,6,0.000914,0,1,1,0.068849,0.019321,0.019321
824719051,,,3,4,5,0.382609,0.407055,0,0,0.00127,0,1,3,0.091297,0.026049,0.026049
181965556,,,5,5,5,0.376471,0.401373,0.000067,0,0.001434,0,0.6,6,0.101981,0.029282,0.029282
1328903425,,,2,2,5,0.380541,0.403741,0,6,0.000914,0,1,1,0.068849,0.019321,0.019321
49477936,,,5,10,5,0.393736,0.420549,0.000298,0,0.002394,0,0.6,6,0.112794,0.031919,0.031919
2423480636,,,2,2,5,0.345437,0.364394,0.000244,1,0.000967,0,0,0,0.033944,0.00972,0.00972
22623059,,,5,3.005391,5,0.393296,0.419839,0.005779,6,0.001495,0,0.4,4,0.096273,0.026838,0.026838
22436706,,,3,3,5,0.391546,0.415814,0,0,0.001148,0,1,3,0.090304,0.025171,0.025171
287591876,,,1,1,5,0.34476,0.3625,0,4,0.000626,0,0,0,0.032405,0.009377,0.009377
1587277770,,,2,2,5,0.345437,0.364394,0.00014,4,0.001096,0,0,0,0.03441,0.009845,0.009845
1600557554,,,3,3,5,0.380952,0.405634,0.000117,4,0.001031,0,0.333333,1,0.080405,0.022912,0.022912
72549881,,,4,5,5,0.391546,0.417235,0.000361,0,0.001608,0,0.666667,4,0.097527,0.027482,0.027482
25807167,,,11,18,5,0.411696,0.442566,0.001325,0,0.004248,0,0.490909,27,0.175362,0.048912,0.048912
24825958,,,15,21,4,0.443325,0.473011,0.00469,0,0.004924,0,0.314286,33,0.227235,0.064228,0.064228
42357934,,,2,2,5,0.361768,0.383617,0.00035,4,0.001104,0,0,0,0.041745,0.011725,0.011725
1269648894,,,2,1.002695,5,0.331138,0.347348,0.000048,4,0.000656,0,0,0,0.025813,0.0073,0.0073
62208019,,,9,8.002695,4,0.400911,0.429687,0.00054,4,0.002019,0,0.277778,10,0.160299,0.046429,0.046429
404060390,,,6,11,5,0.381779,0.408475,0.000994,4,0.00285,0,0.266667,4,0.089835,0.025349,0.025349
2944706828,,,3,4,5,0.372093,0.395691,0,0,0.001271,0,1,3,0.071443,0.020103,0.020103
569870574,,,1,2.002695,6,0.233732,0.242045,0,8,0.002858,0,0,0,0.001034,0.000168,0.000168
1953063710,,,2,2.005391,5,0.304762,0.322112,0.005682,8,0.002866,0,0,0,0.015279,0.004221,0.004221
12385682,,,1,2,5,0.316547,0.334659,0,7,0.000914,0,0,0,0.016776,0.004408,0.004408
26403375,,,3,1.005391,5,0.332703,0.347396,0.000097,1,0.000655,0,0,0,0.031332,0.009112,0.009112
52320378,,,1,1,5,0.361026,0.381723,0,0,0.000638,0,0,0,0.040034,0.011332,0.011332
545159350,,,12,2.09973,4,0.378088,0.408617,0.007392,1,0.001745,0,0.136364,9,0.125828,0.035773,0.035773
66562646,,,4,4.002695,5,0.382193,0.407623,0.000374,0,0.001416,0,0.333333,2,0.069634,0.018901,0.018901
22359616,,,6,9,5,0.373673,0.400189,0.000392,0,0.002473,0,0.4,6,0.086945,0.024379,0.024379
1695442555,,,6,10,4,0.384279,0.409564,0.000034,4,0.002321,0,0.533333,8,0.118173,0.034553,0.034554
593577212,,,3,3.002695,5,0.334601,0.352794,0.000105,1,0.001076,0,0,0,0.030657,0.008671,0.008671
414621260,,,4,4,5,0.366667,0.389394,0.000142,0,0.001183,0,0.333333,2,0.076918,0.022445,0.022445
1245735506,,,3,6,5,0.33145,0.349669,0.000046,4,0.001602,0,0.666667,2,0.043133,0.01289,0.01289
183950893,,,2,1.002695,5,0.377278,0.399479,0.000119,0,0.000665,0,0,0,0.055695,0.015678,0.015678
43656765,,,3,3,5,0.317403,0.335227,0.00008,1,0.001202,0,0,0,0.029322,0.008591,0.008591
2691817417,,,2,3,5,0.31913,0.333191,0,1,0.000965,0,1,1,0.023695,0.006903,0.006903
26966864,,,1,2,5,0.313725,0.325,0,1,0.000787,0,0,0,0.014575,0.00431,0.00431
25869897,,,1,1,6,0.271605,0.282292,0,0,0.000692,0,0,0,0.003634,0.000922,0.000922
110114783,,,4,3.002695,4,0.376874,0.401515,0.011489,1,0.0017,0,0,0,0.067254,0.019088,0.019088
26142201,,,6,9,4,0.394177,0.419981,0.000505,7,0.002369,0,0.533333,8,0.114305,0.032201,0.032201
23910994,,,5,6,5,0.356998,0.381392,0.000044,7,0.001698,0,0.7,7,0.071381,0.019884,0.019884
374382454,,,3,4,4,0.403207,0.427083,0.00031,0,0.001338,0,0.333333,1,0.080897,0.02252,0.02252
17227586,,,3,5,5,0.353414,0.374432,0.000066,3,0.001535,0,0.666667,2,0.049743,0.013799,0.013799
219552179,,,5,6,4,0.414118,0.439157,0,0,0.001787,0,1,10,0.120702,0.033366,0.033366
331379045,,,1,2,6,0.228423,0.235133,0,1,0.001252,0,0,0,0.000813,0.000103,0.000103
1937077465,,,4,6,5,0.333333,0.358333,0.0002,1,0.001718,0,0.166667,1,0.039636,0.010629,0.010629
3016260620,,,1,1,5,0.359551,0.381581,0,6,0.000712,0,0,0,0.036444,0.009944,0.009944
2309562402,,,2,1.002695,5,0.361768,0.384896,0.000321,6,0.000713,0,0,0,0.039734,0.010731,0.010731
373336615,,,1,1,5,0.359551,0.381581,0,6,0.000712,0,0,0,0.036444,0.009944,0.009944
472892458,,,2,2,5,0.373673,0.397443,0,6,0.000893,0,1,1,0.062302,0.017555,0.017555
22470188,,,2,2,5,0.376471,0.401231,0,6,0.000899,0,1,1,0.064278,0.018143,0.018143
630236717,,,4,5,5,0.385965,0.410701,0.000981,4,0.001595,0,0,0,0.063568,0.017142,0.017142
750477870,,,1,1,5,0.359551,0.381581,0,6,0.000712,0,0,0,0.036444,0.009944,0.009944
300215343,,,1,1,5,0.359551,0.381581,0,6,0.000712,0,0,0,0.036444,0.009944,0.009944
3056089651,,,1,1,5,0.359551,0.381581,0,6,0.000712,0,0,0,0.036444,0.009944,0.009944
26952244,,,1,1,5,0.359551,0.381581,0,6,0.000712,0,0,0,0.036444,0.009944,0.009944
2359256119,,,6,1.021563,4,0.385542,0.413826,0.006313,6,0.001173,0,0.2,3,0.078548,0.021486,0.021486
1704384571,,,3,3,5,0.387665,0.412121,0.000209,7,0.001191,0,0.666667,2,0.074675,0.020202,0.020202
2475518550,,,1,1,5,0.359551,0.381581,0,6,0.000712,0,0,0,0.036444,0.009944,0.009944
2907613274,,,1,1,5,0.359551,0.381581,0,6,0.000712,0,0,0,0.036444,0.009944,0.009944
41973345,,,6,8,4,0.431373,0.454309,0.000927,0,0.002231,0,0.6,9,0.13931,0.038397,0.038398
2539013737,,,1,1,5,0.359551,0.381581,0,6,0.000712,0,0,0,0.036444,0.009944,0.009944
2995238508,,,1,1,5,0.359551,0.381581,0,6,0.000712,0,0,0,0.036444,0.009944,0.009944
187482736,,,3,4,5,0.361768,0.386316,0.005753,5,0.001909,0,0,0,0.044082,0.01192,0.01192
1592044152,,,1,1,5,0.359551,0.381581,0,6,0.000712,0,0,0,0.036444,0.009944,0.009944
2470821504,,,9,6.008086,4,0.425635,0.452652,0.001197,4,0.001765,0,0.333333,12,0.144157,0.040003,0.040003
412967063,,,4,6,5,0.366667,0.392235,0.002521,5,0.00202,0,0,0,0.050634,0.013724,0.013724
1368231091,,,1,1,5,0.359551,0.381581,0,6,0.000712,0,0,0,0.036444,0.009944,0.009944
21798586,,,1,1,5,0.359551,0.381581,0,6,0.000712,0,0,0,0.036444,0.009944,0.009944
2554970816,,,1,1,5,0.359551,0.381581,0,6,0.000712,0,0,0,0.036444,0.009944,0.009944
1281732810,,,1,1,5,0.359551,0.381581,0,6,0.000712,0,0,0,0.036444,0.009944,0.009944
1000459982,,,3,4,4,0.413146,0.435843,0.000209,0,0.001383,0,0.666667,2,0.093254,0.025684,0.025684
1683053797,,,2,2,5,0.37407,0.396496,0.000188,6,0.000911,0,0,0,0.047683,0.012939,0.012939
259406566,,,3,2.002695,5,0.376874,0.400994,0,0,0.000947,0,1,3,0.068685,0.018881,0.018881
1248431851,,,3,4,5,0.371308,0.394271,0.000349,0,0.001364,0,0.333333,1,0.055567,0.015322,0.015322
230010114,,,3,3,4,0.413146,0.435843,0.000209,7,0.00117,0,0.666667,2,0.093254,0.025684,0.025684
191741196,,,2,1.002695,5,0.360287,0.383475,0.005682,6,0.001075,0,0,0,0.036953,0.009959,0.00996
3014154552,,,1,1,5,0.359551,0.381581,0,6,0.000712,0,0,0,0.036444,0.009944,0.009944
1132427582,,,3,4,4,0.411215,0.434422,0,0,0.001373,0,1,3,0.097933,0.027126,0.027126
2734698319,,,3,2.002695,5,0.387239,0.410843,0.000108,0,0.000958,0,0.666667,2,0.072697,0.020009,0.020009
2321394518,,,1,1,5,0.359551,0.381581,0,6,0.000712,0,0,0,0.036444,0.009944,0.009944
9444712,,,2,3,5,0.362887,0.386553,0,7,0.001113,0,1,1,0.047439,0.013102,0.013102
2987013481,,,1,1,5,0.359551,0.381581,0,6,0.000712,0,0,0,0.036444,0.009944,0.009944
2643566464,,,1,1,5,0.359551,0.381581,0,6,0.000712,0,0,0,0.036444,0.009944,0.009944
2989104576,,,1,1,5,0.359551,0.381581,0,6,0.000712,0,0,0,0.036444,0.009944,0.009944
402612676,,,3,3,5,0.387665,0.412121,0.000209,7,0.001191,0,0.666667,2,0.074675,0.020202,0.020202
1312276951,,,2,2,5,0.360287,0.383475,0.005682,6,0.00168,0,0,0,0.036953,0.009959,0.00996
622582233,,,1,1,5,0.359551,0.381581,0,6,0.000712,0,0,0,0.036444,0.009944,0.009944
453509593,,,1,1,5,0.359551,0.381581,0,6,0.000712,0,0,0,0.036444,0.009944,0.009944
245299702,,,1,1,5,0.359551,0.381581,0,6,0.000712,0,0,0,0.036444,0.009944,0.009944
433015295,,,1,1,5,0.359551,0.381581,0,6,0.000712,0,0,0,0.036444,0.009944,0.009944
587291195,,,3,3,5,0.363636,0.385464,0,0,0.00112,0,1,3,0.05709,0.015597,0.015597
1120448072,,,1,1,5,0.333333,0.348864,0,0,0.000659,0,0,0,0.021455,0.00585,0.00585
2700379730,,,1,1,5,0.333333,0.348864,0,0,0.000659,0,0,0,0.021455,0.00585,0.00585
404838497,,,1,1,5,0.333333,0.348864,0,0,0.000659,0,0,0,0.021455,0.00585,0.00585
35615013,,,2,2,5,0.375667,0.398769,0,0,0.000873,0,1,1,0.061489,0.017183,0.017183
535180227,,,1,1,5,0.333333,0.348864,0,0,0.000659,0,0,0,0.021455,0.00585,0.00585
26112460,,,2,2,5,0.340755,0.35857,0,2,0.000902,0,1,1,0.029764,0.008015,0.008015
2330373110,,,2,2,5,0.349553,0.367708,0,0,0.000876,0,1,1,0.040314,0.011189,0.011189
47862321,,,12,11.010782,4,0.411215,0.441525,0.007143,0,0.003141,0,0.30303,20,0.177081,0.050144,0.050144
2455918632,,,7,7.005391,4,0.400911,0.42732,0.001085,0,0.001997,0,0.47619,10,0.110594,0.030516,0.030516
30648851,,,1,1,5,0.291632,0.302462,0,0,0.000667,0,0,0,0.007216,0.002,0.002
29425573,,,2,3,6,0.289951,0.30696,0,1,0.000988,0,1,1,0.016767,0.004826,0.004826
1535422453,,,2,4,6,0.283871,0.298674,0,3,0.001182,0,1,1,0.008936,0.002291,0.002291
39206476,,,1,2,5,0.316547,0.334659,0,7,0.000914,0,0,0,0.016776,0.004408,0.004408
281868409,,,2,3,5,0.378088,0.400994,0.000209,7,0.001201,0,0,0,0.05322,0.014352,0.014352
444593393,,,2,2,5,0.324723,0.346259,0,7,0.000868,0,1,1,0.028015,0.007403,0.007403
2281953018,,,1,1,5,0.316547,0.334659,0,7,0.000669,0,0,0,0.016776,0.004408,0.004408
954504506,,,4,2.005391,5,0.355197,0.376847,0.008155,7,0.001634,0,0,0,0.033637,0.008823,0.008823
2872417253,,,2,1.002695,5,0.353414,0.372585,0.000375,7,0.000696,0,0,0,0.032437,0.008754,0.008754
47074796,,,1,2,5,0.316547,0.334659,0,7,0.000914,0,0,0,0.016776,0.004408,0.004408
1245880722,,,1,1,5,0.316262,0.326941,0,4,0.000624,0,0,0,0.015221,0.004507,0.004507
59699957,,,3,5,5,0.364012,0.386932,0.000117,0,0.001446,0,0.333333,1,0.052844,0.014869,0.014869
141146064,,,2,3,5,0.330516,0.344981,0.000044,4,0.001082,0,0,0,0.022723,0.00635,0.00635
1108533062,,,2,2,5,0.361768,0.383617,0,5,0.000892,0,1,1,0.044104,0.012411,0.012411
30198833,,,3,2.002695,5,0.352,0.371875,0.000039,0,0.000871,0,0.666667,2,0.04707,0.013116,0.013116
417901178,,,2,2,5,0.324723,0.336458,0.000021,2,0.000933,0,0,0,0.016329,0.004436,0.004436
106622094,,,2,3,5,0.36214,0.384091,0.000106,0,0.001056,0,0,0,0.043707,0.012308,0.012308
157948722,,,3,4.002695,5,0.37931,0.402794,0.000286,5,0.001335,0,0.333333,1,0.059481,0.016557,0.016557
1415578772,,,2,4,5,0.301628,0.3134,0.000063,5,0.001454,0,0,0,0.006216,0.001426,0.001426
20658917,,,2,3,5,0.294807,0.30857,0,7,0.001048,0,1,1,0.009252,0.002343,0.002343
289846547,,,3,2.002695,4,0.376874,0.399148,0.000621,1,0.000828,0,0.333333,1,0.071404,0.020389,0.020389
465311165,,,2,2,5,0.274357,0.285795,0.005682,1,0.001987,0,0,0,0.003459,0.000762,0.000762
366531168,,,1,1,6,0.265861,0.276136,0,5,0.000831,0,0,0,0.002156,0.000475,0.000475
252930973,,,9,9,4,0.392857,0.421638,0.00288,3,0.002591,0,0.333333,12,0.1041,0.028633,0.028633
27632737,,,3,4,5,0.303448,0.317992,0,3,0.00133,0,1,3,0.01403,0.003582,0.003582
37659338,,,3,2.002695,5,0.337488,0.35535,0.000009,3,0.000882,0,0.666667,2,0.03813,0.01064,0.01064
238103606,,,3,5,4,0.375267,0.397727,0.005682,0,0.001969,0,0.333333,1,0.068412,0.019563,0.019563
219582605,,,1,1,5,0.361026,0.381723,0,0,0.000638,0,0,0,0.040034,0.011332,0.011332
1217026452,,,2,2,5,0.369748,0.391903,0,0,0.000855,0,1,1,0.058892,0.016672,0.016672
2287758954,,,2,2,6,0.288998,0.302699,0.000144,5,0.000949,0,0,0,0.006741,0.001624,0.001624
414244661,,,3,4,6,0.287113,0.30625,0.000401,3,0.001395,0,0,0,0.014438,0.003791,0.003792
7177992,,,1,1,6,0.307962,0.319555,0,3,0.000626,0,0,0,0.011883,0.003409,0.003409
303055206,,,2,2,6,0.279365,0.291998,0.000032,7,0.001355,0,0,0,0.005664,0.00139,0.00139
216316484,,,1,1,6,0.26506,0.274953,0,6,0.001139,0,0,0,0.001865,0.000397,0.000397
292419947,,,1,1,5,0.316547,0.334659,0,7,0.000669,0,0,0,0.016776,0.004408,0.004408
26326439,,,1,1,6,0.277165,0.287737,0,0,0.000684,0,0,0,0.004295,0.001124,0.001124
35172803,,,5,8,5,0.367432,0.392377,0.005929,0,0.002522,0,0.2,2,0.06051,0.016793,0.016793
262389370,,,2,2,5,0.318264,0.331297,0.000004,1,0.000822,0,0,0,0.023738,0.007041,0.007041
141680286,,,1,2,5,0.27308,0.282339,0,0,0.001094,0,0,0,0.002988,0.00078,0.00078
112959280,,,2,2,5,0.349553,0.368892,0.000011,4,0.0008,0,0,0,0.046051,0.013489,0.01349
39237911,,,2,3,5,0.302666,0.31946,0,3,0.001056,0,1,1,0.015481,0.004046,0.004046
169050594,,,4,2.010782,5,0.333966,0.354498,0.000651,0,0.00164,0,0,0,0.037164,0.010302,0.010302
147040855,,,2,3,5,0.32928,0.343466,0.000171,0,0.002029,0,0,0,0.020767,0.00575,0.00575
2415915638,,,1,1,5,0.361026,0.381723,0,0,0.000638,0,0,0,0.040034,0.011332,0.011332
25271470,,,2,2,5,0.340426,0.357434,0.000009,1,0.000809,0,0,0,0.036077,0.010447,0.010447
31103336,,,3,4,5,0.34886,0.369792,0.005682,3,0.001705,0,0.333333,1,0.040664,0.011115,0.011115
334921581,,,5,5,5,0.340755,0.361884,0.000257,2,0.002258,0,0.1,1,0.044662,0.012545,0.012545
2756873076,,,21,1.078167,5,0.409302,0.449669,0.012987,2,0.0012,0,0.095238,20,0.190179,0.053537,0.053537
406075350,,,1,1,5,0.332703,0.346828,0,3,0.000608,0,0,0,0.023375,0.00669,0.00669
68925769,,,1,1,5,0.361026,0.381723,0,0,0.000638,0,0,0,0.040034,0.011332,0.011332
383603196,,,2,2,5,0.324424,0.337027,0.000004,1,0.000803,0,0,0,0.025489,0.00762,0.00762
406835617,,,1,1,5,0.361026,0.381723,0,0,0.000638,0,0,0,0.040034,0.011332,0.011332
401144533,,,1,1,6,0.287582,0.303172,0,1,0.000607,0,0,0,0.012441,0.003616,0.003616
27406310,,,1,2,6,0.268908,0.278977,0,0,0.000961,0,0,0,0.002788,0.00067,0.00067
890392501,,,1,1,5,0.361026,0.381723,0,0,0.000638,0,0,0,0.040034,0.011332,0.011332
201303134,,,2,2,5,0.366667,0.388116,0,1,0.000867,0,1,1,0.048939,0.013902,0.013902
74935998,,,3,3.002695,5,0.339114,0.357055,0.000119,5,0.001135,0,0.333333,1,0.033958,0.009431,0.009431
14451059,,,1,2,6,0.307962,0.319555,0,3,0.000827,0,0,0,0.011883,0.003409,0.003409
80816781,,,2,4,5,0.305821,0.317282,0,5,0.001515,0,1,1,0.009381,0.002446,0.002446
23757424,,,1,1,6,0.258824,0.26785,0,3,0.000787,0,0,0,0.002003,0.000443,0.000443
260581939,,,1,2,6,0.270146,0.279924,0,2,0.001252,0,0,0,0.002316,0.000539,0.000539
2224896846,,,1,1,6,0.215422,0.221638,0,1,0.001269,0,0,0,0.000607,0.00003,0.00003
13501122,,,1,2,6,0.276078,0.286316,0,5,0.001266,0,0,0,0.003001,0.000691,0.000691
22348141,,,1,1,5,0.291874,0.302131,0,5,0.000679,0,0,0,0.005262,0.001371,0.001371
13857342,,,45,0.237197,5,0.453608,0.510511,0.067442,1,0.002735,0,0.074747,74,0.382912,0.108974,0.108974
930620467,,,37,0.16442,4,0.436725,0.488873,0.034766,4,0.000847,0,0.12012,80,0.368093,0.105686,0.105686
26248642,,,1,0.002695,5,0.274571,0.285748,0,1,0.000427,0,0,0,0.005349,0.001427,0.001427
3019474338,,,1,0.002695,6,0.26506,0.274953,0,6,0.000427,0,0,0,0.001865,0.000397,0.000397
266723506,,,1,0.002695,5,0.278481,0.289536,0,6,0.000428,0,0,0,0.003536,0.000857,0.000857
280974913,,,1,0.002695,5,0.308231,0.318277,0,4,0.000426,0,0,0,0.010508,0.003058,0.003058
72971775,,,1,0.002695,5,0.307962,0.317472,0,4,0.000426,0,0,0,0.00954,0.002756,0.002756
33803412,,,3,0.008086,5,0.323529,0.341193,0.005733,1,0.001071,0,0,0,0.020732,0.00564,0.00564
22029787,,,1,0.002695,6,0.312334,0.329167,0,1,0.000451,0,0,0,0.015661,0.004346,0.004346
569586545,,,1,0.002695,6,0.312334,0.329167,0,1,0.000451,0,0,0,0.015661,0.004346,0.004346
2969344940,,,1,0.002695,6,0.312334,0.329167,0,1,0.000451,0,0,0,0.015661,0.004346,0.004346
2953604840,,,1,0.002695,6,0.312334,0.329167,0,1,0.000451,0,0,0,0.015661,0.004346,0.004346
2675563262,,,1,0.002695,6,0.312334,0.329167,0,1,0.000451,0,0,0,0.015661,0.004346,0.004346
3023378215,,,1,0.002695,6,0.259205,0.269744,0,7,0.000426,0,0,0,0.00329,0.000787,0.000787
2951881910,,,1,0.002695,5,0.335878,0.351042,0,1,0.000425,0,0,0,0.027834,0.0082,0.0082
2930199847,,,1,0.002695,6,0.262295,0.271354,0,7,0.000427,0,0,0,0.001818,0.000352,0.000352
814476685,,,1,0.002695,6,0.290669,0.304261,0,2,0.000427,0,0,0,0.007982,0.002135,0.002135
476350851,,,1,0.002695,6,0.282504,0.292945,0,6,0.000426,0,0,0,0.004112,0.00107,0.00107
3079113053,,,1,0.002695,6,0.244614,0.252652,0,1,0.000729,0,0,0,0.001276,0.000225,0.000225
2601647804,,,1,0.002695,5,0.304235,0.320218,0,4,0.000437,0,0,0,0.014798,0.004215,0.004215
