racism,sexism,normal,user_id
0.0,0.000636213258684311,0.0024176103830003816,2105021
0.0,0.0,0.0001272426517368622,3236121
0.0,0.0001272426517368622,0.0,7177992
0.0,0.0,0.0001272426517368622,8018342
0.0,0.0,0.0002544853034737244,8532872
0.0,0.0,0.000636213258684311,9444022
0.0,0.0001272426517368622,0.0001272426517368622,9444712
0.0,0.0,0.0001272426517368622,9609622
0.0,0.0,0.0001272426517368622,9792842
0.0,0.0001272426517368622,0.0,10235202
0.0,0.0,0.0008906985621580354,12201452
0.0,0.0002544853034737244,0.0008906985621580354,12385682
0.0,0.0,0.000636213258684311,13005572
0.0,0.0,0.0001272426517368622,13207852
0.0,0.0001272426517368622,0.0001272426517368622,13377442
0.0,0.0001272426517368622,0.0,13501122
0.0001272426517368622,0.08576154727064512,0.27204478941341137,13857342
0.0,0.0001272426517368622,0.0001272426517368622,14451059
0.0,0.0,0.0005089706069474488,14473703
0.0,0.0,0.0001272426517368622,14522298
0.0,0.0,0.0001272426517368622,14567099
0.0,0.0,0.0001272426517368622,14707553
0.0,0.0001272426517368622,0.0001272426517368622,14711982
0.0,0.0,0.000636213258684311,14770241
0.0,0.0001272426517368622,0.000636213258684311,14861476
0.0,0.0,0.0001272426517368622,15037961
0.0,0.0,0.0001272426517368622,15054967
0.0,0.0005089706069474488,0.0015269118208423463,15641984
0.0,0.0,0.0001272426517368622,15686545
0.0,0.0001272426517368622,0.0001272426517368622,15902589
0.0,0.0,0.0001272426517368622,15929162
0.0,0.0001272426517368622,0.0001272426517368622,16237972
0.0,0.0,0.0001272426517368622,16329558
0.0,0.0,0.0001272426517368622,16356699
0.0,0.0,0.0001272426517368622,16497375
0.0,0.0,0.0001272426517368622,16896391
0.0,0.0,0.0001272426517368622,16947907
0.0,0.0002544853034737244,0.0002544853034737244,17021576
0.0,0.0002544853034737244,0.0005089706069474488,17227586
0.0,0.000636213258684311,0.0017813971243160708,17263897
0.0,0.0,0.0001272426517368622,17569860
0.0,0.0,0.0001272426517368622,17959710
0.0,0.0001272426517368622,0.0,17986854
0.0,0.0005089706069474488,0.0005089706069474488,18096229
0.0,0.0,0.00038172795521058657,18133726
0.0,0.0,0.0001272426517368622,18889369
0.0,0.0,0.0001272426517368622,18933150
0.0,0.0,0.0001272426517368622,19178668
0.0,0.0,0.0001272426517368622,19331073
0.0,0.0002544853034737244,0.0001272426517368622,19440175
0.0,0.0,0.0001272426517368622,19580931
0.0,0.0,0.0001272426517368622,19660722
0.0,0.0,0.0001272426517368622,19683633
0.0,0.0002544853034737244,0.0001272426517368622,19707925
0.0,0.0,0.0001272426517368622,19777438
0.0,0.0,0.0001272426517368622,19898890
0.0,0.0001272426517368622,0.0001272426517368622,20051851
0.0,0.0001272426517368622,0.0,20113153
0.0,0.0,0.0002544853034737244,20569411
0.0,0.0002544853034737244,0.0010179412138948975,20644420
0.0,0.0001272426517368622,0.0,20658917
0.0,0.0,0.0001272426517368622,20731075
0.0,0.0,0.0001272426517368622,20908942
0.0,0.0,0.0001272426517368622,20954511
0.0,0.0,0.0001272426517368622,21177426
0.0,0.0,0.0001272426517368622,21184634
0.0,0.0,0.0002544853034737244,21451979
0.0,0.0,0.0002544853034737244,21460983
0.0,0.0,0.0001272426517368622,21543880
0.0,0.0001272426517368622,0.0,21552376
0.0,0.0,0.0001272426517368622,21636104
0.0,0.0,0.0001272426517368622,21708468
0.0,0.0,0.0002544853034737244,21738556
0.0,0.0001272426517368622,0.0,21798586
0.0,0.0,0.0002544853034737244,21848593
0.0,0.0,0.0001272426517368622,21855539
0.0,0.0001272426517368622,0.0,22006180
0.0,0.0001272426517368622,0.0002544853034737244,22029787
0.0,0.0,0.0001272426517368622,22116112
0.0,0.0001272426517368622,0.0,22135526
0.0,0.0,0.0001272426517368622,22223971
0.0,0.0,0.0002544853034737244,22310197
0.0,0.0,0.0002544853034737244,22314584
0.0,0.0001272426517368622,0.0,22348141
0.0,0.0,0.0001272426517368622,22353675
0.0,0.00038172795521058657,0.00038172795521058657,22359616
0.0,0.0002544853034737244,0.0001272426517368622,22436706
0.0,0.0001272426517368622,0.0,22447627
0.0,0.0001272426517368622,0.0001272426517368622,22470188
0.0,0.0,0.0001272426517368622,22605785
0.0,0.0001272426517368622,0.0,22607317
0.0,0.0001272426517368622,0.0001272426517368622,22623059
0.0,0.0,0.0001272426517368622,22729966
0.0,0.0,0.0001272426517368622,22840845
0.0,0.0,0.0001272426517368622,22859657
0.0,0.0,0.0001272426517368622,22863660
0.0,0.0,0.000636213258684311,22871737
0.0,0.0002544853034737244,0.0001272426517368622,22874109
0.0,0.0001272426517368622,0.0,22906120
0.0,0.0,0.0005089706069474488,22999093
0.0,0.0002544853034737244,0.0007634559104211731,23053753
0.0,0.0,0.0001272426517368622,23261237
0.0,0.0,0.0001272426517368622,23288511
0.0,0.0,0.0001272426517368622,23395026
0.0,0.0,0.00038172795521058657,23411203
0.0,0.0,0.0001272426517368622,23535665
0.0,0.0,0.0001272426517368622,23560554
0.0,0.0,0.0001272426517368622,23567167
0.0,0.0,0.0001272426517368622,23568714
0.0,0.0,0.0005089706069474488,23699500
0.0,0.0,0.0005089706069474488,23747654
0.0,0.0001272426517368622,0.0001272426517368622,23757424
0.0,0.0002544853034737244,0.00038172795521058657,23901130
0.0,0.0001272426517368622,0.0,23910994
0.0,0.0,0.0001272426517368622,23924384
0.0,0.0,0.0001272426517368622,23935607
0.0,0.0,0.0001272426517368622,24085297
0.0,0.0,0.0001272426517368622,24113341
0.0,0.0,0.0001272426517368622,24152253
0.0,0.0,0.0001272426517368622,24188289
0.0,0.0,0.0002544853034737244,24452267
0.0,0.0001272426517368622,0.0002544853034737244,24637782
0.0,0.0001272426517368622,0.0001272426517368622,24669894
0.0,0.0002544853034737244,0.0005089706069474488,24791335
0.0,0.0001272426517368622,0.0001272426517368622,24825958
0.0,0.0,0.0002544853034737244,24988494
0.0,0.0,0.0001272426517368622,24988926
0.0,0.0,0.0001272426517368622,25000400
0.0,0.0,0.0001272426517368622,25227822
0.0,0.0,0.0001272426517368622,25257175
0.0,0.0001272426517368622,0.0,25271470
0.0,0.00038172795521058657,0.0,25795054
0.0,0.0001272426517368622,0.0,25805982
0.0,0.0001272426517368622,0.0,25807167
0.0,0.0001272426517368622,0.0,25816086
0.0,0.0001272426517368622,0.0,25869897
0.0,0.0001272426517368622,0.0,25877711
0.0,0.0,0.0002544853034737244,25975572
0.0,0.0,0.0001272426517368622,25991480
0.0,0.0,0.0001272426517368622,25994541
0.0,0.0001272426517368622,0.0,26112460
0.0,0.0,0.0001272426517368622,26119836
0.0,0.0001272426517368622,0.0005089706069474488,26142201
0.0,0.0001272426517368622,0.0017813971243160708,26248642
0.0,0.0002544853034737244,0.0008906985621580354,26326439
0.0,0.0,0.0001272426517368622,26354418
0.0,0.0,0.0002544853034737244,26373938
0.0,0.0,0.0002544853034737244,26382252
0.0,0.0001272426517368622,0.0001272426517368622,26403375
0.0,0.0001272426517368622,0.0005089706069474488,26452697
0.0,0.0,0.0001272426517368622,26472217
0.0,0.0,0.0001272426517368622,26927867
0.0,0.0002544853034737244,0.0,26952244
0.0,0.0001272426517368622,0.0,26966864
0.0,0.0,0.0001272426517368622,26979626
0.0,0.0001272426517368622,0.0,26986827
0.0,0.0,0.0001272426517368622,26989237
0.0,0.0,0.0002544853034737244,27225245
0.0,0.0,0.0001272426517368622,27373318
0.0,0.0,0.0001272426517368622,27400097
0.0,0.0001272426517368622,0.0001272426517368622,27406310
0.0,0.0001272426517368622,0.0001272426517368622,27502152
0.0,0.0,0.000636213258684311,27608469
0.0,0.0001272426517368622,0.0001272426517368622,27632737
0.0,0.0,0.0001272426517368622,27632906
0.0,0.0,0.0002544853034737244,27931945
0.0,0.0,0.0001272426517368622,28057718
0.0,0.0,0.0001272426517368622,28230374
0.0,0.0,0.0001272426517368622,28267249
0.0,0.0,0.0002544853034737244,28976669
0.0,0.0,0.0001272426517368622,29155260
0.0,0.0,0.00038172795521058657,29178646
0.0,0.0005089706069474488,0.0007634559104211731,29406736
0.0,0.0002544853034737244,0.0007634559104211731,29424561
0.0,0.0001272426517368622,0.0,29425573
0.0,0.0,0.0001272426517368622,29613877
0.0,0.0,0.0001272426517368622,29694441
0.0,0.0,0.00038172795521058657,29927621
0.0,0.0,0.0001272426517368622,30183481
0.0,0.0001272426517368622,0.0,30198833
0.0,0.0,0.0001272426517368622,30536727
0.0,0.0,0.0002544853034737244,30544168
0.0,0.0,0.0001272426517368622,30627161
0.0,0.0001272426517368622,0.0,30644882
0.0,0.0001272426517368622,0.0,30648851
0.0,0.0001272426517368622,0.0001272426517368622,30795707
0.0,0.0,0.0002544853034737244,31069840
0.0,0.0,0.0001272426517368622,31076291
0.0,0.0001272426517368622,0.0001272426517368622,31103336
0.0,0.0,0.0001272426517368622,32203489
0.0,0.0,0.0001272426517368622,32337025
0.0,0.0005089706069474488,0.0002544853034737244,33026792
0.0,0.0,0.0001272426517368622,33054023
0.0,0.0,0.0002544853034737244,33134609
0.0,0.0,0.0002544853034737244,33144784
0.0,0.0,0.0001272426517368622,33184787
0.0,0.0,0.0001272426517368622,33485745
0.0,0.0,0.00038172795521058657,33527714
0.0,0.0005089706069474488,0.0002544853034737244,33803412
0.0,0.0,0.0001272426517368622,33824118
0.0,0.0,0.0001272426517368622,33836295
0.0,0.0,0.0001272426517368622,33840546
0.0,0.0001272426517368622,0.00038172795521058657,33894316
0.0,0.0,0.0001272426517368622,33905696
0.0,0.0,0.0002544853034737244,34153781
0.0,0.0,0.0001272426517368622,34172656
0.0,0.0001272426517368622,0.0,34228847
0.0,0.0002544853034737244,0.0010179412138948975,34472348
0.0,0.0001272426517368622,0.0,34760378
0.0,0.0,0.0001272426517368622,35084627
0.0,0.0001272426517368622,0.0,35172803
0.0,0.0,0.0001272426517368622,35235179
0.0,0.0001272426517368622,0.0002544853034737244,35466620
0.0,0.0001272426517368622,0.0001272426517368622,35588686
0.0,0.0001272426517368622,0.0,35615013
0.0,0.0001272426517368622,0.0,35644750
0.0,0.0,0.0002544853034737244,35908340
0.0,0.0001272426517368622,0.0002544853034737244,36327171
0.0,0.0,0.0001272426517368622,36338681
0.0,0.0001272426517368622,0.0001272426517368622,36543033
0.0,0.0002544853034737244,0.00038172795521058657,36575908
0.0,0.0,0.0001272426517368622,36891763
0.0,0.0,0.0001272426517368622,36933144
0.0,0.0,0.0001272426517368622,36941473
0.0,0.0005089706069474488,0.000636213258684311,36951856
0.0,0.0,0.0002544853034737244,37104990
0.0,0.0001272426517368622,0.0,37200824
0.0,0.0,0.0001272426517368622,37292428
0.0,0.0,0.0001272426517368622,37329464
0.0,0.0001272426517368622,0.0007634559104211731,37413076
0.0,0.0,0.0001272426517368622,37600849
0.0,0.0001272426517368622,0.0005089706069474488,37659338
0.0,0.0,0.0005089706069474488,38139925
0.0,0.0001272426517368622,0.0010179412138948975,38290921
0.0,0.0,0.0001272426517368622,38397609
0.0,0.0001272426517368622,0.0005089706069474488,38486565
0.0,0.00038172795521058657,0.000636213258684311,38645535
0.0,0.0001272426517368622,0.0002544853034737244,38650214
0.0,0.0,0.0001272426517368622,38771493
0.0,0.0,0.0001272426517368622,39029948
0.0,0.0,0.0002544853034737244,39031633
0.0,0.0001272426517368622,0.0001272426517368622,39206476
0.0,0.0001272426517368622,0.0,39237911
0.0,0.0001272426517368622,0.0,39242479
0.0,0.0001272426517368622,0.00038172795521058657,39479903
0.0,0.0001272426517368622,0.0007634559104211731,39935935
0.0,0.0001272426517368622,0.0001272426517368622,40198526
0.0,0.0,0.0001272426517368622,40241957
0.0,0.0,0.0001272426517368622,41298522
0.0,0.0001272426517368622,0.0001272426517368622,41973345
0.0,0.00038172795521058657,0.0001272426517368622,42357934
0.0,0.0001272426517368622,0.0,42386242
0.0,0.0001272426517368622,0.00038172795521058657,42542097
0.0,0.0,0.0001272426517368622,42839794
0.0,0.0,0.00038172795521058657,43069125
0.0,0.0,0.00038172795521058657,43517398
0.0,0.00038172795521058657,0.000636213258684311,43656765
0.0,0.0,0.000636213258684311,43675137
0.0,0.0008906985621580354,0.0016541544725792085,43830965
0.0,0.0,0.0001272426517368622,44025107
0.0,0.0,0.0001272426517368622,44496152
0.0,0.0,0.00038172795521058657,44793218
0.0,0.0,0.0001272426517368622,45036000
0.0,0.0,0.0001272426517368622,45246370
0.0,0.0,0.0001272426517368622,45549451
0.0,0.00038172795521058657,0.001272426517368622,46076472
0.0,0.0001272426517368622,0.0,47074796
0.0,0.0,0.0001272426517368622,47368893
0.0,0.00038172795521058657,0.0005089706069474488,47862321
0.0,0.0001272426517368622,0.0001272426517368622,47940669
0.0,0.0,0.0001272426517368622,48472438
0.0,0.0,0.0002544853034737244,48951240
0.0,0.0,0.0001272426517368622,49258624
0.0,0.0001272426517368622,0.0001272426517368622,49477936
0.0,0.0,0.0001272426517368622,49725328
0.0,0.0,0.0001272426517368622,51008247
0.0,0.0,0.0002544853034737244,51010405
0.0,0.0001272426517368622,0.0,51271144
0.0,0.0,0.0001272426517368622,51698152
0.0,0.0001272426517368622,0.00038172795521058657,52320378
0.0,0.0,0.0005089706069474488,52374272
0.0,0.0,0.0001272426517368622,52563709
0.0,0.0001272426517368622,0.0,52658551
0.0,0.0001272426517368622,0.0001272426517368622,53128314
0.0,0.0,0.0001272426517368622,53348173
0.0,0.0001272426517368622,0.0,53645593
0.0,0.0,0.0002544853034737244,54062781
0.0,0.0,0.0001272426517368622,54517562
0.0,0.0,0.0001272426517368622,54522269
0.0,0.0,0.0001272426517368622,54805470
0.0,0.0,0.0001272426517368622,55508885
0.0,0.0,0.0001272426517368622,55566167
0.0,0.0,0.0001272426517368622,57202693
0.0,0.0001272426517368622,0.0001272426517368622,57455365
0.0,0.0,0.0001272426517368622,58408717
0.0,0.0,0.0001272426517368622,58446264
0.0,0.0,0.0001272426517368622,58737901
0.0,0.0,0.0001272426517368622,58749535
0.0,0.0,0.0001272426517368622,59086958
0.0,0.0,0.0001272426517368622,59436993
0.0,0.0001272426517368622,0.0,59699957
0.0,0.0,0.0001272426517368622,59915448
0.0,0.0,0.0001272426517368622,60572195
0.0,0.0001272426517368622,0.0002544853034737244,61348039
0.0,0.0005089706069474488,0.0005089706069474488,62208019
0.0,0.0,0.0002544853034737244,63070517
0.0,0.0,0.0002544853034737244,63649417
0.0,0.0,0.00038172795521058657,64067052
0.0,0.0,0.0001272426517368622,64855519
0.0,0.00038172795521058657,0.0010179412138948975,64980891
0.0,0.0,0.0001272426517368622,65300245
0.0,0.0,0.0001272426517368622,65774694
0.0,0.0,0.0002544853034737244,66063257
0.0,0.0001272426517368622,0.0002544853034737244,66562646
0.0,0.0,0.0002544853034737244,67553438
0.0,0.0,0.0002544853034737244,68689221
0.0,0.0001272426517368622,0.0002544853034737244,68925769
0.0,0.0,0.0001272426517368622,68938444
0.0,0.0,0.0001272426517368622,68945794
0.0,0.0,0.0001272426517368622,69492564
0.0,0.0,0.0001272426517368622,70365444
0.0,0.0,0.0001272426517368622,71493213
0.0,0.0,0.0007634559104211731,71952630
0.0,0.0001272426517368622,0.0002544853034737244,72549881
0.0,0.0,0.0001272426517368622,72825930
0.0,0.0001272426517368622,0.00038172795521058657,72971775
0.0,0.0,0.0001272426517368622,73375342
0.0,0.0,0.0002544853034737244,73590927
0.0,0.0001272426517368622,0.0,73796523
0.0,0.0002544853034737244,0.0001272426517368622,74418780
0.0,0.0001272426517368622,0.0,74935998
0.0,0.0,0.00038172795521058657,75142659
0.0,0.0,0.0001272426517368622,75486880
0.0,0.0,0.0001272426517368622,76632914
0.0,0.0,0.00038172795521058657,76687298
0.0,0.0,0.0001272426517368622,77050158
0.0,0.0001272426517368622,0.0,77149862
0.0,0.0,0.0007634559104211731,77182888
0.0,0.0001272426517368622,0.0,77740926
0.0,0.0001272426517368622,0.0008906985621580354,79459832
0.0,0.0,0.0001272426517368622,80471345
0.0,0.0001272426517368622,0.0,80816781
0.0,0.0,0.0001272426517368622,82184658
0.0,0.0,0.0002544853034737244,82241907
0.0,0.0001272426517368622,0.0,82382073
0.0,0.0,0.0001272426517368622,82785951
0.0,0.0,0.0001272426517368622,82832420
0.0,0.0001272426517368622,0.0,83315955
0.0,0.0,0.0001272426517368622,84018322
0.0,0.0,0.00038172795521058657,84537718
0.0,0.0001272426517368622,0.0,86218737
0.0,0.0002544853034737244,0.0001272426517368622,86277690
0.0,0.0,0.0001272426517368622,88665647
0.0,0.0,0.0001272426517368622,88872569
0.0,0.0,0.0001272426517368622,90119861
0.0,0.0,0.0001272426517368622,91217878
0.0,0.0,0.0001272426517368622,91351746
0.0,0.0,0.0001272426517368622,92238532
0.0,0.0,0.0001272426517368622,92552231
0.0,0.0001272426517368622,0.0001272426517368622,93402197
0.0,0.0,0.0001272426517368622,93816184
0.0,0.0,0.0001272426517368622,94730091
0.0,0.0,0.0001272426517368622,95180748
0.0,0.0,0.0002544853034737244,97637281
0.0,0.0,0.0001272426517368622,98605029
0.0,0.0002544853034737244,0.0002544853034737244,98896743
0.0,0.0,0.0001272426517368622,99233470
0.0,0.0001272426517368622,0.00038172795521058657,100658892
0.0,0.0,0.0001272426517368622,101325044
0.0,0.0,0.0001272426517368622,101736439
0.0,0.0,0.0001272426517368622,102193300
0.0,0.0001272426517368622,0.0002544853034737244,103838251
0.0,0.0,0.0001272426517368622,103845812
0.0,0.0,0.0001272426517368622,104086318
0.0,0.0,0.0001272426517368622,105257823
0.0,0.0,0.0001272426517368622,105727782
0.0,0.0001272426517368622,0.0002544853034737244,106622094
0.0,0.0,0.0001272426517368622,107138512
0.0,0.0002544853034737244,0.0,107231362
0.0,0.0,0.0001272426517368622,108012664
0.0,0.0,0.0011451838656317598,108241254
0.0,0.0,0.0001272426517368622,108413207
0.0,0.0,0.0001272426517368622,109770170
0.0,0.0001272426517368622,0.0010179412138948975,110114783
0.0,0.0001272426517368622,0.0007634559104211731,112959280
0.0,0.0,0.00038172795521058657,113312341
0.0,0.0001272426517368622,0.0,113526488
0.0,0.0,0.0001272426517368622,113568127
0.0,0.0001272426517368622,0.0,113574722
0.0,0.0001272426517368622,0.0,116358110
0.0,0.0001272426517368622,0.0002544853034737244,116545134
0.0,0.0001272426517368622,0.0,117696158
0.0,0.0,0.0002544853034737244,118016505
0.0,0.0,0.0001272426517368622,118613214
0.0,0.0,0.0001272426517368622,120742924
0.0,0.0,0.0001272426517368622,121728542
0.0,0.0,0.0001272426517368622,124037863
0.0,0.0001272426517368622,0.00038172795521058657,124599753
0.0,0.0,0.0001272426517368622,124948370
0.0,0.0001272426517368622,0.0,125275062
0.0,0.0001272426517368622,0.0,125589846
0.0,0.0,0.0001272426517368622,127025784
0.0,0.0001272426517368622,0.0002544853034737244,129635846
0.0,0.0,0.0002544853034737244,129788257
0.0,0.0001272426517368622,0.0005089706069474488,130123715
0.0,0.00038172795521058657,0.0001272426517368622,130417544
0.0,0.0001272426517368622,0.0007634559104211731,131179888
0.0,0.0001272426517368622,0.0001272426517368622,132445467
0.0,0.0,0.00038172795521058657,132699182
0.0,0.0,0.0001272426517368622,133238401
0.0,0.0,0.0001272426517368622,133926093
0.0,0.0002544853034737244,0.000636213258684311,135132634
0.0,0.0001272426517368622,0.0001272426517368622,137611265
0.0,0.0,0.0001272426517368622,138052263
0.0,0.00038172795521058657,0.0010179412138948975,138294089
0.0,0.0001272426517368622,0.00038172795521058657,138373439
0.0,0.0,0.0002544853034737244,138678027
0.0,0.0,0.0001272426517368622,139614871
0.0,0.0,0.0001272426517368622,139676335
0.0,0.0,0.0001272426517368622,139684231
0.0,0.0001272426517368622,0.0,141146064
0.0,0.0001272426517368622,0.0,141680286
0.0,0.0,0.0001272426517368622,143770402
0.0,0.0002544853034737244,0.0,144051948
0.0,0.0,0.0001272426517368622,144840737
0.0,0.0002544853034737244,0.0,145331030
0.0,0.0,0.0001272426517368622,145596343
0.0,0.0001272426517368622,0.0,146668548
0.0,0.0001272426517368622,0.0001272426517368622,147040855
0.0,0.0001272426517368622,0.0,148673335
0.0,0.0,0.0002544853034737244,149421543
0.0,0.0,0.0002544853034737244,151412447
0.0,0.0,0.0002544853034737244,152604471
0.0,0.0,0.0001272426517368622,152992187
0.0,0.0,0.0002544853034737244,153410226
0.0,0.0,0.0001272426517368622,154493855
0.0,0.0,0.0001272426517368622,155808302
0.0,0.0,0.0001272426517368622,156928816
0.0,0.0001272426517368622,0.0,157948722
0.0,0.0,0.0001272426517368622,157996080
0.0,0.0,0.0002544853034737244,160132829
0.0,0.0001272426517368622,0.0,160528143
0.0,0.0007634559104211731,0.002672095686474106,162266849
0.0,0.0,0.0001272426517368622,162327572
0.0,0.0,0.0001272426517368622,163367000
0.0,0.0,0.00038172795521058657,166873656
0.0,0.0,0.0001272426517368622,166947848
0.0,0.0,0.0001272426517368622,167221856
0.0,0.0,0.0001272426517368622,167283308
0.0,0.0001272426517368622,0.0002544853034737244,169050594
0.0,0.0001272426517368622,0.0002544853034737244,169326150
0.0,0.0,0.0001272426517368622,169796245
0.0,0.0007634559104211731,0.0017813971243160708,169833243
0.0,0.0,0.00038172795521058657,170276973
0.0,0.0,0.0001272426517368622,174573325
0.0,0.0,0.0001272426517368622,175261461
0.0,0.0,0.0001272426517368622,176294000
0.0,0.0,0.0001272426517368622,176675722
0.0,0.0,0.0001272426517368622,176763671
0.0,0.0,0.0002544853034737244,177086028
0.0,0.0002544853034737244,0.00038172795521058657,177134723
0.0,0.0,0.0001272426517368622,177437874
0.0,0.0002544853034737244,0.0005089706069474488,178183112
0.0,0.0,0.0001272426517368622,178957471
0.0,0.0,0.0001272426517368622,180755998
0.0,0.0,0.00038172795521058657,180999150
0.0,0.0,0.0001272426517368622,181012509
0.0,0.0,0.0001272426517368622,181150518
0.0,0.0,0.0005089706069474488,181892978
0.0,0.0002544853034737244,0.0,181965556
0.0,0.0,0.0001272426517368622,182336607
0.0,0.0001272426517368622,0.0,183950893
0.0,0.0,0.0001272426517368622,184667858
0.0,0.0005089706069474488,0.0011451838656317598,187138183
0.0,0.0001272426517368622,0.0,187482736
0.0,0.0,0.0001272426517368622,187903389
0.0,0.0002544853034737244,0.0,189467550
0.0,0.0001272426517368622,0.0,191741196
0.0,0.0,0.0001272426517368622,192194274
0.0,0.0,0.0002544853034737244,192826726
0.0,0.0,0.0001272426517368622,193109850
0.0,0.0,0.0001272426517368622,193586319
0.0,0.00038172795521058657,0.0010179412138948975,193700451
0.0,0.0001272426517368622,0.0,197390159
0.0,0.0011451838656317598,0.0013996691691054843,198773386
0.0,0.0001272426517368622,0.0001272426517368622,198789305
0.0,0.0001272426517368622,0.0001272426517368622,201303134
0.0,0.0001272426517368622,0.0,204064491
0.0,0.0001272426517368622,0.0,207602032
0.0,0.0001272426517368622,0.0,208955370
0.0,0.0001272426517368622,0.0001272426517368622,211035012
0.0,0.0,0.0001272426517368622,214413108
0.0,0.0001272426517368622,0.0,216316484
0.0,0.0,0.0001272426517368622,216599063
0.0,0.0001272426517368622,0.0,217418435
0.0,0.0,0.0001272426517368622,218354045
0.0,0.0002544853034737244,0.0,219552179
0.0,0.0001272426517368622,0.0,219582605
0.0,0.0001272426517368622,0.0001272426517368622,220616405
0.0,0.0,0.0001272426517368622,220838876
0.0,0.0,0.0001272426517368622,221253313
0.0,0.0,0.0002544853034737244,226904642
0.0,0.0002544853034737244,0.0001272426517368622,229376260
0.0,0.0001272426517368622,0.0,230010114
0.0,0.0,0.0001272426517368622,231380572
0.0,0.0,0.0001272426517368622,232728981
0.0,0.0,0.0001272426517368622,232741193
0.0,0.0,0.0001272426517368622,233294351
0.0,0.0001272426517368622,0.0,236234481
0.0,0.0,0.0001272426517368622,236242644
0.0,0.0001272426517368622,0.0001272426517368622,236729223
0.0,0.0001272426517368622,0.0008906985621580354,236763329
0.0,0.0001272426517368622,0.0001272426517368622,236880390
0.0,0.0,0.0001272426517368622,237245712
0.0,0.0001272426517368622,0.0001272426517368622,238103606
0.0,0.0001272426517368622,0.0,238128770
0.0,0.0,0.0001272426517368622,238352817
0.0,0.0,0.0005089706069474488,238768817
0.0,0.0,0.0002544853034737244,238882525
0.0,0.0001272426517368622,0.0,239964366
0.0,0.0,0.0001272426517368622,240010214
0.0,0.0,0.0001272426517368622,240049848
0.0,0.0,0.0001272426517368622,241277470
0.0,0.0,0.0001272426517368622,242266282
0.0,0.0,0.0001272426517368622,243502830
0.0,0.0,0.0001272426517368622,244081566
0.0,0.0,0.0001272426517368622,245158192
0.0,0.0001272426517368622,0.0,245299702
0.0,0.0002544853034737244,0.0021631250795266575,247696871
0.0,0.0,0.0001272426517368622,248097825
0.0,0.0,0.0001272426517368622,249953574
0.0,0.0,0.0001272426517368622,250597981
0.0,0.0,0.0001272426517368622,252871945
0.0,0.0001272426517368622,0.0,252930973
0.0,0.0,0.0001272426517368622,253813472
0.0001272426517368622,0.0,0.0010179412138948975,254941287
0.0,0.0001272426517368622,0.0002544853034737244,258750822
0.0,0.0001272426517368622,0.00038172795521058657,259406566
0.0,0.0,0.0001272426517368622,260468829
0.0,0.0001272426517368622,0.0,260581939
0.0,0.0,0.0001272426517368622,260677385
0.0,0.0001272426517368622,0.0010179412138948975,261162002
0.0,0.0,0.0001272426517368622,261533288
0.0,0.0002544853034737244,0.0007634559104211731,262389370
0.0,0.0,0.0001272426517368622,262536165
0.0,0.0,0.0001272426517368622,262999255
0.0,0.0,0.0001272426517368622,263440464
0.0,0.0,0.0001272426517368622,264025613
0.0,0.0,0.0001272426517368622,264175249
0.0,0.0,0.0002544853034737244,264598651
0.0,0.0,0.0001272426517368622,265826888
0.0,0.0001272426517368622,0.0001272426517368622,266503061
0.0,0.0001272426517368622,0.0,266723506
0.0,0.0001272426517368622,0.0,267133998
0.0,0.0,0.0001272426517368622,267601954
0.0,0.0,0.0001272426517368622,270294818
0.0,0.0001272426517368622,0.0,270742181
0.0,0.0,0.0002544853034737244,270769523
0.0,0.0,0.0001272426517368622,272701790
0.0,0.0,0.0001272426517368622,272704749
0.0,0.0,0.0001272426517368622,275445020
0.0,0.00038172795521058657,0.0,275622946
0.0,0.0,0.0001272426517368622,278822964
0.0,0.0002544853034737244,0.000636213258684311,279914449
0.0,0.0,0.0002544853034737244,280312903
0.0,0.0001272426517368622,0.0002544853034737244,280974913
0.0,0.0001272426517368622,0.0,281868409
0.0,0.0,0.0001272426517368622,282556245
0.0,0.0,0.0001272426517368622,283474145
0.0,0.0,0.0001272426517368622,285294461
0.0,0.0,0.0001272426517368622,286070167
0.0,0.0,0.0001272426517368622,286130992
0.0,0.0001272426517368622,0.0,287061857
0.0,0.0001272426517368622,0.0001272426517368622,287591876
0.0,0.0007634559104211731,0.0010179412138948975,289846547
0.0,0.0,0.0002544853034737244,290281469
0.0,0.0002544853034737244,0.0001272426517368622,291612312
0.0,0.0005089706069474488,0.00038172795521058657,292419947
0.0,0.0001272426517368622,0.0,292838364
0.0,0.0,0.0001272426517368622,296147560
0.0,0.0,0.0001272426517368622,297148960
0.0,0.0001272426517368622,0.0001272426517368622,297245835
0.0,0.0001272426517368622,0.0,297592019
0.0,0.0,0.0001272426517368622,297877558
0.0,0.0002544853034737244,0.0001272426517368622,298498586
0.0,0.0,0.0002544853034737244,299682788
0.0,0.0001272426517368622,0.0,300215343
0.0,0.0001272426517368622,0.0001272426517368622,300641932
0.0,0.0,0.0001272426517368622,301467359
0.0,0.0002544853034737244,0.0001272426517368622,303055206
0.0,0.0,0.0001272426517368622,307301272
0.0,0.0,0.0001272426517368622,307777099
0.0,0.0,0.0001272426517368622,308795517
0.0,0.0002544853034737244,0.0001272426517368622,308870516
0.0,0.0,0.0001272426517368622,308990730
0.0,0.0,0.0001272426517368622,319568215
0.0,0.0,0.0001272426517368622,319618901
0.0,0.0,0.0001272426517368622,320171714
0.0,0.0001272426517368622,0.0,320984413
0.0,0.0,0.0001272426517368622,321275798
0.0,0.0,0.0001272426517368622,321478435
0.0,0.0,0.0002544853034737244,322484832
0.0,0.0001272426517368622,0.0001272426517368622,324309993
0.0,0.0,0.0001272426517368622,324746450
0.0,0.0,0.0001272426517368622,324963642
0.0,0.0,0.0001272426517368622,326542714
0.0,0.0001272426517368622,0.0,327312396
0.0,0.0001272426517368622,0.0001272426517368622,327926324
0.0,0.0,0.0001272426517368622,328517201
0.0,0.0001272426517368622,0.0002544853034737244,331379045
0.0,0.0,0.0001272426517368622,331484214
0.0,0.0,0.0001272426517368622,332733532
0.0,0.0002544853034737244,0.0005089706069474488,334921581
0.0,0.0,0.0002544853034737244,335749946
0.0,0.0,0.0001272426517368622,337002546
0.0,0.0002544853034737244,0.0005089706069474488,337995180
0.0,0.0,0.0002544853034737244,338821106
0.0,0.0,0.0001272426517368622,340080135
0.0,0.0,0.0001272426517368622,340201168
0.0,0.000636213258684311,0.0021631250795266575,340376505
0.0,0.0002544853034737244,0.000636213258684311,342065781
0.0,0.0,0.0005089706069474488,342069311
0.0,0.0,0.0002544853034737244,343280656
0.0,0.0,0.0002544853034737244,346491432
0.0,0.0,0.0001272426517368622,346492602
0.0,0.0005089706069474488,0.0016541544725792085,347048522
0.0,0.0001272426517368622,0.00038172795521058657,350209691
0.0,0.0,0.0001272426517368622,351399926
0.0,0.0,0.0001272426517368622,358681085
0.0,0.0005089706069474488,0.0011451838656317598,359236505
0.0,0.0,0.0001272426517368622,359320830
0.0,0.0,0.0001272426517368622,360360817
0.0,0.0,0.0001272426517368622,361200512
0.0,0.0001272426517368622,0.0010179412138948975,365105604
0.0,0.0001272426517368622,0.0005089706069474488,366531168
0.0,0.0,0.0001272426517368622,368273781
0.0,0.0,0.0001272426517368622,373317699
0.0,0.0001272426517368622,0.0,373336615
0.0,0.0001272426517368622,0.0,374382454
0.0,0.0001272426517368622,0.0,375594832
0.0,0.0,0.000636213258684311,376679416
0.0,0.0001272426517368622,0.0,376749138
0.0,0.0,0.0002544853034737244,378639234
0.0,0.0,0.0001272426517368622,380103390
0.0,0.0001272426517368622,0.0005089706069474488,380758879
0.0,0.0,0.0001272426517368622,381908656
0.0,0.0,0.0002544853034737244,382508008
0.0,0.0,0.0001272426517368622,382758717
0.0,0.0001272426517368622,0.0007634559104211731,383446627
0.0,0.0001272426517368622,0.0,383603196
0.0,0.0001272426517368622,0.0001272426517368622,383943798
0.0,0.0,0.0001272426517368622,384811971
0.0,0.0,0.0001272426517368622,384820444
0.0,0.0,0.0001272426517368622,388607452
0.0,0.0,0.0001272426517368622,388702412
0.0,0.0,0.0001272426517368622,389706217
0.0,0.0,0.0001272426517368622,392475934
0.0,0.0,0.0001272426517368622,394281177
0.0,0.0,0.0001272426517368622,394496111
0.0,0.0,0.0001272426517368622,397050209
0.0,0.0,0.0002544853034737244,397153813
0.0,0.0001272426517368622,0.0,397232216
0.0,0.0001272426517368622,0.0,401144533
0.0,0.0,0.0001272426517368622,401875684
0.0,0.0,0.000636213258684311,402509656
0.0,0.0001272426517368622,0.0,402612676
0.0,0.0001272426517368622,0.0,404060390
0.0,0.0,0.0001272426517368622,404444443
0.0,0.0001272426517368622,0.0,404838497
0.0,0.0001272426517368622,0.0,405372860
0.0,0.0001272426517368622,0.0,406075350
0.0,0.0001272426517368622,0.0,406835617
0.0,0.0001272426517368622,0.0,408202188
0.0,0.0,0.0002544853034737244,412180717
0.0,0.00038172795521058657,0.0002544853034737244,412967063
0.0,0.0,0.0001272426517368622,413522813
0.0,0.0,0.0001272426517368622,413779729
0.0,0.0001272426517368622,0.0,414244661
0.0,0.0001272426517368622,0.0,414621260
0.0,0.0,0.0002544853034737244,416182191
0.0,0.0001272426517368622,0.0,417778462
0.0,0.0001272426517368622,0.0002544853034737244,417901178
0.0,0.0001272426517368622,0.0,419092341
0.0,0.0002544853034737244,0.0001272426517368622,424617920
0.0,0.0,0.0001272426517368622,425480166
0.0,0.0001272426517368622,0.00038172795521058657,428645761
0.0,0.0,0.0001272426517368622,428909910
0.0,0.0,0.0001272426517368622,429438198
0.0,0.0001272426517368622,0.0001272426517368622,430570815
0.0,0.0,0.0001272426517368622,431469458
0.0,0.00038172795521058657,0.0015269118208423463,431658017
0.0,0.0002544853034737244,0.0002544853034737244,433015295
0.0,0.0,0.0002544853034737244,433234855
0.0,0.0001272426517368622,0.0,434500296
0.0,0.00038172795521058657,0.0,435515048
0.0,0.0002544853034737244,0.000636213258684311,436502521
0.0,0.0,0.0001272426517368622,436974411
0.0,0.0,0.0001272426517368622,441748905
0.0,0.0001272426517368622,0.0002544853034737244,444593393
0.0,0.0,0.0001272426517368622,446232661
0.0,0.0,0.0002544853034737244,446631012
0.0,0.0,0.0001272426517368622,449534540
0.0,0.0001272426517368622,0.0,453509593
0.0,0.0001272426517368622,0.0,454683323
0.0,0.0,0.0001272426517368622,457411146
0.0,0.0001272426517368622,0.0,458151092
0.0,0.0,0.0001272426517368622,458805681
0.0,0.0,0.0001272426517368622,459976309
0.0,0.0,0.0001272426517368622,460606082
0.0,0.0,0.0001272426517368622,463523296
0.0,0.000636213258684311,0.0011451838656317598,465311165
0.0,0.0001272426517368622,0.0001272426517368622,467193917
0.0,0.0,0.0001272426517368622,467589404
0.0,0.0,0.0001272426517368622,468896857
0.0,0.0,0.0001272426517368622,471589631
0.0,0.0,0.0002544853034737244,471782633
0.0,0.0,0.0001272426517368622,471868902
0.0,0.0001272426517368622,0.0001272426517368622,472892458
0.0,0.0,0.0001272426517368622,474703667
0.0,0.0001272426517368622,0.0002544853034737244,476350851
0.0,0.0,0.0001272426517368622,478304315
0.0,0.0,0.0002544853034737244,480300122
0.0,0.0001272426517368622,0.0,481530445
0.0,0.0001272426517368622,0.0,481714389
0.0,0.0,0.0001272426517368622,482562312
0.0,0.0007634559104211731,0.001908639776052933,482583016
0.0,0.0,0.0001272426517368622,486241691
0.0,0.0,0.0001272426517368622,487381979
0.0,0.0,0.0002544853034737244,492048632
0.0,0.0,0.0001272426517368622,494505475
0.0,0.0,0.0001272426517368622,497437094
0.0,0.0,0.0001272426517368622,497581397
0.0,0.0,0.0001272426517368622,500478646
0.0,0.0,0.0001272426517368622,502757492
0.0,0.0,0.0001272426517368622,502801101
0.0,0.0,0.0001272426517368622,505651301
0.0,0.0001272426517368622,0.0,505782890
0.0,0.0,0.0001272426517368622,510002987
0.0,0.0,0.0001272426517368622,510017162
0.0,0.0,0.0001272426517368622,514182160
0.0,0.0,0.0001272426517368622,519115078
0.0,0.0001272426517368622,0.0,522628807
0.0,0.0002544853034737244,0.0005089706069474488,526411749
0.0,0.0,0.0001272426517368622,528489716
0.0,0.0001272426517368622,0.0,532049060
0.0,0.0,0.0002544853034737244,532938116
0.0,0.0001272426517368622,0.0,535180227
0.0,0.0,0.0001272426517368622,535741152
0.0,0.0001272426517368622,0.0002544853034737244,537027271
0.0,0.0,0.0005089706069474488,537876245
0.0,0.0,0.0001272426517368622,537920464
0.0,0.0001272426517368622,0.0001272426517368622,538056844
0.0,0.0,0.0001272426517368622,538482349
0.0,0.0,0.0001272426517368622,542294290
0.0,0.0001272426517368622,0.0001272426517368622,543218867
0.0,0.0,0.0001272426517368622,544234417
0.0,0.0,0.0001272426517368622,544243120
0.0,0.0008906985621580354,0.003308308945158417,545159350
0.0,0.0001272426517368622,0.0005089706069474488,546641586
0.0,0.0001272426517368622,0.0001272426517368622,549246199
0.0,0.0,0.0001272426517368622,550923814
0.0,0.0,0.0001272426517368622,551801313
0.0,0.0001272426517368622,0.0,552264392
0.0,0.0001272426517368622,0.0,554796154
0.0,0.0,0.0001272426517368622,555703941
0.0,0.0002544853034737244,0.0001272426517368622,556661091
0.0,0.0,0.0001272426517368622,558279290
0.0,0.0,0.00038172795521058657,561596765
0.0,0.0,0.0001272426517368622,564663483
0.0,0.0001272426517368622,0.0002544853034737244,569586545
0.0,0.0001272426517368622,0.0005089706069474488,569870574
0.0,0.0,0.0001272426517368622,571965561
0.0,0.0002544853034737244,0.0002544853034737244,573614242
0.0,0.0,0.0001272426517368622,573660240
0.0,0.0001272426517368622,0.0,575139959
0.0,0.0,0.0002544853034737244,579762973
0.0,0.0,0.0001272426517368622,581668532
0.0,0.0,0.0001272426517368622,586166580
0.0,0.0001272426517368622,0.0001272426517368622,587291195
0.0,0.0002544853034737244,0.0015269118208423463,590023803
0.0,0.0,0.0001272426517368622,590939369
0.0,0.0,0.0001272426517368622,591097853
0.0,0.0,0.0001272426517368622,591728335
0.0,0.0,0.0001272426517368622,592607893
0.0,0.0001272426517368622,0.0001272426517368622,593577212
0.0,0.000636213258684311,0.0013996691691054843,599745022
0.0,0.0,0.0001272426517368622,600140001
0.0,0.0001272426517368622,0.0001272426517368622,600152232
0.0,0.0,0.0001272426517368622,600703193
0.0,0.0001272426517368622,0.0,605013258
0.0,0.0,0.0001272426517368622,605572062
0.0,0.0,0.0001272426517368622,607070488
0.0,0.0,0.0001272426517368622,610471716
0.0,0.0,0.0002544853034737244,614204775
0.0,0.0,0.0001272426517368622,614851608
0.0,0.0,0.0001272426517368622,619903250
0.0,0.0001272426517368622,0.0,622582233
0.0,0.0,0.0001272426517368622,623494796
0.0,0.0,0.0002544853034737244,624916919
0.0,0.0,0.0002544853034737244,626350040
0.0,0.0,0.0001272426517368622,628153082
0.0,0.0002544853034737244,0.0001272426517368622,630236717
0.0,0.0,0.0001272426517368622,700745372
0.0,0.0,0.0001272426517368622,702679699
0.0,0.0,0.0001272426517368622,704903653
0.0,0.0,0.00038172795521058657,709105290
0.0,0.0,0.0001272426517368622,711802766
0.0,0.0,0.0001272426517368622,713326014
0.0,0.00038172795521058657,0.0013996691691054843,714051386
0.0,0.0,0.0001272426517368622,715515121
0.0,0.000636213258684311,0.0002544853034737244,719655337
0.0,0.0,0.0002544853034737244,723931914
0.0,0.0,0.00038172795521058657,727039754
0.0,0.0001272426517368622,0.0,727894124
0.0,0.0,0.0001272426517368622,746476321
0.0,0.0001272426517368622,0.0001272426517368622,750477870
0.0,0.0,0.0001272426517368622,750525991
0.0,0.0,0.0002544853034737244,750772255
0.0,0.0001272426517368622,0.0,752078492
0.0,0.0,0.0001272426517368622,752458694
0.0,0.0001272426517368622,0.0,752800226
0.0,0.0,0.0001272426517368622,754801375
0.0,0.0001272426517368622,0.0,764539766
0.0,0.0002544853034737244,0.000636213258684311,769193119
0.0,0.0,0.0001272426517368622,769335475
0.0,0.00038172795521058657,0.0005089706069474488,772477398
0.0,0.0001272426517368622,0.0,773300995
0.0,0.0,0.0001272426517368622,773658752
0.0,0.0001272426517368622,0.0002544853034737244,779043331
0.0,0.0,0.0001272426517368622,780231324
0.0,0.0,0.0001272426517368622,782056154
0.0,0.0001272426517368622,0.0,782172692
0.0,0.0001272426517368622,0.0,797077016
0.0,0.0002544853034737244,0.0001272426517368622,814476685
0.0,0.0,0.0001272426517368622,816225757
0.0,0.0,0.0001272426517368622,821176802
0.0,0.0001272426517368622,0.0,824719051
0.0,0.0,0.0002544853034737244,852217994
0.0,0.0,0.0001272426517368622,855812407
0.0,0.0,0.0001272426517368622,856134422
0.0,0.0,0.0002544853034737244,859315052
0.0,0.0001272426517368622,0.0001272426517368622,861012667
0.0,0.0,0.0001272426517368622,869873964
0.0,0.0,0.0001272426517368622,873461084
0.0,0.0,0.0002544853034737244,877018897
0.0,0.0,0.0001272426517368622,877115862
0.0,0.0,0.0001272426517368622,883093754
0.0,0.0001272426517368622,0.0001272426517368622,885751759
0.0,0.0001272426517368622,0.0,890392501
0.0,0.0002544853034737244,0.00038172795521058657,892955768
0.0,0.0,0.0002544853034737244,898707906
0.0,0.0,0.0001272426517368622,905966455
0.0,0.0002544853034737244,0.0008906985621580354,907734912
0.0,0.0,0.0001272426517368622,914245838
0.0,0.0,0.0001272426517368622,916678369
0.0,0.0,0.0001272426517368622,917560825
0.000636213258684311,0.05484158289858761,0.1481104466217076,930620467
0.0,0.0,0.0001272426517368622,935820188
0.0,0.0,0.00038172795521058657,943210460
0.0,0.0,0.0002544853034737244,949291260
0.0,0.0001272426517368622,0.0001272426517368622,954504506
0.0,0.0,0.0002544853034737244,957178860
0.0,0.0001272426517368622,0.00038172795521058657,973811635
0.0,0.0,0.0001272426517368622,983376769
0.0,0.0,0.0002544853034737244,990582259
0.0,0.0001272426517368622,0.0,994969160
0.0,0.0001272426517368622,0.0,1000459982
0.0,0.0,0.0002544853034737244,1000801513
0.0,0.0,0.0001272426517368622,1005637784
0.0,0.0,0.0002544853034737244,1015170002
0.0,0.0,0.0002544853034737244,1018483980
0.0,0.0001272426517368622,0.0,1037062796
0.0,0.0002544853034737244,0.0,1040568314
0.0,0.0,0.0001272426517368622,1042096441
0.0,0.00038172795521058657,0.0011451838656317598,1059207842
0.0,0.0001272426517368622,0.0,1072285884
0.0,0.0,0.00038172795521058657,1078684573
0.0,0.0001272426517368622,0.0,1090319636
0.0,0.0,0.0001272426517368622,1093638847
0.0,0.0,0.0002544853034737244,1103294161
0.0,0.0001272426517368622,0.0002544853034737244,1108533062
0.0,0.0,0.0001272426517368622,1115573696
0.0,0.0,0.00038172795521058657,1116110186
0.0,0.00038172795521058657,0.00038172795521058657,1116121759
0.0,0.0001272426517368622,0.0,1120448072
0.0,0.0,0.0001272426517368622,1120831028
0.0,0.0,0.0001272426517368622,1130887939
0.0,0.0,0.0001272426517368622,1131146245
0.0,0.0,0.0001272426517368622,1132200937
0.0,0.0002544853034737244,0.0,1132427582
0.0,0.0001272426517368622,0.0,1132531981
0.0,0.0,0.0002544853034737244,1168664600
0.0,0.0001272426517368622,0.0001272426517368622,1217026452
0.0,0.0,0.0001272426517368622,1226454150
0.0,0.0,0.0001272426517368622,1228124581
0.0,0.0002544853034737244,0.000636213258684311,1240932972
0.0,0.0001272426517368622,0.0,1243084428
0.0,0.0002544853034737244,0.0001272426517368622,1245735506
0.0,0.0001272426517368622,0.0,1245880722
0.0,0.0001272426517368622,0.0,1248431851
0.0,0.0,0.0001272426517368622,1253045544
0.0,0.0,0.0001272426517368622,1261319822
0.0,0.0,0.0001272426517368622,1261374181
0.0,0.0,0.0001272426517368622,1269271862
0.0,0.0001272426517368622,0.0,1269648894
0.0,0.0001272426517368622,0.0,1281732810
0.0,0.0,0.0001272426517368622,1289990616
0.0,0.0,0.0001272426517368622,1309068553
0.0,0.0001272426517368622,0.0,1312276951
0.0,0.0,0.0001272426517368622,1315849718
0.0,0.0,0.0001272426517368622,1321885298
0.0,0.0001272426517368622,0.0001272426517368622,1328903425
0.0,0.0,0.0002544853034737244,1330268850
0.0,0.0,0.0001272426517368622,1333946204
0.0,0.0,0.0001272426517368622,1364376428
0.0,0.0,0.0001272426517368622,1365804972
0.0,0.0001272426517368622,0.0,1368231091
0.0,0.0,0.0001272426517368622,1371249781
0.0,0.0001272426517368622,0.0,1371715152
0.0,0.0,0.0001272426517368622,1376795790
0.0,0.0001272426517368622,0.0002544853034737244,1386366252
0.0,0.0,0.0001272426517368622,1389258938
0.0,0.0,0.0001272426517368622,1398605364
0.0,0.0001272426517368622,0.00038172795521058657,1405309777
0.0,0.0001272426517368622,0.0,1408681645
0.0,0.0,0.0001272426517368622,1409505343
0.0,0.0001272426517368622,0.0,1409775242
0.0,0.0,0.0001272426517368622,1414469732
0.0,0.0001272426517368622,0.0,1415578772
0.0,0.0,0.0001272426517368622,1422546212
0.0,0.0,0.0001272426517368622,1434732486
0.0,0.0001272426517368622,0.0,1437856304
0.0,0.0,0.0001272426517368622,1456883023
0.0,0.0001272426517368622,0.0,1484651119
0.0,0.0,0.0002544853034737244,1509622267
0.0,0.0,0.0001272426517368622,1523549617
0.0,0.0,0.00038172795521058657,1532819112
0.0,0.0001272426517368622,0.0,1535422453
0.0,0.0,0.0001272426517368622,1537918573
0.0,0.0,0.0001272426517368622,1552538606
0.0,0.0,0.0001272426517368622,1557810643
0.0,0.00038172795521058657,0.000636213258684311,1570350235
0.0,0.00038172795521058657,0.0007634559104211731,1580228064
0.0,0.0001272426517368622,0.0,1587277770
0.0,0.0001272426517368622,0.0,1592044152
0.0,0.0,0.0001272426517368622,1592795264
0.0,0.0,0.0001272426517368622,1593438482
0.0,0.0,0.0002544853034737244,1595254298
0.0,0.0001272426517368622,0.0002544853034737244,1600557554
0.0,0.0,0.0002544853034737244,1605433962
0.0,0.0001272426517368622,0.0,1613898781
0.0,0.0,0.0001272426517368622,1616603472
0.0,0.0,0.0001272426517368622,1632123685
0.0,0.0,0.0001272426517368622,1637572855
0.0,0.0,0.0001272426517368622,1639716373
0.0,0.0,0.0001272426517368622,1664719170
0.0,0.0,0.0001272426517368622,1668431486
0.0,0.0,0.0002544853034737244,1680362100
0.0,0.0001272426517368622,0.0,1683053797
0.0,0.0,0.0001272426517368622,1690890258
0.0,0.0002544853034737244,0.0005089706069474488,1695442555
0.0,0.0002544853034737244,0.0,1704384571
0.0,0.0,0.0001272426517368622,1708735813
0.0,0.0001272426517368622,0.0,1715460890
0.0,0.0,0.0001272426517368622,1733873569
0.0,0.0,0.0001272426517368622,1808267214
0.0,0.0001272426517368622,0.0002544853034737244,1849850612
0.0,0.0,0.0001272426517368622,1851298633
0.0,0.0001272426517368622,0.0,1851438134
0.0,0.0001272426517368622,0.0,1874504276
0.0,0.0,0.0001272426517368622,1892446333
0.0,0.0,0.0001272426517368622,1893758478
0.0,0.0,0.0001272426517368622,1899850260
0.0,0.0,0.0001272426517368622,1902051997
0.0,0.0,0.0005089706069474488,1907609012
0.0,0.0001272426517368622,0.0002544853034737244,1913262020
0.0,0.0,0.0001272426517368622,1920668550
0.0,0.0,0.0001272426517368622,1922253924
0.0,0.0,0.0001272426517368622,1923691058
0.0,0.0,0.0001272426517368622,1931173363
0.0,0.0001272426517368622,0.0,1937077465
0.0,0.0,0.0001272426517368622,1945683854
0.0,0.0,0.0001272426517368622,1946156508
0.0,0.0,0.0001272426517368622,1950737006
0.0,0.0001272426517368622,0.0001272426517368622,1953063710
0.0,0.0008906985621580354,0.0024176103830003816,1955720384
0.0,0.0,0.0001272426517368622,1965776832
0.0,0.0,0.0002544853034737244,1978322882
0.0,0.0,0.0001272426517368622,2154193748
0.0,0.0001272426517368622,0.0,2159555124
0.0,0.0001272426517368622,0.000636213258684311,2167847923
0.0,0.0,0.0001272426517368622,2189820660
0.0,0.0,0.0001272426517368622,2191326486
0.0,0.0001272426517368622,0.0,2200317882
0.0,0.0,0.0001272426517368622,2200418306
0.0,0.0,0.0001272426517368622,2202355524
0.0,0.0001272426517368622,0.0,2204440794
0.0,0.0001272426517368622,0.0,2210127277
0.0,0.0001272426517368622,0.0,2224896846
0.0,0.0,0.0001272426517368622,2233914776
0.0,0.0,0.0001272426517368622,2241786542
0.0,0.0,0.0001272426517368622,2263737588
0.0,0.0,0.0001272426517368622,2273632160
0.0,0.0,0.0001272426517368622,2279758842
0.0,0.0,0.0001272426517368622,2281363548
0.0,0.0001272426517368622,0.0005089706069474488,2281953018
0.0,0.0,0.0001272426517368622,2283431077
0.0,0.0001272426517368622,0.0,2287758954
0.0,0.0002544853034737244,0.0007634559104211731,2294201833
0.0,0.0,0.00038172795521058657,2297582839
0.0,0.0,0.0001272426517368622,2300238571
0.0,0.0001272426517368622,0.0,2300851680
0.0,0.0001272426517368622,0.0,2309562402
0.0,0.0,0.0001272426517368622,2312803273
0.0,0.0,0.0001272426517368622,2313204931
0.0,0.0,0.0001272426517368622,2313317216
0.0,0.0,0.0001272426517368622,2315231857
0.0,0.0001272426517368622,0.0,2321394518
0.0,0.0,0.0005089706069474488,2322065402
0.0,0.000636213258684311,0.0007634559104211731,2324314232
0.0,0.0001272426517368622,0.0002544853034737244,2330373110
0.0,0.0,0.0001272426517368622,2333031210
0.0,0.0,0.0001272426517368622,2341307978
0.0,0.0,0.0001272426517368622,2344450981
0.0,0.0,0.0001272426517368622,2344987903
0.0,0.0008906985621580354,0.001272426517368622,2359256119
0.0,0.0002544853034737244,0.000636213258684311,2360323201
0.0,0.0001272426517368622,0.00038172795521058657,2365152944
0.0,0.0,0.0001272426517368622,2370248125
0.0,0.0001272426517368622,0.0,2376905809
0.0,0.0,0.0002544853034737244,2385999008
0.0,0.0001272426517368622,0.00038172795521058657,2402894750
0.0,0.0,0.0001272426517368622,2403260629
0.0,0.0,0.0001272426517368622,2408638574
0.0,0.0,0.0001272426517368622,2410882465
0.0,0.0002544853034737244,0.0002544853034737244,2415915638
0.0,0.0,0.0001272426517368622,2420284284
0.0,0.0002544853034737244,0.000636213258684311,2423480636
0.0,0.0,0.0001272426517368622,2425648112
0.0,0.0,0.0005089706069474488,2435230754
0.0,0.0,0.0001272426517368622,2438299764
0.0,0.0,0.0001272426517368622,2450721206
0.0,0.0001272426517368622,0.0001272426517368622,2455918632
0.0,0.0005089706069474488,0.000636213258684311,2459169938
0.0,0.0,0.0001272426517368622,2464579093
0.0,0.0001272426517368622,0.0001272426517368622,2470821504
0.0,0.0001272426517368622,0.0,2475518550
0.0,0.0,0.0001272426517368622,2476395422
0.0,0.0001272426517368622,0.0,2483605494
0.0,0.0,0.0001272426517368622,2494697116
0.0,0.0,0.0001272426517368622,2498963143
0.0,0.0,0.0001272426517368622,2522242938
0.0,0.0001272426517368622,0.0,2539013737
0.0,0.0,0.0001272426517368622,2546859048
0.0,0.0,0.0001272426517368622,2549618714
0.0,0.0,0.0001272426517368622,2551193485
0.0,0.0001272426517368622,0.0,2554970816
0.0,0.0,0.0002544853034737244,2560762160
0.0,0.0,0.0001272426517368622,2569880294
0.0,0.0,0.00038172795521058657,2570427830
0.0,0.0,0.0001272426517368622,2571856887
0.0,0.0,0.0001272426517368622,2582978460
0.0,0.0001272426517368622,0.000636213258684311,2584746324
0.0,0.0008906985621580354,0.0017813971243160708,2587278392
0.0,0.0,0.0002544853034737244,2590355652
0.0,0.0,0.0001272426517368622,2591139138
0.0,0.0,0.0001272426517368622,2595778357
0.0001272426517368622,0.0001272426517368622,0.0002544853034737244,2601524623
0.0,0.0001272426517368622,0.0001272426517368622,2601647804
0.0,0.0,0.0001272426517368622,2606845027
0.0,0.0001272426517368622,0.0,2616414786
0.0,0.00038172795521058657,0.000636213258684311,2640990344
0.0,0.0001272426517368622,0.0,2643566464
0.0,0.0,0.0001272426517368622,2650305320
0.0,0.0010179412138948975,0.0021631250795266575,2650794800
0.0,0.0001272426517368622,0.0,2675563262
0.0,0.0001272426517368622,0.0001272426517368622,2681992230
0.0,0.0,0.0001272426517368622,2684662728
0.0,0.0,0.0001272426517368622,2686563469
0.0,0.0,0.0001272426517368622,2691604651
0.0,0.0001272426517368622,0.0002544853034737244,2691817417
0.0,0.0001272426517368622,0.0001272426517368622,2700379730
0.0,0.0,0.0001272426517368622,2703225518
0.0,0.0,0.0001272426517368622,2705337668
0.0,0.0,0.0001272426517368622,2710541450
0.0,0.0,0.0001272426517368622,2710900951
0.0,0.0,0.0001272426517368622,2718362810
0.0,0.0,0.00038172795521058657,2726130763
0.0,0.0001272426517368622,0.00038172795521058657,2734698319
0.0,0.0,0.0001272426517368622,2750824903
0.0,0.029393052551215167,0.06171268609237816,2756873076
0.0,0.0,0.0001272426517368622,2784049716
0.0,0.0001272426517368622,0.0,2785123074
0.0,0.0,0.0001272426517368622,2790288915
0.0,0.0,0.0001272426517368622,2797371979
0.0,0.0001272426517368622,0.0,2797758762
0.0,0.0,0.0001272426517368622,2814697776
0.0,0.0,0.0001272426517368622,2820779388
0.0,0.00038172795521058657,0.001272426517368622,2829213614
0.0,0.0,0.0001272426517368622,2829793357
0.0,0.00038172795521058657,0.0010179412138948975,2831363550
0.0,0.0,0.0001272426517368622,2831757013
0.0,0.0,0.0001272426517368622,2852877864
0.0,0.0,0.0001272426517368622,2856816230
0.0,0.0001272426517368622,0.0,2872417253
0.0,0.0,0.0001272426517368622,2872899853
0.0,0.0,0.0001272426517368622,2876607031
0.0,0.0,0.0001272426517368622,2878701780
0.0,0.0,0.0001272426517368622,2881426850
0.0,0.0001272426517368622,0.0,2883133296
0.0,0.0,0.0001272426517368622,2886833989
0.0,0.0,0.0001272426517368622,2887048652
0.0,0.0001272426517368622,0.000636213258684311,2891662632
0.0,0.0,0.0001272426517368622,2895680568
0.0,0.0001272426517368622,0.0,2907613274
0.0,0.0,0.0001272426517368622,2907726151
0.0,0.0,0.0001272426517368622,2907788046
0.0,0.0,0.0001272426517368622,2909905314
0.0,0.0001272426517368622,0.0,2910757561
0.0,0.0,0.0001272426517368622,2913505338
0.0,0.0001272426517368622,0.0001272426517368622,2916179023
0.0,0.0001272426517368622,0.0,2919058680
0.0,0.0,0.0001272426517368622,2926234633
0.0,0.0,0.0001272426517368622,2928145964
0.0,0.0001272426517368622,0.0,2930199847
0.0,0.0,0.0001272426517368622,2930389837
0.0,0.0001272426517368622,0.0,2931789037
0.0,0.0,0.0001272426517368622,2933995596
0.0,0.0,0.0001272426517368622,2934037050
0.0,0.0,0.0002544853034737244,2938968216
0.0,0.0,0.0001272426517368622,2941316894
0.0,0.0,0.0002544853034737244,2941433214
0.0,0.0,0.0001272426517368622,2942269873
0.0,0.0002544853034737244,0.00038172795521058657,2944706828
0.0,0.000636213258684311,0.002035882427789795,2949949244
0.0,0.0001272426517368622,0.00038172795521058657,2951881910
0.0,0.0002544853034737244,0.0,2953604840
0.0,0.0,0.0001272426517368622,2954375587
0.0,0.0,0.0001272426517368622,2959035272
0.0,0.0,0.0001272426517368622,2959270807
0.0,0.0,0.0001272426517368622,2959321592
0.0,0.0001272426517368622,0.0001272426517368622,2960021016
0.0,0.0,0.0001272426517368622,2963084145
0.0,0.0001272426517368622,0.0001272426517368622,2969344940
0.0,0.0,0.0001272426517368622,2975658060
0.0,0.0,0.0001272426517368622,2978028493
0.0,0.0001272426517368622,0.0,2987013481
0.0,0.0001272426517368622,0.0002544853034737244,2987669000
0.0,0.0001272426517368622,0.0001272426517368622,2989104576
0.0,0.0,0.0001272426517368622,2991476692
0.0,0.0002544853034737244,0.001272426517368622,2992750166
0.0,0.0,0.00038172795521058657,2995021182
0.0,0.0001272426517368622,0.0,2995238508
0.0,0.0001272426517368622,0.0001272426517368622,2996880769
0.0,0.0001272426517368622,0.0002544853034737244,2999165598
0.0,0.0,0.0001272426517368622,3004682262
0.0,0.0,0.0001272426517368622,3006153780
0.0,0.0001272426517368622,0.0,3011276515
0.0,0.0001272426517368622,0.0001272426517368622,3013198644
0.0,0.0,0.0001272426517368622,3014112282
0.0,0.0001272426517368622,0.0001272426517368622,3014154552
0.0,0.0001272426517368622,0.0002544853034737244,3015585874
0.0,0.0001272426517368622,0.0002544853034737244,3016260620
0.0,0.0,0.0001272426517368622,3016696205
0.0,0.0002544853034737244,0.00038172795521058657,3017002076
0.0,0.0,0.0001272426517368622,3017288564
0.0,0.0,0.0002544853034737244,3018304886
0.0,0.0,0.0001272426517368622,3018349502
0.0,0.0,0.0001272426517368622,3019317787
0.0,0.0001272426517368622,0.0,3019474338
0.0,0.0001272426517368622,0.0,3023378215
0.0,0.0,0.0002544853034737244,3023528413
0.0,0.0001272426517368622,0.0,3029292959
0.0,0.0,0.0001272426517368622,3029840821
0.0,0.0001272426517368622,0.0,3035977591
0.0,0.0,0.0002544853034737244,3037268654
0.0,0.0,0.0001272426517368622,3038914968
0.0,0.0001272426517368622,0.0002544853034737244,3038926481
0.0,0.0,0.0001272426517368622,3040022441
0.0,0.0,0.0001272426517368622,3041100698
0.0,0.0,0.0001272426517368622,3041131267
0.0,0.0,0.0001272426517368622,3041193775
0.0,0.0,0.0002544853034737244,3043106869
0.0,0.0,0.0002544853034737244,3043709587
0.0,0.0,0.0001272426517368622,3052259569
0.0,0.0001272426517368622,0.0,3056089651
0.0,0.0,0.0001272426517368622,3061078507
0.0,0.0,0.0001272426517368622,3061698116
0.0,0.0001272426517368622,0.0001272426517368622,3063697555
0.0,0.0001272426517368622,0.0007634559104211731,3063966541
0.0,0.0,0.0001272426517368622,3066306967
0.0,0.0,0.0001272426517368622,3068552947
0.0,0.0001272426517368622,0.0001272426517368622,3079113053
