Id,Label,timeset,Degree,Weighted Degree,Eccentricity,closnesscentrality,harmonicclosnesscentrality,betweenesscentrality,Authority,Hub,modularity_class,pageranks,componentnumber,clustering,triangles,eigencentrality
13857342,,,66,1.307278,4,0.439082,0.48559,0.056753,0.075865,0.075865,3,0.00179,0,0.048485,104,0.303024
413779729,,,25,37,5,0.392632,0.424129,0.007006,0.034121,0.034121,3,0.004961,0,0.1,30,0.137407
930620467,,,52,2.199461,5,0.424105,0.466644,0.021236,0.074631,0.074631,3,0.000921,0,0.077677,103,0.292551
23935607,,,31,48,4,0.396176,0.429736,0.00558,0.043528,0.043528,3,0.004209,0,0.178495,83,0.175367
9609622,,,26,29,5,0.383154,0.415393,0.009804,0.025168,0.025168,0,0.003669,0,0.107692,35,0.108272
779043331,,,27,39,5,0.437024,0.466421,0.007188,0.057615,0.057615,0,0.003978,0,0.296296,104,0.235379
27632906,,,2,2,5,0.343937,0.362846,0.000035,0.006492,0.006492,0,0.000403,0,0,0,0.027275
124948370,,,3,3,5,0.327912,0.346693,0.000054,0.004818,0.004818,4,0.000472,0,0,0,0.021358
65300245,,,3,4,5,0.318259,0.337757,0.002679,0.003806,0.003806,4,0.000886,0,0,0,0.017479
28976669,,,4,5,5,0.362136,0.3834,0.000601,0.009476,0.009476,0,0.000763,0,0.5,3,0.040013
121728542,,,8,11,5,0.376008,0.399374,0.000683,0.016896,0.016896,9,0.001172,0,0.392857,11,0.070305
2385999008,,,21,32.002695,4,0.431463,0.458445,0.00627,0.049904,0.049904,0,0.003212,0,0.295238,62,0.201851
144840737,,,25,33,5,0.439858,0.468208,0.002384,0.06197,0.06197,0,0.00309,0,0.383333,115,0.252148
22863660,,,6,10,5,0.34553,0.366175,0.000694,0.009136,0.009136,0,0.001088,0,0.266667,4,0.039127
416182191,,,1,1,6,0.277117,0.288271,0,0.000737,0.000737,0,0.000307,0,0,0,0.003613
29424561,,,13,14,5,0.385729,0.412936,0.001401,0.026891,0.026891,0,0.001453,0,0.24359,19,0.108232
63070517,,,5,6,5,0.368942,0.391801,0.000164,0.013531,0.013531,4,0.000798,0,0.6,6,0.055885
2570427830,,,11,12,5,0.424587,0.448548,0.000566,0.038843,0.038843,0,0.001292,0,0.672727,37,0.159221
240049848,,,5,7,5,0.31637,0.329178,0.001188,0.00442,0.00442,0,0.001009,0,0.4,4,0.019229
152992187,,,8,8.002695,5,0.397655,0.423727,0.002328,0.022717,0.022717,4,0.001125,0,0.321429,9,0.094745
20644420,,,197,280,4,0.53592,0.61126,0.162274,0.252761,0.252761,1,0.027275,0,0.050969,984,1
37659338,,,6,4.005391,5,0.342359,0.358914,0.000456,0.009147,0.009147,0,0.00074,0,0.2,3,0.037782
1103294161,,,9,9.002695,5,0.413296,0.437265,0.001079,0.03084,0.03084,0,0.001032,0,0.555556,20,0.126901
22605785,,,1,1,6,0.277117,0.288271,0,0.000737,0.000737,0,0.000307,0,0,0,0.003613
1333946204,,,4,4.002695,5,0.324066,0.339366,0.000893,0.003075,0.003075,0,0.000844,0,0.333333,2,0.014168
151412447,,,10,11.002695,5,0.416295,0.440617,0.002921,0.032939,0.032939,0,0.001284,0,0.533333,24,0.135431
167221856,,,12,15,5,0.371329,0.396649,0.001523,0.014776,0.014776,3,0.001747,0,0.181818,12,0.064536
14707553,,,15,22,5,0.37753,0.403954,0.002397,0.022885,0.022885,3,0.00201,0,0.171429,18,0.094957
2330373110,,,3,3,5,0.347623,0.367203,0.000053,0.008075,0.008075,0,0.000479,0,0.333333,1,0.034173
37413076,,,17,31.008086,4,0.403461,0.430295,0.000651,0.050276,0.050276,2,0.002289,0,0.492647,67,0.189656
1955720384,,,40,58.053908,4,0.430716,0.466041,0.005305,0.093334,0.093334,2,0.00437,0,0.265385,207,0.355068
1059207842,,,50,69.005391,4,0.434732,0.473749,0.008832,0.103343,0.103343,2,0.005298,0,0.207347,254,0.394408
193700451,,,37,65,4,0.406983,0.442918,0.004906,0.078482,0.078482,2,0.004857,0,0.235736,157,0.297127
24791335,,,12,21,5,0.3549,0.376251,0.000436,0.022613,0.022613,2,0.001788,0,0.19697,13,0.086137
482583016,,,16,24.016173,4,0.394918,0.421805,0.000531,0.049783,0.049783,2,0.00182,0,0.516667,62,0.186864
2710541450,,,101,162.008086,4,0.466542,0.522676,0.054701,0.142545,0.142545,3,0.013864,0,0.077228,390,0.557983
99233470,,,98,152,4,0.473651,0.52681,0.053034,0.150013,0.150013,2,0.013683,0,0.087103,414,0.584733
157996080,,,39,64.002695,5,0.399786,0.437265,0.002753,0.075698,0.075698,2,0.004781,0,0.187584,139,0.288197
2459169938,,,43,71.013477,4,0.430965,0.46727,0.006913,0.101718,0.101718,2,0.005339,0,0.273533,247,0.384865
327926324,,,8,13,5,0.354058,0.374598,0.000019,0.022704,0.022704,2,0.001062,0,0.607143,17,0.084666
376679416,,,38,57,4,0.452945,0.483914,0.006436,0.097696,0.097696,2,0.00461,0,0.244666,172,0.377575
359236505,,,97,173.018868,4,0.490467,0.537534,0.036555,0.185784,0.185784,2,0.013432,0,0.144545,673,0.710749
64980891,,,28,44,4,0.40368,0.435657,0.000822,0.080897,0.080897,2,0.003181,0,0.449735,170,0.302433
27225245,,,30,53.005391,5,0.382564,0.416309,0.00371,0.062427,0.062427,2,0.00411,0,0.257471,112,0.23438
2831363550,,,44,63.005391,4,0.45599,0.489388,0.004527,0.121445,0.121445,2,0.004736,0,0.302326,286,0.46329
556661091,,,40,48.016173,5,0.419101,0.456591,0.012383,0.058638,0.058638,4,0.00421,0,0.1,78,0.236387
23411203,,,28,53,4,0.436768,0.466711,0.004189,0.080126,0.080126,3,0.004084,0,0.312169,118,0.306971
130417544,,,99,118,4,0.485361,0.535411,0.042617,0.145915,0.145915,0,0.011569,0,0.086374,419,0.584237
198773386,,,20,26.010782,5,0.398292,0.426765,0.001696,0.047789,0.047789,6,0.002171,0,0.215789,41,0.183363
20051851,,,3,6,6,0.317988,0.333289,0.000025,0.003757,0.003757,4,0.000716,0,0,0,0.015798
22116112,,,18,26,5,0.388744,0.417158,0.001553,0.030685,0.030685,4,0.002249,0,0.228758,35,0.125659
33134609,,,9,11.002695,5,0.392425,0.416153,0.000702,0.022412,0.022412,4,0.001088,0,0.333333,12,0.091495
232728981,,,9,13,5,0.384338,0.410031,0.000692,0.020967,0.020967,8,0.001261,0,0.166667,6,0.082984
397153813,,,18,35,5,0.379837,0.407596,0.001682,0.035267,0.035267,4,0.002799,0,0.202614,31,0.138105
3236121,,,11,17,5,0.352219,0.372989,0.001169,0.010498,0.010498,4,0.0017,0,0.145455,8,0.045853
270294818,,,9,13,5,0.350235,0.370085,0.002102,0.010677,0.010677,8,0.001356,0,0.194444,7,0.045233
2891662632,,,12,13.002695,5,0.420993,0.44609,0.002319,0.036914,0.036914,0,0.001421,0,0.318182,21,0.149063
23699500,,,15,29,4,0.403898,0.430407,0.000706,0.042235,0.042235,4,0.002355,0,0.4,42,0.16446
14711982,,,80,139.005391,4,0.480361,0.523458,0.032311,0.142078,0.142078,0,0.011299,0,0.130063,411,0.561415
23053753,,,23,27.002695,4,0.416527,0.446828,0.002737,0.047233,0.047233,2,0.00229,0,0.146245,37,0.187262
91351746,,,5,7.002695,5,0.336795,0.358512,0.00069,0.007559,0.007559,9,0.000785,0,0.1,1,0.03208
2313204931,,,13,20,4,0.423864,0.448391,0.000586,0.039643,0.039643,0,0.001846,0,0.512821,40,0.161102
130123715,,,28,36,5,0.40194,0.436238,0.00707,0.04144,0.04144,4,0.003283,0,0.169312,64,0.170168
1913262020,,,7,6.002695,4,0.379644,0.401475,0.000095,0.022003,0.022003,1,0.000653,0,0.380952,8,0.085144
23747654,,,28,53,5,0.417459,0.449553,0.003064,0.063929,0.063929,1,0.004096,0,0.224868,85,0.247216
138294089,,,31,44.010782,5,0.447779,0.477033,0.008738,0.076641,0.076641,2,0.003781,0,0.230108,107,0.299812
704903653,,,20,31,5,0.389556,0.418945,0.002329,0.034664,0.034664,4,0.002794,0,0.221053,42,0.137924
14473703,,,6,10.002695,5,0.355069,0.373861,0.00267,0.015408,0.015408,3,0.00107,0,0.466667,7,0.059314
170276973,,,41,56.005391,4,0.445107,0.479334,0.010986,0.089085,0.089085,2,0.004551,0,0.192683,158,0.345911
351399926,,,25,33,4,0.386929,0.417672,0.002063,0.03819,0.03819,4,0.002823,0,0.186667,56,0.154251
599745022,,,85,151.018868,4,0.486628,0.529602,0.027402,0.1693,0.1693,8,0.011918,0,0.156303,558,0.653308
71952630,,,5,4.002695,4,0.406983,0.428954,0.00016,0.026386,0.026386,0,0.000559,0,0.6,6,0.105517
590023803,,,92,117.018868,4,0.483474,0.530719,0.029426,0.175216,0.175216,2,0.00958,0,0.139752,585,0.674593
2756873076,,,32,3.105121,5,0.398717,0.433579,0.012917,0.038799,0.038799,5,0.001774,0,0.058468,29,0.155555
2784049716,,,1,2,6,0.285168,0.296828,0,0.001136,0.001136,5,0.001171,0,0,0,0.00489
14770241,,,6,7,5,0.38553,0.409495,0.000653,0.019642,0.019642,1,0.000789,0,0.2,3,0.078951
2587278392,,,29,37.002695,4,0.431463,0.462913,0.00598,0.069101,0.069101,6,0.003367,0,0.221675,90,0.267797
19178668,,,107,119,4,0.458513,0.519772,0.058684,0.104716,0.104716,4,0.0124,0,0.044789,254,0.43747
23288511,,,5,9,5,0.308647,0.324039,0.000154,0.003711,0.003711,3,0.000977,0,0,0,0.016114
573614242,,,6,9.002695,5,0.364436,0.384584,0.000084,0.019409,0.019409,6,0.000818,0,0.533333,8,0.074236
340376505,,,119,231.008086,4,0.487901,0.546247,0.047207,0.19821,0.19821,6,0.018487,0,0.098846,694,0.76182
22871737,,,21,31.002695,5,0.4117,0.441287,0.002295,0.050044,0.050044,3,0.002494,0,0.261905,55,0.194243
709105290,,,7,7,5,0.395966,0.419392,0.000551,0.023025,0.023025,1,0.000855,0,0.380952,8,0.091602
1923691058,,,4,5,5,0.392838,0.415304,0.000013,0.020366,0.020366,1,0.000661,0,0.833333,5,0.081333
1849850612,,,8,8.002695,5,0.390576,0.417248,0.000256,0.02454,0.02454,2,0.000834,0,0.392857,11,0.096571
25227822,,,32,54.002695,4,0.423623,0.456658,0.009277,0.061943,0.061943,3,0.00454,0,0.173387,86,0.244957
55566167,,,35,46,5,0.428243,0.462846,0.006836,0.065204,0.065204,0,0.004004,0,0.173109,103,0.260542
21848593,,,16,21.002695,4,0.448857,0.470733,0.002282,0.059107,0.059107,0,0.001892,0,0.483333,58,0.235988
3006153780,,,15,21,5,0.430965,0.455585,0.001066,0.050862,0.050862,8,0.001846,0,0.380952,40,0.200837
236242644,,,7,9,5,0.398079,0.422788,0.000198,0.02437,0.02437,9,0.000979,0,0.571429,12,0.10127
1093638847,,,169,179,4,0.514838,0.586126,0.117965,0.19656,0.19656,0,0.020208,0,0.047267,671,0.797034
1131146245,,,3,5,6,0.254087,0.262623,0.000012,0.000327,0.000327,0,0.000997,0,0.333333,1,0.002491
108241254,,,8,12,5,0.363725,0.385143,0.000115,0.024188,0.024188,2,0.001069,0,0.321429,9,0.091211
3063966541,,,4,5,5,0.374122,0.397676,0.000069,0.017956,0.017956,8,0.000601,0,0.5,3,0.070508
3017288564,,,24,30,5,0.420756,0.451005,0.002765,0.056902,0.056902,2,0.002623,0,0.213768,59,0.219296
3017002076,,,19,29,4,0.419809,0.447274,0.000357,0.062385,0.062385,2,0.002293,0,0.526316,90,0.236861
2273632160,,,6,12,5,0.347623,0.363807,0.000101,0.010325,0.010325,9,0.001127,0,0.2,3,0.040387
15641984,,,15,23,5,0.395546,0.422073,0.00117,0.040014,0.040014,2,0.001881,0,0.314286,33,0.153332
346491432,,,18,24.002695,5,0.387936,0.416488,0.005034,0.024931,0.024931,9,0.002468,0,0.098039,15,0.102733
82184658,,,6,7,5,0.388744,0.412399,0.000706,0.015707,0.015707,9,0.00082,0,0.266667,4,0.066813
1690890258,,,12,21.005391,5,0.376008,0.401005,0.001089,0.027721,0.027721,3,0.001741,0,0.227273,15,0.107096
98896743,,,2,2,5,0.367669,0.390282,0,0.013156,0.013156,1,0.000378,0,1,1,0.052847
1946156508,,,2,2.002695,5,0.305487,0.320085,0.002652,0.002223,0.002223,7,0.001338,0,0,0,0.00962
2878701780,,,1,2,6,0.234076,0.240773,0,0.000065,0.000065,7,0.001336,0,0,0,0.000594
2360323201,,,122,152,4,0.492734,0.551162,0.063735,0.181927,0.181927,1,0.014657,0,0.076412,564,0.713915
22859657,,,11,16,5,0.392013,0.418811,0.001917,0.030209,0.030209,0,0.001706,0,0.418182,23,0.120766
2455918632,,,10,10.005391,5,0.405655,0.430786,0.000775,0.030686,0.030686,1,0.001066,0,0.511111,23,0.125779
19440175,,,12,18,4,0.419573,0.444593,0.002725,0.039806,0.039806,1,0.001731,0,0.424242,28,0.160249
22310197,,,8,10,5,0.365866,0.387109,0.000041,0.022769,0.022769,6,0.000952,0,0.5,14,0.087061
17569860,,,45,49,4,0.452945,0.487154,0.016165,0.077194,0.077194,0,0.005181,0,0.134343,133,0.312647
41973345,,,10,13,5,0.420045,0.443856,0.000974,0.03158,0.03158,8,0.001254,0,0.355556,16,0.129306
31103336,,,6,8,5,0.354226,0.376966,0.00015,0.01338,0.01338,0,0.000925,0,0.466667,7,0.055927
471589631,,,7,7,5,0.40259,0.426363,0.000094,0.029658,0.029658,0,0.000777,0,0.571429,12,0.117227
74418780,,,6,6,5,0.405435,0.428441,0.000413,0.029519,0.029519,1,0.000705,0,0.666667,10,0.115854
180755998,,,7,12,5,0.348598,0.366912,0.000853,0.009089,0.009089,1,0.001211,0,0.285714,6,0.03827
347048522,,,23,34.013477,4,0.421707,0.451296,0.002827,0.055207,0.055207,1,0.002883,0,0.225296,57,0.21485
26927867,,,9,11,5,0.37431,0.397542,0.002145,0.021355,0.021355,1,0.001163,0,0.277778,10,0.08417
2281363548,,,2,4,6,0.281403,0.291466,0,0.000891,0.000891,1,0.000551,0,1,1,0.004066
769193119,,,3,5,5,0.325907,0.342203,0.002652,0.00595,0.00595,2,0.000817,0,0.333333,1,0.022988
711802766,,,1,2,6,0.24588,0.252927,0,0.000174,0.000174,2,0.000478,0,0,0,0.000941
1116121759,,,22,41,5,0.38414,0.413963,0.002119,0.053012,0.053012,2,0.00326,0,0.324675,75,0.199205
342069311,,,1,1,5,0.349088,0.367538,0,0.007401,0.007401,1,0.000283,0,0,0,0.029185
34472348,,,9,13,4,0.397655,0.421917,0.00089,0.026623,0.026623,1,0.001343,0,0.305556,11,0.106751
229376260,,,9,13,5,0.405215,0.431546,0.000242,0.032774,0.032774,1,0.001309,0,0.583333,21,0.131651
885751759,,,9,18,5,0.339709,0.3563,0.000322,0.012994,0.012994,2,0.001598,0,0.083333,3,0.049235
480300122,,,30,49.002695,5,0.382564,0.414924,0.00635,0.036979,0.036979,1,0.004233,0,0.062069,27,0.146816
31076291,,,8,10,5,0.366225,0.390617,0.000127,0.018271,0.018271,0,0.001013,0,0.357143,10,0.074333
2294201833,,,12,20,5,0.371514,0.39685,0.000428,0.027253,0.027253,8,0.00171,0,0.227273,15,0.104304
238768817,,,9,11.008086,5,0.360561,0.382484,0.000729,0.011793,0.011793,8,0.001096,0,0.194444,7,0.049947
2322065402,,,36,60.005391,4,0.411019,0.446716,0.003507,0.091536,0.091536,2,0.00441,0,0.31746,200,0.343137
162266849,,,31,43.005391,4,0.448048,0.477324,0.003849,0.088421,0.088421,2,0.003467,0,0.301075,140,0.341807
19580931,,,17,34,4,0.397443,0.424933,0.002329,0.043825,0.043825,3,0.002844,0,0.286765,39,0.168323
2959270807,,,10,12,4,0.394292,0.418789,0.000223,0.032123,0.032123,2,0.00106,0,0.377778,17,0.124159
60572195,,,13,17,4,0.426773,0.450849,0.000482,0.053088,0.053088,2,0.001508,0,0.551282,43,0.205547
1532819112,,,2,2,5,0.356086,0.376944,0,0.009553,0.009553,0,0.000378,0,1,1,0.038341
546641586,,,11,8.010782,5,0.366585,0.389835,0.000383,0.024225,0.024225,2,0.000788,0,0.127273,7,0.093498
714051386,,,67,111.002695,4,0.457108,0.500335,0.007931,0.154345,0.154345,2,0.008142,0,0.230213,509,0.583543
424617920,,,7,12,5,0.388339,0.41202,0.000095,0.027539,0.027539,2,0.001047,0,0.428571,9,0.106183
29927621,,,12,20,5,0.404995,0.430675,0.000826,0.040636,0.040636,2,0.001699,0,0.575758,38,0.15544
272701790,,,16,20,5,0.388947,0.417091,0.001726,0.023698,0.023698,3,0.001798,0,0.125,15,0.097498
64855519,,,11,14.002695,5,0.354394,0.375246,0.00013,0.019978,0.019978,4,0.001234,0,0.381818,21,0.078886
254941287,,,31,50,4,0.41676,0.449844,0.00196,0.082834,0.082834,2,0.003829,0,0.341935,159,0.313253
1240932972,,,5,8,5,0.330674,0.345956,0.00004,0.009201,0.009201,2,0.000803,0,0.3,3,0.034421
38486565,,,1,1,5,0.308647,0.31756,0,0.002431,0.002431,2,0.000275,0,0,0,0.009009
86277690,,,26,38,4,0.446172,0.473302,0.005984,0.083017,0.083017,2,0.003363,0,0.384615,125,0.320974
436502521,,,29,44.005391,4,0.417459,0.449732,0.005521,0.062505,0.062505,8,0.003654,0,0.194581,79,0.242285
35588686,,,2,3.002695,5,0.291748,0.302569,0.000008,0.001591,0.001591,1,0.0005,0,0,0,0.006451
43675137,,,4,6.002695,5,0.357965,0.377458,0.000743,0.009068,0.009068,1,0.000803,0,0,0,0.036543
17263897,,,22,21.013477,5,0.392219,0.422386,0.003839,0.045264,0.045264,2,0.001805,0,0.155844,36,0.17392
29406736,,,18,25.005391,4,0.410793,0.438226,0.005327,0.047466,0.047466,6,0.002342,0,0.254902,39,0.18373
187138183,,,32,46.005391,4,0.407205,0.441242,0.008591,0.063872,0.063872,6,0.004215,0,0.157258,78,0.244523
1386366252,,,3,5,5,0.309672,0.321224,0.000021,0.003152,0.003152,3,0.000616,0,0,0,0.01253
38650214,,,8,11.002695,5,0.333482,0.353753,0.000923,0.00727,0.00727,3,0.001114,0,0.035714,1,0.03103
772477398,,,13,14.005391,5,0.386328,0.412846,0.001366,0.024617,0.024617,4,0.00131,0,0.217949,17,0.100209
486241691,,,8,9.002695,5,0.351721,0.374531,0.000841,0.010872,0.010872,3,0.001088,0,0.214286,6,0.047029
2829213614,,,6,6.002695,5,0.40194,0.425089,0.000106,0.024446,0.024446,3,0.000714,0,0.6,9,0.098259
38290921,,,12,15,5,0.406097,0.432574,0.000852,0.038085,0.038085,8,0.001441,0,0.333333,22,0.150341
33026792,,,6,7.002695,5,0.346172,0.36307,0.000134,0.011323,0.011323,8,0.000783,0,0.133333,2,0.043711
2105021,,,53,89.008086,4,0.458231,0.494303,0.009706,0.116396,0.116396,8,0.007273,0,0.198113,273,0.447908
2402894750,,,16,17.005391,5,0.371144,0.396917,0.001175,0.033548,0.033548,2,0.001513,0,0.208333,25,0.128213
21636104,,,1,2.002695,6,0.262122,0.269549,0,0.000451,0.000451,3,0.000382,0,0,0,0.001927
31069840,,,30,57,5,0.404555,0.438159,0.006024,0.05549,0.05549,3,0.004494,0,0.202299,88,0.217476
39935935,,,43,69,5,0.399572,0.439276,0.003614,0.083344,0.083344,2,0.005109,0,0.197121,178,0.317162
264598651,,,8,13,5,0.366225,0.388874,0.000579,0.015031,0.015031,1,0.001189,0,0.035714,1,0.059181
297148960,,,8,14,5,0.337404,0.3521,0.000229,0.007007,0.007007,9,0.001405,0,0.035714,1,0.029124
53128314,,,6,8,5,0.369307,0.390505,0.000116,0.021126,0.021126,6,0.00077,0,0.333333,5,0.081595
298498586,,,15,24,5,0.400215,0.426877,0.002549,0.027622,0.027622,1,0.002287,0,0.142857,15,0.112917
247696871,,,37,50,4,0.418161,0.453642,0.008433,0.064466,0.064466,10,0.004206,0,0.145646,97,0.252231
52374272,,,10,12.002695,4,0.390576,0.414768,0.000677,0.023798,0.023798,10,0.001138,0,0.355556,16,0.094664
36327171,,,19,29,5,0.381196,0.409339,0.001099,0.037142,0.037142,10,0.002357,0,0.280702,48,0.144632
79459832,,,30,50.005391,4,0.442993,0.472297,0.004644,0.083416,0.083416,2,0.003928,0,0.296552,129,0.320605
15037961,,,4,6,5,0.357451,0.377681,0.002676,0.010191,0.010191,10,0.000887,0,0.166667,1,0.040476
19707925,,,12,18,5,0.406097,0.432239,0.000387,0.04226,0.04226,8,0.001508,0,0.424242,28,0.16312
38645535,,,10,13.005391,5,0.350399,0.369929,0.002913,0.012902,0.012902,10,0.001406,0,0.111111,5,0.052032
33894316,,,16,22.002695,4,0.403025,0.429848,0.00053,0.050952,0.050952,8,0.001766,0,0.466667,56,0.193336
36951856,,,26,42.002695,5,0.379065,0.40954,0.00452,0.045756,0.045756,2,0.003459,0,0.187692,61,0.175238
3043106869,,,11,14.002695,4,0.408096,0.432306,0.000634,0.031022,0.031022,8,0.001277,0,0.345455,19,0.122169
16947907,,,10,16,5,0.361434,0.382685,0.000711,0.020994,0.020994,10,0.001472,0,0.244444,11,0.080703
320171714,,,7,11,5,0.362312,0.382507,0.000067,0.020308,0.020308,8,0.000973,0,0.238095,5,0.077211
3015585874,,,9,11.005391,5,0.404775,0.429602,0.000639,0.033114,0.033114,4,0.001033,0,0.444444,16,0.128935
22314584,,,4,4,5,0.315433,0.330407,0.000016,0.006742,0.006742,2,0.000478,0,0.166667,1,0.025363
135132634,,,26,47,5,0.438308,0.466644,0.011123,0.060196,0.060196,10,0.004037,0,0.206154,67,0.239216
2408638574,,,39,51.010782,4,0.425799,0.461685,0.01731,0.080819,0.080819,2,0.004476,0,0.17004,126,0.309395
77182888,,,28,43.010782,5,0.420756,0.453351,0.002482,0.074593,0.074593,2,0.003267,0,0.354497,134,0.282799
34172656,,,13,17.002695,4,0.431463,0.455206,0.002503,0.041573,0.041573,9,0.001737,0,0.333333,26,0.167617
153410226,,,17,28,5,0.371144,0.397274,0.000818,0.037452,0.037452,2,0.002176,0,0.272059,37,0.141358
129635846,,,3,4,5,0.367307,0.391801,0.000044,0.01369,0.01369,6,0.000526,0,0.666667,2,0.053922
42542097,,,10,11.005391,4,0.413984,0.438003,0.000151,0.0403,0.0403,2,0.001028,0,0.577778,26,0.156564
750772255,,,25,39.005391,4,0.398079,0.428843,0.003547,0.04831,0.04831,2,0.003118,0,0.196667,59,0.185078
431658017,,,14,22.005391,4,0.403461,0.429513,0.000668,0.046855,0.046855,2,0.001783,0,0.395604,36,0.179231
267601954,,,7,14,5,0.359865,0.380161,0.000118,0.01845,0.01845,3,0.001173,0,0.47619,10,0.070702
22874109,,,12,22.002695,5,0.416062,0.441175,0.001009,0.046371,0.046371,1,0.001933,0,0.439394,29,0.179434
297877558,,,4,5,5,0.341888,0.358825,0.000032,0.0085,0.0085,4,0.000562,0,0.333333,2,0.033336
226904642,,,14,22,4,0.384536,0.410188,0.003162,0.036409,0.036409,8,0.001934,0,0.252747,23,0.139015
573660240,,,1,2,5,0.328056,0.3437,0,0.005803,0.005803,6,0.000336,0,0,0,0.021672
21177426,,,8,12,5,0.400215,0.423637,0.001309,0.027958,0.027958,6,0.001223,0,0.321429,9,0.109908
2992750166,,,225,236.016173,4,0.539797,0.625782,0.222156,0.237861,0.237861,0,0.030375,0,0.031111,784,0.959565
505651301,,,7,9,5,0.414905,0.438159,0.000089,0.034003,0.034003,6,0.000942,0,0.666667,14,0.136026
167283308,,,7,8.002695,5,0.360386,0.382038,0.001406,0.012172,0.012172,6,0.000983,0,0.047619,1,0.049803
21184634,,,6,9,5,0.365686,0.386707,0.000318,0.016554,0.016554,10,0.00088,0,0.266667,4,0.064718
3063697555,,,9,11,4,0.386128,0.409629,0.000242,0.031493,0.031493,6,0.001047,0,0.472222,17,0.120295
291612312,,,7,13,5,0.371699,0.393186,0.000045,0.025394,0.025394,2,0.001092,0,0.666667,14,0.097491
1570350235,,,5,6.002695,5,0.381391,0.402971,0.000628,0.021355,0.021355,6,0.000686,0,0.6,6,0.08219
780231324,,,11,14,5,0.418866,0.443744,0.000918,0.035199,0.035199,4,0.001327,0,0.4,22,0.141444
1902051997,,,9,15,5,0.352385,0.373458,0.000133,0.022454,0.022454,3,0.001242,0,0.333333,12,0.084571
350209691,,,8,10,5,0.359691,0.380161,0.00021,0.025943,0.025943,2,0.000903,0,0.535714,15,0.096729
26119836,,,9,14,5,0.394083,0.418722,0.001083,0.030547,0.030547,3,0.00129,0,0.305556,11,0.118363
543218867,,,4,7,5,0.36284,0.382127,0.000057,0.015118,0.015118,6,0.000718,0,0.166667,1,0.058747
26989237,,,9,14,5,0.380031,0.405563,0.000556,0.024069,0.024069,0,0.001311,0,0.222222,8,0.094721
43830965,,,6,5.026954,5,0.352719,0.373838,0.000105,0.016752,0.016752,6,0.000562,0,0.4,6,0.06387
54062781,,,8,13,5,0.379837,0.402748,0.000379,0.023501,0.023501,3,0.001194,0,0.285714,8,0.092779
23395026,,,12,17,5,0.37004,0.396046,0.003247,0.022309,0.022309,6,0.001631,0,0.19697,13,0.089238
2403260629,,,5,8,5,0.374122,0.395532,0.000236,0.014494,0.014494,9,0.000853,0,0.2,2,0.059403
220616405,,,7,13,5,0.376768,0.400603,0.002711,0.023841,0.023841,6,0.001283,0,0.47619,10,0.091809
412180717,,,21,29,4,0.443256,0.469057,0.001908,0.072131,0.072131,6,0.002463,0,0.395238,83,0.283475
1593438482,,,1,2,5,0.328056,0.3437,0,0.005803,0.005803,6,0.000336,0,0,0,0.021672
44496152,,,16,28,4,0.430965,0.455764,0.000649,0.059774,0.059774,6,0.002261,0,0.5,60,0.231631
169833243,,,15,18.013477,4,0.428736,0.453753,0.001876,0.051009,0.051009,6,0.001639,0,0.361905,38,0.199413
38771493,,,1,2,5,0.328056,0.3437,0,0.005803,0.005803,6,0.000336,0,0,0,0.021672
77050158,,,3,5,5,0.361084,0.379558,0.000027,0.014309,0.014309,6,0.000556,0,0.333333,1,0.055211
2650794800,,,19,11.075472,5,0.417459,0.445979,0.002568,0.05033,0.05033,8,0.001056,0,0.280702,48,0.195692
26373938,,,30,48,4,0.433973,0.464924,0.003565,0.085372,0.085372,2,0.003798,0,0.321839,140,0.328179
54517562,,,4,5,5,0.358999,0.377971,0.000238,0.0111,0.0111,6,0.000624,0,0.166667,1,0.044086
2949949244,,,27,29.021563,4,0.440378,0.468722,0.007503,0.065742,0.065742,6,0.002742,0,0.245014,86,0.255988
1664719170,,,2,4,5,0.338629,0.355049,0,0.011243,0.011243,6,0.000468,0,1,1,0.041683
39031633,,,4,5,5,0.370223,0.392985,0.000084,0.016439,0.016439,6,0.000592,0,0.5,3,0.064114
35084627,,,22,43,4,0.406097,0.43588,0.002581,0.050248,0.050248,3,0.003383,0,0.285714,66,0.197003
1116110186,,,7,11,5,0.366225,0.387444,0.000613,0.018384,0.018384,6,0.001162,0,0.190476,4,0.071649
1364376428,,,4,8,5,0.351059,0.37109,0.000007,0.016703,0.016703,3,0.00075,0,0.666667,4,0.06309
131179888,,,7,11,5,0.397231,0.422163,0.000147,0.031481,0.031481,2,0.001019,0,0.619048,13,0.122926
181892978,,,37,57.002695,4,0.454878,0.485255,0.007637,0.101633,0.101633,2,0.004584,0,0.27027,180,0.39159
907734912,,,17,26.008086,5,0.420045,0.446984,0.001849,0.044892,0.044892,3,0.002269,0,0.25,34,0.175439
68945794,,,4,6,5,0.406097,0.428441,0.000064,0.023235,0.023235,6,0.000699,0,0.666667,4,0.093107
16896391,,,9,14,5,0.408767,0.432685,0.000063,0.041945,0.041945,2,0.001201,0,0.833333,30,0.159179
431469458,,,5,7,5,0.365328,0.388293,0.000109,0.014946,0.014946,6,0.000732,0,0.3,3,0.058502
27608469,,,10,12,5,0.410115,0.434964,0.000686,0.037024,0.037024,2,0.001097,0,0.444444,20,0.143158
18933150,,,9,15,5,0.379065,0.401966,0.000288,0.024577,0.024577,8,0.001416,0,0.305556,11,0.095185
719655337,,,10,16,4,0.383548,0.406613,0.000229,0.033828,0.033828,2,0.001356,0,0.377778,17,0.127448
365105604,,,12,14.002695,5,0.390372,0.415706,0.000792,0.030283,0.030283,1,0.001232,0,0.257576,17,0.117882
21543880,,,1,2,5,0.328056,0.3437,0,0.005803,0.005803,6,0.000336,0,0,0,0.021672
526411749,,,8,14.005391,5,0.370223,0.392359,0.000048,0.031368,0.031368,2,0.001159,0,0.75,21,0.117259
180999150,,,3,5,5,0.365686,0.386305,0.000044,0.013857,0.013857,6,0.000583,0,0.666667,2,0.053688
338821106,,,5,7,5,0.36196,0.382127,0.000035,0.016426,0.016426,9,0.000732,0,0.6,6,0.063353
290281469,,,5,6.002695,5,0.380612,0.404669,0.000069,0.022176,0.022176,0,0.000654,0,0.6,6,0.087199
17227586,,,10,15,5,0.359865,0.383825,0.000529,0.017892,0.017892,4,0.001433,0,0.377778,17,0.071869
22729966,,,1,2,6,0.288142,0.299397,0,0.001625,0.001625,3,0.000334,0,0,0,0.006426
178183112,,,26,51,5,0.376387,0.406814,0.00385,0.035544,0.035544,8,0.00419,0,0.116923,38,0.140576
1580228064,,,25,39.013477,4,0.433217,0.461908,0.006849,0.067683,0.067683,1,0.003407,0,0.29,87,0.262032
1965776832,,,4,6,5,0.314105,0.325916,0.000648,0.003562,0.003562,1,0.000791,0,0,0,0.014209
169326150,,,5,8,5,0.335281,0.34962,0.001793,0.008125,0.008125,10,0.000862,0,0.1,1,0.031674
260677385,,,8,12,5,0.404995,0.428664,0.000629,0.02636,0.02636,1,0.001189,0,0.357143,10,0.106475
22223971,,,5,7,5,0.396809,0.419884,0.001834,0.020429,0.020429,1,0.001048,0,0.4,4,0.083343
723931914,,,2,4,6,0.285277,0.294772,0.000001,0.001058,0.001058,1,0.000713,0,0,0,0.004649
160132829,,,22,38,5,0.398292,0.428105,0.00168,0.043941,0.043941,3,0.003051,0,0.225108,52,0.1714
37104990,,,5,8,5,0.327337,0.339835,0.000043,0.007392,0.007392,6,0.000933,0,0,0,0.028712
116545134,,,4,7,5,0.375819,0.396046,0.000035,0.018002,0.018002,2,0.000709,0,0.666667,4,0.069417
26452697,,,16,22.005391,5,0.392838,0.419951,0.00077,0.044306,0.044306,2,0.00184,0,0.325,39,0.168282
446631012,,,5,9,5,0.370407,0.391555,0.000338,0.014075,0.014075,1,0.000972,0,0.3,3,0.055851
23901130,,,10,13.002695,4,0.404555,0.428731,0.000821,0.030938,0.030938,1,0.001232,0,0.2,9,0.120974
266503061,,,6,9,4,0.37431,0.395889,0.000149,0.022114,0.022114,9,0.000886,0,0.4,6,0.084976
177134723,,,18,22.008086,4,0.43805,0.463137,0.001883,0.059407,0.059407,1,0.002077,0,0.385621,59,0.234156
2640990344,,,9,8.010782,4,0.381196,0.403597,0.001392,0.02609,0.02609,8,0.000926,0,0.416667,15,0.100575
216599063,,,9,11,5,0.413525,0.437824,0.000064,0.040598,0.040598,0,0.00112,0,0.75,27,0.16169
66063257,,,13,23,5,0.398504,0.424084,0.001154,0.032033,0.032033,8,0.002084,0,0.269231,21,0.126599
14861476,,,3,3.002695,5,0.339554,0.353999,0.000017,0.007946,0.007946,8,0.000408,0,0.333333,1,0.030581
337995180,,,20,25.008086,4,0.431713,0.458668,0.001485,0.063508,0.063508,8,0.002068,0,0.415789,79,0.245549
1523549617,,,27,35.002695,4,0.404995,0.437109,0.011193,0.037665,0.037665,9,0.003809,0,0.119658,42,0.155044
2797371979,,,9,8.002695,5,0.404555,0.429781,0.000731,0.030158,0.030158,0,0.000972,0,0.416667,15,0.121436
24988494,,,11,17,5,0.40832,0.433467,0.000333,0.039688,0.039688,8,0.001512,0,0.545455,30,0.153974
113312341,,,7,12,5,0.399144,0.4229,0.000492,0.024835,0.024835,0,0.001358,0,0.380952,8,0.100227
859315052,,,5,4.005391,5,0.368759,0.39256,0.000338,0.017474,0.017474,8,0.000513,0,0.5,5,0.068253
308870516,,,3,3.002695,5,0.356767,0.375782,0.000503,0.010868,0.010868,8,0.000507,0,0.333333,1,0.042362
2601524623,,,9,14,5,0.338015,0.354178,0.000191,0.008487,0.008487,3,0.0013,0,0.111111,4,0.035775
33527714,,,5,5,5,0.381001,0.403575,0.000441,0.012853,0.012853,8,0.00068,0,0.2,2,0.054479
61348039,,,21,30,5,0.381391,0.410612,0.001864,0.029656,0.029656,3,0.002528,0,0.17619,37,0.119409
358681085,,,13,18.002695,5,0.336643,0.358937,0.001252,0.007715,0.007715,3,0.001733,0,0.141026,11,0.035151
138678027,,,1,1,5,0.326049,0.338986,0,0.00513,0.00513,2,0.000269,0,0,0,0.019059
35466620,,,111,134,4,0.46625,0.527145,0.074755,0.117447,0.117447,9,0.015231,0,0.052088,318,0.485653
192826726,,,6,11,5,0.32705,0.342962,0.000095,0.007996,0.007996,10,0.001015,0,0.133333,2,0.031074
236729223,,,8,8.002695,5,0.401075,0.425313,0.000391,0.027057,0.027057,2,0.00083,0,0.321429,9,0.108042
48472438,,,8,11,5,0.380031,0.404848,0.000699,0.020105,0.020105,8,0.001063,0,0.357143,10,0.08095
1405309777,,,15,23.005391,5,0.360039,0.382909,0.001879,0.018505,0.018505,3,0.002007,0,0.152381,16,0.075406
558279290,,,5,10,5,0.302514,0.317426,0.000058,0.003087,0.003087,3,0.001039,0,0.4,4,0.01409
278822964,,,4,5,5,0.331556,0.347341,0.000003,0.006929,0.006929,4,0.00059,0,0.833333,5,0.028324
1398605364,,,12,16,5,0.40989,0.436193,0.0008,0.034584,0.034584,4,0.001495,0,0.393939,26,0.139742
109770170,,,3,3,5,0.353053,0.37424,0.000019,0.011146,0.011146,0,0.000452,0,0.333333,1,0.045433
331379045,,,6,9,5,0.344732,0.361662,0.000413,0.009947,0.009947,3,0.001007,0,0.2,3,0.03914
382508008,,,6,6,5,0.38335,0.407752,0.00025,0.020867,0.020867,0,0.000752,0,0.4,6,0.08539
2584746324,,,6,6,5,0.37753,0.399173,0.000064,0.022197,0.022197,2,0.000646,0,0.466667,7,0.085368
145596343,,,5,6,5,0.39702,0.419996,0.000091,0.021667,0.021667,0,0.000812,0,0.6,6,0.087965
174573325,,,4,5,5,0.377339,0.400559,0.000126,0.014694,0.014694,0,0.000705,0,0.5,3,0.060308
236880390,,,3,3,5,0.368577,0.390527,0.000002,0.013834,0.013834,0,0.000459,0,0.666667,2,0.05449
20569411,,,7,13,5,0.374122,0.39647,0.000541,0.013799,0.013799,3,0.001335,0,0.380952,8,0.05857
104086318,,,6,7,5,0.384338,0.407551,0.000204,0.017373,0.017373,3,0.0008,0,0.466667,7,0.072653
41298522,,,9,16,5,0.34569,0.364142,0.003221,0.008029,0.008029,3,0.001775,0,0.055556,2,0.034107
263440464,,,2,3,6,0.288253,0.29857,0.000008,0.000736,0.000736,6,0.000539,0,0,0,0.003587
221253313,,,5,7,5,0.374498,0.398146,0.002327,0.012964,0.012964,0,0.001074,0,0.1,1,0.054306
46076472,,,23,30,4,0.422424,0.451296,0.001741,0.065613,0.065613,2,0.002443,0,0.351779,89,0.250238
18096229,,,7,12,5,0.368213,0.389991,0.000136,0.019987,0.019987,2,0.001059,0,0.190476,4,0.077417
3014112282,,,5,7,5,0.388947,0.413159,0.00001,0.025101,0.025101,2,0.00074,0,0.9,9,0.097071
2913505338,,,1,2,5,0.329214,0.341868,0,0.00544,0.00544,2,0.000332,0,0,0,0.020011
502757492,,,3,5,5,0.331703,0.345956,0.000858,0.007007,0.007007,2,0.000603,0,0.333333,1,0.026132
342065781,,,13,20,5,0.36408,0.388047,0.005859,0.022396,0.022396,8,0.002073,0,0.115385,9,0.086779
23924384,,,5,6,5,0.386128,0.408668,0.000065,0.020725,0.020725,2,0.000678,0,0.5,5,0.083182
614204775,,,14,19,4,0.418161,0.443365,0.000807,0.048798,0.048798,2,0.001687,0,0.461538,42,0.18745
898707906,,,2,4,5,0.342045,0.358803,0,0.009832,0.009832,2,0.000485,0,1,1,0.036944
1132200937,,,6,9,5,0.382564,0.406077,0.000223,0.019301,0.019301,2,0.000881,0,0.2,3,0.076442
538056844,,,3,4,5,0.346011,0.365907,0.00001,0.010517,0.010517,8,0.000504,0,0.666667,2,0.040712
152604471,,,14,28,5,0.347948,0.368432,0.000951,0.017861,0.017861,8,0.002305,0,0.197802,18,0.070257
108012664,,,3,3.002695,5,0.349906,0.366197,0.00012,0.00718,0.00718,4,0.000442,0,0,0,0.029219
22840845,,,6,7,5,0.347786,0.36899,0.002771,0.010434,0.010434,2,0.000981,0,0.066667,1,0.042057
28230374,,,1,1,6,0.258131,0.266644,0,0.000306,0.000306,2,0.000319,0,0,0,0.001496
21738556,,,7,12,6,0.301414,0.31832,0.002757,0.002686,0.002686,8,0.001459,0,0.095238,2,0.013162
38397609,,,6,8,5,0.337099,0.354044,0.000557,0.007264,0.007264,3,0.000957,0,0.133333,2,0.029341
15929162,,,1,2,7,0.231677,0.238998,0,0.000079,0.000079,8,0.000406,0,0,0,0.000787
954504506,,,6,6.002695,5,0.364614,0.38597,0.001704,0.010728,0.010728,8,0.000802,0,0.066667,1,0.04477
29178646,,,3,5,5,0.356086,0.375067,0.00015,0.009347,0.009347,10,0.000594,0,0.666667,2,0.037238
18889369,,,2,3,5,0.314503,0.325983,0,0.00365,0.00365,10,0.000417,0,1,1,0.014435
14567099,,,6,11,5,0.327193,0.339924,0.000051,0.006273,0.006273,10,0.001068,0,0.333333,5,0.025073
138373439,,,4,6,5,0.324066,0.335702,0.000055,0.005237,0.005237,10,0.000667,0,0,0,0.020852
176294000,,,4,6,5,0.344732,0.36345,0.000095,0.008367,0.008367,10,0.000641,0,0.166667,1,0.034044
550923814,,,3,4,5,0.375063,0.397207,0.000163,0.013027,0.013027,4,0.000575,0,0.333333,1,0.054099
30544168,,,2,3,5,0.361259,0.383713,0,0.011921,0.011921,8,0.000443,0,1,1,0.047159
261162002,,,12,9.021563,5,0.346332,0.366644,0.001862,0.01184,0.01184,8,0.001081,0,0,0,0.049064
43517398,,,1,2,6,0.267001,0.275916,0,0.000656,0.000656,8,0.000376,0,0,0,0.002753
1537918573,,,12,23,5,0.349088,0.369996,0.000264,0.018842,0.018842,3,0.001883,0,0.166667,11,0.073384
22353675,,,4,5.002695,5,0.320447,0.332239,0.000052,0.004161,0.004161,0,0.000715,0,0,0,0.016218
973811635,,,3,2.002695,5,0.336947,0.353664,0.000036,0.007729,0.007729,2,0.000367,0,0,0,0.030122
258750822,,,11,13.002695,4,0.416295,0.440572,0.001743,0.03932,0.03932,1,0.001378,0,0.4,22,0.154093
12201452,,,6,6,5,0.356938,0.376408,0.000182,0.016668,0.016668,6,0.000687,0,0.133333,2,0.063398
593577212,,,7,7.002695,5,0.345851,0.366019,0.003244,0.00974,0.00974,6,0.001006,0,0,0,0.039117
2315231857,,,6,8,5,0.361785,0.383289,0.000003,0.016826,0.016826,0,0.000894,0,0.933333,14,0.068354
2710900951,,,3,5,5,0.336036,0.352055,0.000009,0.007075,0.007075,1,0.00067,0,0.666667,2,0.027915
500478646,,,2,2,5,0.353387,0.375,0,0.008426,0.008426,0,0.000394,0,1,1,0.034678
15902589,,,3,4,5,0.332442,0.349777,0.000151,0.004731,0.004731,9,0.000549,0,0,0,0.020373
494505475,,,4,5,5,0.34553,0.362645,0.000019,0.009982,0.009982,6,0.000602,0,0.5,3,0.039062
57202693,,,7,10,5,0.38553,0.410657,0.000394,0.020482,0.020482,3,0.001128,0,0.380952,8,0.084028
340080135,,,1,1,5,0.330235,0.3458,0,0.005327,0.005327,1,0.000282,0,0,0,0.020605
2790288915,,,2,2,5,0.333333,0.349665,0.0001,0.005553,0.005553,3,0.000384,0,0,0,0.021951
132699182,,,2,3,5,0.330967,0.347252,0.000086,0.005442,0.005442,14,0.000622,0,0,0,0.021393
27502152,,,5,7,5,0.388339,0.411729,0.000083,0.020785,0.020785,1,0.000875,0,0.7,7,0.084014
2341307978,,,7,8,5,0.382564,0.408177,0.000317,0.023102,0.023102,1,0.000834,0,0.380952,8,0.09165
446232661,,,6,7,5,0.383942,0.409786,0.000078,0.020838,0.020838,9,0.000807,0,0.6,9,0.085162
383446627,,,9,12.002695,5,0.380612,0.403798,0.000198,0.0239,0.0239,1,0.001078,0,0.25,9,0.094113
2324314232,,,1,1,5,0.330235,0.3458,0,0.005327,0.005327,1,0.000282,0,0,0,0.020605
133238401,,,4,6,5,0.36408,0.383735,0.000037,0.014722,0.014722,1,0.000673,0,0.333333,2,0.057184
300641932,,,10,14,5,0.372255,0.398123,0.000384,0.021126,0.021126,1,0.001313,0,0.244444,11,0.08421
2938968216,,,3,3,5,0.392219,0.414298,0,0.019692,0.019692,1,0.000474,0,1,3,0.078512
2365152944,,,2,2,5,0.366045,0.388114,0,0.012291,0.012291,0,0.000391,0,1,1,0.049326
769335475,,,7,9,5,0.401075,0.424978,0.002288,0.02537,0.02537,2,0.001044,0,0.428571,9,0.101643
581668532,,,2,3,5,0.366045,0.388114,0,0.012291,0.012291,1,0.000473,0,1,1,0.049326
346492602,,,6,6,5,0.40086,0.425134,0.00022,0.02686,0.02686,0,0.000759,0,0.733333,11,0.109629
236763329,,,48,55,5,0.450483,0.486975,0.007808,0.085852,0.085852,0,0.005169,0,0.170213,192,0.34525
24669894,,,9,10,5,0.40765,0.431903,0.000489,0.036261,0.036261,1,0.001059,0,0.555556,20,0.141482
537027271,,,3,3,5,0.366405,0.389008,0.002652,0.012302,0.012302,1,0.000739,0,0.333333,1,0.049682
600140001,,,3,3,5,0.376768,0.401117,0,0.018482,0.018482,1,0.00046,0,1,3,0.073453
916678369,,,4,5,5,0.380418,0.404379,0.000148,0.017413,0.017413,2,0.000632,0,0.5,3,0.069573
1328903425,,,3,4,5,0.368032,0.39046,0.000068,0.013011,0.013011,8,0.000552,0,0.333333,1,0.052223
3041131267,,,1,1,5,0.330235,0.3458,0,0.005327,0.005327,1,0.000282,0,0,0,0.020605
619903250,,,2,2,5,0.366045,0.388114,0,0.012291,0.012291,0,0.000391,0,1,1,0.049326
404444443,,,3,3,5,0.384338,0.406747,0.000074,0.015357,0.015357,4,0.00048,0,0.333333,1,0.062855
49477936,,,12,22,5,0.394918,0.422989,0.002701,0.029317,0.029317,8,0.001913,0,0.166667,11,0.117419
29613877,,,7,7,5,0.408991,0.433021,0.001822,0.028871,0.028871,0,0.001031,0,0.571429,12,0.118847
2423480636,,,3,3,5,0.336643,0.353597,0.000123,0.008453,0.008453,6,0.000486,0,0,0,0.032427
2591139138,,,7,8,5,0.417459,0.440505,0.000077,0.035672,0.035672,1,0.000912,0,0.952381,20,0.144031
22623059,,,5,3.005391,5,0.390372,0.413517,0.000986,0.016567,0.016567,4,0.000481,0,0.2,2,0.068435
193109850,,,4,4,5,0.382172,0.405183,0,0.019126,0.019126,0,0.000534,0,1,6,0.075304
2313317216,,,5,5,5,0.393668,0.416979,0.000074,0.02189,0.02189,0,0.000653,0,0.8,8,0.089121
22436706,,,5,5,5,0.388542,0.412891,0.002652,0.022338,0.022338,0,0.000865,0,0.6,6,0.090402
51010405,,,3,5,5,0.33259,0.349665,0.000115,0.005929,0.005929,1,0.000734,0,0,0,0.023424
532938116,,,3,4,5,0.340328,0.357261,0.002652,0.008742,0.008742,8,0.000816,0,0.333333,1,0.03357
8532872,,,3,3,5,0.370591,0.393633,0,0.017,0.017,1,0.000448,0,1,3,0.066822
287591876,,,1,1,5,0.330235,0.3458,0,0.005327,0.005327,1,0.000282,0,0,0,0.020605
877115862,,,4,2.005391,5,0.376958,0.398503,0.00025,0.015488,0.015488,1,0.000382,0,0.166667,1,0.062249
3023528413,,,3,3,5,0.375252,0.397855,0,0.016563,0.016563,0,0.000474,0,1,3,0.066358
1600557554,,,4,6,5,0.366045,0.388494,0.000053,0.014641,0.014641,4,0.000665,0,0.5,3,0.057918
72549881,,,5,6,5,0.373935,0.39828,0.000038,0.019878,0.019878,1,0.000697,0,0.8,8,0.078717
241277470,,,7,9,5,0.346654,0.364656,0.000181,0.010397,0.010397,2,0.000893,0,0.238095,5,0.041568
24825958,,,21,29,5,0.431963,0.459607,0.002729,0.05359,0.05359,0,0.002452,0,0.27619,58,0.21269
905966455,,,3,6,5,0.304241,0.319504,0.000025,0.00369,0.00369,1,0.000645,0,0,0,0.014589
42357934,,,1,1,5,0.349088,0.367538,0,0.007401,0.007401,1,0.000283,0,0,0,0.029185
579762973,,,1,2,5,0.298759,0.310255,0,0.002366,0.002366,2,0.000349,0,0,0,0.008866
18133726,,,2,2,6,0.268345,0.27882,0.000016,0.000412,0.000412,1,0.00042,0,0,0,0.002291
412967063,,,6,9,5,0.361259,0.385344,0.003465,0.010515,0.010515,1,0.00115,0,0.066667,1,0.043308
322484832,,,5,9,5,0.306491,0.322408,0.00011,0.003529,0.003529,8,0.00094,0,0,0,0.015007
26382252,,,11,16.002695,5,0.415367,0.439611,0.000609,0.035379,0.035379,1,0.001499,0,0.418182,23,0.140722
62208019,,,13,12.002695,5,0.399144,0.424419,0.000386,0.041328,0.041328,2,0.001104,0,0.346154,27,0.158284
773658752,,,6,10,5,0.316102,0.332931,0.000181,0.004585,0.004585,3,0.001053,0,0.2,3,0.019784
2944706828,,,2,3,5,0.352719,0.371693,0,0.009914,0.009914,1,0.000445,0,1,1,0.039226
569870574,,,4,4.005391,5,0.304241,0.317516,0.00282,0.00255,0.00255,13,0.001596,0,0,0,0.010673
245158192,,,5,6,5,0.325054,0.344147,0.003364,0.003945,0.003945,13,0.00135,0,0,0,0.018344
2333031210,,,1,1,6,0.233344,0.239366,0,0.000075,0.000075,13,0.000538,0,0,0,0.000648
1953063710,,,2,2.005391,6,0.298759,0.312891,0.000114,0.00226,0.00226,13,0.000878,0,0,0,0.00934
12385682,,,1,2,5,0.318124,0.335009,0,0.003439,0.003439,9,0.000393,0,0,0,0.014785
1309068553,,,5,4.002695,5,0.385132,0.407998,0.000122,0.017163,0.017163,9,0.000568,0,0.6,6,0.071595
26403375,,,4,2.005391,5,0.323644,0.336595,0.000016,0.006572,0.006572,6,0.000348,0,0,0,0.024982
72971775,,,4,5.002695,5,0.3549,0.373101,0.000133,0.009129,0.009129,4,0.00066,0,0,0,0.037446
52320378,,,2,2,5,0.360039,0.380965,0,0.011793,0.011793,2,0.000359,0,1,1,0.046118
545159350,,,21,6.113208,5,0.372627,0.400112,0.011529,0.026741,0.026741,0,0.001085,0,0.07619,16,0.106787
463523296,,,2,2,5,0.288031,0.299039,0.000028,0.001203,0.001203,0,0.000488,0,0,0,0.005274
3018304886,,,2,2,5,0.354226,0.37567,0.000125,0.007747,0.007747,0,0.00046,0,0,0,0.032151
26354418,,,3,5,5,0.331261,0.344772,0,0.006521,0.006521,8,0.000546,0,1,3,0.025128
1637572855,,,1,2,5,0.326906,0.340527,0,0.004272,0.004272,0,0.000366,0,0,0,0.017031
156928816,,,5,5.002695,5,0.350894,0.369303,0.000565,0.008138,0.008138,9,0.000793,0,0.4,4,0.034271
66562646,,,5,5.002695,5,0.385929,0.409227,0.000212,0.018653,0.018653,0,0.000697,0,0.5,5,0.076592
22359616,,,6,8,5,0.371884,0.396202,0.000445,0.017949,0.017949,0,0.000975,0,0.466667,7,0.072117
373317699,,,1,2.002695,6,0.27961,0.289768,0,0.00073,0.00073,9,0.000375,0,0,0,0.003314
176763671,,,1,2,5,0.32748,0.339231,0,0.004957,0.004957,8,0.000334,0,0,0,0.018438
2202355524,,,6,6.008086,4,0.372627,0.393097,0.000183,0.018794,0.018794,9,0.000685,0,0.333333,5,0.072799
1695442555,,,12,18,4,0.383745,0.408065,0.000856,0.03346,0.03346,2,0.001544,0,0.30303,20,0.127244
24085297,,,1,1,5,0.349088,0.367538,0,0.007401,0.007401,1,0.000283,0,0,0,0.029185
856134422,,,1,1,5,0.318259,0.333914,0,0.004174,0.004174,3,0.000272,0,0,0,0.016306
233294351,,,4,4.002695,5,0.353387,0.371157,0.000007,0.01587,0.01587,0,0.000529,0,0.666667,4,0.05982
264175249,,,5,7,5,0.327337,0.343901,0.000063,0.010415,0.010415,2,0.0007,0,0.3,3,0.038649
1245735506,,,6,12,5,0.341575,0.359584,0.000232,0.012785,0.012785,2,0.001267,0,0.333333,5,0.048425
23535665,,,2,4,5,0.32463,0.340773,0,0.00622,0.00622,2,0.000485,0,1,1,0.023658
48951240,,,5,9,6,0.312657,0.327636,0.002765,0.003393,0.003393,1,0.001271,0,0.1,1,0.014203
238882525,,,3,2.008086,5,0.328779,0.343878,0.000151,0.004312,0.004312,2,0.000386,0,0,0,0.018037
555703941,,,2,3,5,0.300322,0.312332,0.000008,0.002126,0.002126,3,0.000441,0,0,0,0.008723
727039754,,,9,12,5,0.338937,0.355049,0.000414,0.010659,0.010659,3,0.001199,0,0.138889,5,0.042313
21460983,,,3,3,5,0.358999,0.38063,0.000055,0.008777,0.008777,0,0.000496,0,0.333333,1,0.036138
630236717,,,7,9,5,0.380031,0.40391,0.003315,0.013586,0.013586,6,0.00126,0,0.095238,2,0.056673
873461084,,,5,3.005391,5,0.315433,0.332864,0.000996,0.003664,0.003664,0,0.000686,0,0.2,2,0.016471
2200418306,,,4,4,5,0.337709,0.353575,0.000253,0.007061,0.007061,0,0.000628,0,0.166667,1,0.02843
549246199,,,1,2,6,0.241502,0.249955,0,0.000111,0.000111,4,0.000576,0,0,0,0.000835
43656765,,,3,3,5,0.311352,0.326162,0.00003,0.005143,0.005143,6,0.000481,0,0,0,0.019421
378639234,,,5,6,5,0.409665,0.432127,0,0.028785,0.028785,1,0.000731,0,1,10,0.115533
590939369,,,4,4,5,0.380031,0.402391,0.00016,0.014326,0.014326,4,0.000541,0,0,0,0.05807
249953574,,,1,1,1,1,1,0,0,0,11,0.001332,1,0,0,0.000324
253813472,,,1,1,1,1,1,0,0,0,11,0.001332,1,0,0,0.000324
2691817417,,,4,5,5,0.34553,0.361104,0.000016,0.011479,0.011479,2,0.000546,0,0.166667,1,0.043761
166873656,,,4,4,5,0.38915,0.411618,0.000168,0.016074,0.016074,4,0.000548,0,0.166667,1,0.065606
366531168,,,2,3,6,0.267671,0.276854,0.000011,0.000518,0.000518,8,0.00048,0,0,0,0.002658
110114783,,,4,3.002695,5,0.362488,0.38273,0.002699,0.011619,0.011619,6,0.000699,0,0,0,0.045929
26979626,,,1,2,5,0.318124,0.335009,0,0.003439,0.003439,9,0.000393,0,0,0,0.014785
26142201,,,8,9,5,0.407205,0.431345,0.000054,0.033908,0.033908,0,0.000937,0,0.821429,23,0.136184
401875684,,,9,11,5,0.412383,0.43626,0.004442,0.02787,0.02787,9,0.001353,0,0.305556,11,0.114305
303055206,,,4,5,5,0.336643,0.351899,0.000069,0.007546,0.007546,8,0.000607,0,0.166667,1,0.02926
2590355652,,,4,2.005391,5,0.336643,0.351899,0.000065,0.007049,0.007049,2,0.000355,0,0.166667,1,0.027799
177086028,,,4,4,5,0.319349,0.330541,0.000098,0.002903,0.002903,3,0.000583,0,0,0,0.012377
19660722,,,4,4,5,0.370407,0.391265,0.000016,0.015507,0.015507,0,0.00052,0,0.5,3,0.061266
24113341,,,7,9,5,0.360561,0.381055,0.00009,0.015934,0.015934,0,0.000943,0,0.47619,10,0.064346
25000400,,,9,12,5,0.337862,0.354312,0.000574,0.007744,0.007744,3,0.001442,0,0.194444,7,0.033547
16329558,,,10,18,5,0.346172,0.363517,0.000217,0.013551,0.013551,3,0.001528,0,0.266667,12,0.054557
98605029,,,26,27,4,0.386929,0.418454,0.010614,0.034346,0.034346,3,0.002941,0,0.064615,21,0.138435
166947848,,,3,3,5,0.353722,0.376162,0.002652,0.008897,0.008897,6,0.000737,0,0.333333,1,0.036458
3016260620,,,1,1,5,0.350729,0.371693,0,0.006964,0.006964,0,0.000309,0,0,0,0.028721
120742924,,,3,3,5,0.379258,0.402167,0,0.016992,0.016992,0,0.000488,0,1,3,0.069415
2464579093,,,4,5,5,0.381001,0.403731,0.000071,0.015454,0.015454,0,0.000654,0,0.666667,4,0.063777
181012509,,,2,1.002695,5,0.361609,0.382216,0.000032,0.008681,0.008681,0,0.000309,0,0,0,0.035844
248097825,,,2,2,5,0.372255,0.393633,0.000077,0.010403,0.010403,9,0.000406,0,0,0,0.043507
2546859048,,,2,2,5,0.372255,0.393633,0.000077,0.010403,0.010403,9,0.000406,0,0,0,0.043507
472892458,,,3,3,5,0.37004,0.392404,0.000004,0.014182,0.014182,0,0.000466,0,0.666667,2,0.056394
22470188,,,2,2,5,0.364436,0.387064,0,0.012095,0.012095,0,0.000379,0,1,1,0.04778
750477870,,,1,1,5,0.350729,0.371693,0,0.006964,0.006964,0,0.000309,0,0,0,0.028721
2359256119,,,7,1.024259,5,0.374686,0.398928,0.000609,0.013612,0.013612,0,0.000323,0,0.190476,4,0.056774
2975658060,,,2,2,5,0.352053,0.373481,0.000212,0.007084,0.007084,0,0.000443,0,0,0,0.029528
2726130763,,,2,2,5,0.372627,0.394683,0,0.01272,0.01272,0,0.000405,0,1,1,0.052383
163367000,,,1,1,5,0.350729,0.371693,0,0.006964,0.006964,0,0.000309,0,0,0,0.028721
260468829,,,2,2,5,0.372627,0.394683,0,0.01272,0.01272,0,0.000405,0,1,1,0.052383
231380572,,,4,4,5,0.384933,0.408378,0.000077,0.017845,0.017845,0,0.000588,0,0.833333,5,0.074114
1414469732,,,2,2,5,0.372627,0.394683,0,0.01272,0.01272,0,0.000405,0,1,1,0.052383
1321885298,,,1,1,5,0.350729,0.371693,0,0.006964,0.006964,0,0.000309,0,0,0,0.028721
1371249781,,,8,8,5,0.421707,0.444861,0.000171,0.036108,0.036108,0,0.000912,0,0.821429,23,0.147542
15054967,,,1,1,5,0.350729,0.371693,0,0.006964,0.006964,0,0.000309,0,0,0,0.028721
2470821504,,,11,8.008086,4,0.400429,0.425715,0.000257,0.029659,0.029659,0,0.000868,0,0.272727,15,0.118057
17021576,,,4,4,5,0.376008,0.397878,0.000079,0.01471,0.01471,0,0.00056,0,0.666667,4,0.060234
852217994,,,1,1,5,0.350729,0.371693,0,0.006964,0.006964,0,0.000309,0,0,0,0.028721
2494697116,,,2,1.002695,5,0.37004,0.39055,0,0.011124,0.011124,0,0.000309,0,1,1,0.044862
538482349,,,19,26,5,0.40832,0.437489,0.004854,0.025285,0.025285,3,0.002722,0,0.163743,28,0.109098
2703225518,,,4,5,5,0.386328,0.409272,0.000228,0.016069,0.016069,0,0.000772,0,0.5,3,0.06735
3037268654,,,2,2,5,0.37356,0.394683,0.000052,0.01003,0.01003,4,0.000398,0,0,0,0.042249
381908656,,,2,2,5,0.353387,0.374397,0.000378,0.007083,0.007083,4,0.000461,0,0,0,0.029587
21708468,,,3,3,5,0.368395,0.388941,0.000039,0.012638,0.012638,0,0.000453,0,0.333333,1,0.050293
21451979,,,1,1,5,0.350729,0.371693,0,0.006964,0.006964,0,0.000309,0,0,0,0.028721
340201168,,,2,2,5,0.385132,0.406367,0,0.014365,0.014365,0,0.000392,0,1,1,0.057906
324746450,,,3,3,5,0.379258,0.402167,0,0.016992,0.016992,0,0.000488,0,1,3,0.069415
754801375,,,1,1,5,0.350729,0.371693,0,0.006964,0.006964,0,0.000309,0,0,0,0.028721
535741152,,,1,1,5,0.350729,0.371693,0,0.006964,0.006964,0,0.000309,0,0,0,0.028721
259406566,,,6,5.005391,5,0.3945,0.418432,0.000239,0.023223,0.023223,3,0.000634,0,0.6,9,0.09413
2300238571,,,3,3,5,0.359691,0.380831,0.000118,0.009459,0.009459,0,0.000476,0,0.333333,1,0.038843
58737901,,,1,1,5,0.350729,0.371693,0,0.006964,0.006964,0,0.000309,0,0,0,0.028721
272704749,,,2,3,5,0.356767,0.377458,0.000041,0.007773,0.007773,1,0.000471,0,0,0,0.032257
243502830,,,3,2.002695,5,0.369124,0.392225,0.000027,0.011402,0.011402,0,0.000376,0,0.333333,1,0.046278
3052259569,,,2,2,5,0.372627,0.394683,0,0.01272,0.01272,0,0.000405,0,1,1,0.052383
2189820660,,,4,5,5,0.392425,0.415639,0.000028,0.021165,0.021165,3,0.000634,0,0.833333,5,0.08572
949291260,,,4,4,5,0.388744,0.411841,0.000119,0.017072,0.017072,4,0.000562,0,0.333333,2,0.071013
252871945,,,3,3,5,0.375629,0.398034,0,0.015233,0.015233,0,0.000485,0,1,3,0.062424
308990730,,,1,1,5,0.350729,0.371693,0,0.006964,0.006964,0,0.000309,0,0,0,0.028721
1018483980,,,1,1,5,0.350729,0.371693,0,0.006964,0.006964,0,0.000309,0,0,0,0.028721
542294290,,,1,1,5,0.350729,0.371693,0,0.006964,0.006964,0,0.000309,0,0,0,0.028721
108413207,,,2,2,5,0.372255,0.393633,0.000077,0.010403,0.010403,9,0.000406,0,0,0,0.043507
2941316894,,,1,1,5,0.350729,0.371693,0,0.006964,0.006964,0,0.000309,0,0,0,0.028721
80471345,,,1,1,5,0.350729,0.371693,0,0.006964,0.006964,0,0.000309,0,0,0,0.028721
25991480,,,3,3,5,0.396176,0.41832,0,0.02012,0.02012,0,0.000488,0,1,3,0.081569
3014154552,,,3,4,5,0.366945,0.390304,0.000268,0.01127,0.01127,3,0.000706,0,0.666667,2,0.045825
324963642,,,2,2,5,0.358999,0.379692,0.000091,0.008067,0.008067,9,0.000402,0,0,0,0.033545
23567167,,,1,1,5,0.350729,0.371693,0,0.006964,0.006964,0,0.000309,0,0,0,0.028721
436974411,,,2,2,5,0.364614,0.387958,0,0.011357,0.011357,0,0.000386,0,1,1,0.045654
2930389837,,,5,4.002695,5,0.398079,0.421515,0.000102,0.023351,0.023351,0,0.000562,0,0.6,6,0.094412
1456883023,,,1,1,5,0.350729,0.371693,0,0.006964,0.006964,0,0.000309,0,0,0,0.028721
2734698319,,,3,2.002695,5,0.372441,0.394236,0.000021,0.013422,0.013422,0,0.000393,0,0.666667,2,0.054445
9444712,,,2,3,5,0.352719,0.37471,0,0.008581,0.008581,1,0.000453,0,1,1,0.034956
2820779388,,,2,2,5,0.351059,0.372587,0.002652,0.00697,0.00697,0,0.00075,0,0,0,0.029064
285294461,,,2,2,5,0.356256,0.377726,0.00011,0.00797,0.00797,0,0.000402,0,0,0,0.033051
176675722,,,1,1,5,0.350729,0.371693,0,0.006964,0.006964,0,0.000309,0,0,0,0.028721
37292428,,,10,15,5,0.384338,0.409227,0.001435,0.017753,0.017753,3,0.001585,0,0.333333,15,0.073911
3066306967,,,2,1.002695,5,0.353053,0.374441,0.000076,0.007311,0.007311,0,0.000309,0,0,0,0.030517
307301272,,,1,1,5,0.350729,0.371693,0,0.006964,0.006964,0,0.000309,0,0,0,0.028721
2476395422,,,3,3,5,0.396176,0.41832,0,0.02012,0.02012,0,0.000488,0,1,3,0.081569
97637281,,,3,2.008086,5,0.385331,0.407551,0.000135,0.014941,0.014941,0,0.000414,0,0.666667,2,0.061672
2909905314,,,1,1,5,0.350729,0.371693,0,0.006964,0.006964,0,0.000309,0,0,0,0.028721
1733873569,,,2,3,5,0.385132,0.406367,0,0.014365,0.014365,1,0.000475,0,1,1,0.057906
45246370,,,1,1,5,0.350729,0.371693,0,0.006964,0.006964,0,0.000309,0,0,0,0.028721
433234855,,,3,2.002695,5,0.387734,0.409495,0,0.017921,0.017921,0,0.000392,0,1,3,0.07076
458805681,,,2,2,5,0.352219,0.373548,0.000096,0.007232,0.007232,0,0.000466,0,0,0,0.030105
238352817,,,4,4,5,0.386929,0.409875,0.000052,0.018463,0.018463,0,0.00055,0,0.833333,5,0.075422
544234417,,,3,3,5,0.379258,0.402167,0,0.016992,0.016992,0,0.000488,0,1,3,0.069415
3029840821,,,2,2,5,0.372627,0.394683,0,0.01272,0.01272,0,0.000405,0,1,1,0.052383
2989104576,,,1,1,5,0.350729,0.371693,0,0.006964,0.006964,0,0.000309,0,0,0,0.028721
1978322882,,,2,2,5,0.372627,0.394683,0,0.01272,0.01272,0,0.000405,0,1,1,0.052383
33144784,,,3,4,5,0.353555,0.375067,0.00019,0.007866,0.007866,0,0.000631,0,0.333333,1,0.032852
1557810643,,,1,1,5,0.350729,0.371693,0,0.006964,0.006964,0,0.000309,0,0,0,0.028721
487381979,,,1,1,5,0.350729,0.371693,0,0.006964,0.006964,0,0.000309,0,0,0,0.028721
388607452,,,4,5,5,0.385132,0.40849,0.000127,0.017096,0.017096,8,0.000656,0,0.5,3,0.070978
957178860,,,1,1,5,0.350729,0.371693,0,0.006964,0.006964,0,0.000309,0,0,0,0.028721
433015295,,,1,1,5,0.350729,0.371693,0,0.006964,0.006964,0,0.000309,0,0,0,0.028721
587291195,,,4,5,5,0.363371,0.386595,0.000094,0.013689,0.013689,0,0.000796,0,0.666667,4,0.05665
2700379730,,,1,1,5,0.326906,0.340527,0,0.004272,0.004272,0,0.000283,0,0,0,0.017031
36891763,,,5,5,5,0.379258,0.403105,0.00056,0.020076,0.020076,0,0.000642,0,0.6,6,0.080756
388702412,,,5,6.002695,5,0.3473,0.36412,0.000354,0.007369,0.007369,9,0.000732,0,0,0,0.03081
100658892,,,1,1,5,0.326906,0.340527,0,0.004272,0.004272,0,0.000283,0,0,0,0.017031
28267249,,,2,2,5,0.351887,0.372341,0,0.010027,0.010027,0,0.000379,0,1,1,0.040693
44025107,,,6,7,5,0.38276,0.407954,0.000036,0.022907,0.022907,0,0.000753,0,0.733333,11,0.091541
16356699,,,9,17,5,0.362664,0.384071,0.000166,0.019901,0.019901,0,0.001383,0,0.222222,8,0.077996
54522269,,,11,14,5,0.410793,0.436037,0.00025,0.039201,0.039201,0,0.001377,0,0.563636,31,0.157615
821176802,,,3,3,5,0.348598,0.367337,0.000007,0.010688,0.010688,2,0.000437,0,0.333333,1,0.041661
983376769,,,8,13.002695,5,0.341107,0.357685,0.000186,0.010402,0.010402,3,0.001194,0,0.214286,6,0.041506
2887048652,,,8,12,5,0.341419,0.360858,0.000998,0.010578,0.010578,1,0.001207,0,0.107143,3,0.042033
47862321,,,14,13.010782,4,0.40086,0.427167,0.000796,0.038121,0.038121,1,0.001285,0,0.32967,30,0.150056
402509656,,,1,1,5,0.329214,0.341868,0,0.00544,0.00544,2,0.000266,0,0,0,0.020011
177437874,,,5,6,5,0.370407,0.391845,0.00275,0.012501,0.012501,4,0.000893,0,0.2,2,0.051729
20908942,,,1,1,6,0.259569,0.267091,0,0.000378,0.000378,10,0.000292,0,0,0,0.001819
700745372,,,2,3,5,0.318395,0.334584,0,0.004504,0.004504,3,0.000573,0,1,1,0.01788
9444022,,,7,9,5,0.387734,0.411729,0.000151,0.02338,0.02338,0,0.000974,0,0.47619,10,0.095069
26248642,,,2,1.002695,6,0.307249,0.317225,0.000018,0.001628,0.001628,0,0.000325,0,0,0,0.007025
19898890,,,48,47.002695,4,0.444048,0.481568,0.015615,0.092127,0.092127,0,0.004183,0,0.16844,190,0.365906
514182160,,,5,5,5,0.367126,0.387332,0.000193,0.015432,0.015432,8,0.000605,0,0.3,3,0.060273
30536727,,,1,1,5,0.318124,0.335009,0,0.003439,0.003439,9,0.000296,0,0,0,0.014785
457411146,,,2,2,5,0.323644,0.342002,0.000047,0.004444,0.004444,9,0.000389,0,0,0,0.019115
449534540,,,6,7,5,0.373935,0.399285,0.000172,0.016664,0.016664,8,0.000803,0,0.533333,8,0.070394
39206476,,,1,2,5,0.318124,0.335009,0,0.003439,0.003439,9,0.000393,0,0,0,0.014785
328517201,,,1,2,5,0.318124,0.335009,0,0.003439,0.003439,9,0.000393,0,0,0,0.014785
88872569,,,1,1,5,0.318124,0.335009,0,0.003439,0.003439,9,0.000296,0,0,0,0.014785
1226454150,,,3,4,5,0.351224,0.373012,0.000031,0.009664,0.009664,0,0.000655,0,0.666667,2,0.040633
68938444,,,2,2,5,0.334229,0.355809,0,0.006505,0.006505,4,0.000385,0,1,1,0.028314
444593393,,,3,2.002695,5,0.347623,0.367382,0.000183,0.008037,0.008037,9,0.000373,0,0.333333,1,0.032802
3068552947,,,3,1.005391,5,0.353722,0.371336,0.000296,0.007845,0.007845,9,0.0003,0,0,0,0.032767
2281953018,,,1,1,5,0.318124,0.335009,0,0.003439,0.003439,9,0.000296,0,0,0,0.014785
70365444,,,1,1,5,0.318124,0.335009,0,0.003439,0.003439,9,0.000296,0,0,0,0.014785
2191326486,,,1,1,5,0.318124,0.335009,0,0.003439,0.003439,9,0.000296,0,0,0,0.014785
2886833989,,,1,1,5,0.318124,0.335009,0,0.003439,0.003439,9,0.000296,0,0,0,0.014785
2881426850,,,1,1,5,0.318124,0.335009,0,0.003439,0.003439,9,0.000296,0,0,0,0.014785
2344450981,,,8,10,5,0.381586,0.406859,0.000178,0.019579,0.019579,4,0.001042,0,0.5,14,0.08235
95180748,,,1,1,5,0.318124,0.335009,0,0.003439,0.003439,9,0.000296,0,0,0,0.014785
29694441,,,4,6,5,0.329651,0.348414,0.000028,0.00551,0.00551,9,0.0008,0,0.5,3,0.024224
476350851,,,5,7.002695,5,0.311873,0.324017,0.000089,0.002513,0.002513,3,0.00089,0,0.1,1,0.01145
2995021182,,,2,3,5,0.324489,0.334674,0,0.005039,0.005039,2,0.000419,0,1,1,0.018913
37600849,,,3,6,5,0.327337,0.341086,0.000102,0.004912,0.004912,1,0.00068,0,0.333333,1,0.019567
43069125,,,3,4,5,0.319349,0.336483,0.002677,0.004404,0.004404,3,0.000852,0,0,0,0.017988
139614871,,,2,2,5,0.308647,0.321113,0,0.002924,0.002924,3,0.000378,0,1,1,0.011934
2718362810,,,6,9,5,0.381196,0.403418,0.000618,0.014911,0.014911,3,0.000917,0,0.266667,4,0.062027
24988926,,,2,2,5,0.320998,0.337712,0.000087,0.004467,0.004467,5,0.000418,0,0,0,0.017825
2907788046,,,2,3,5,0.368759,0.38798,0.000026,0.011574,0.011574,1,0.000438,0,0,0,0.045491
132445467,,,2,2,5,0.320034,0.33693,0.000027,0.004399,0.004399,3,0.000354,0,0,0,0.017799
2814697776,,,2,3,5,0.32936,0.344526,0.000047,0.004817,0.004817,3,0.000447,0,0,0,0.01929
382758717,,,1,2,5,0.318259,0.333914,0,0.004174,0.004174,3,0.000345,0,0,0,0.016306
1078684573,,,3,3.002695,5,0.36949,0.389209,0.005323,0.011584,0.011584,3,0.000431,0,0,0,0.045874
240010214,,,2,3,5,0.323785,0.340147,0.000013,0.005156,0.005156,3,0.000421,0,0,0,0.020127
54805470,,,3,5,5,0.327193,0.342471,0.00021,0.004976,0.004976,6,0.000702,0,0,0,0.019689
1899850260,,,5,7,5,0.302883,0.318231,0.000875,0.002539,0.002539,3,0.001092,0,0.2,2,0.011913
25975572,,,4,5,5,0.330967,0.349643,0.00084,0.004507,0.004507,9,0.000951,0,0,0,0.020176
14451059,,,3,4,5,0.342516,0.357417,0.000042,0.005282,0.005282,9,0.000576,0,0,0,0.022797
1108533062,,,3,4,5,0.350729,0.370174,0.002652,0.008187,0.008187,1,0.000846,0,0.333333,1,0.032789
326542714,,,1,2,6,0.259749,0.267717,0,0.00024,0.00024,1,0.000559,0,0,0,0.001211
877018897,,,4,5,5,0.37096,0.394102,0.000998,0.0157,0.0157,1,0.000761,0,0.5,3,0.063337
275445020,,,3,3,5,0.370591,0.393208,0,0.015669,0.015669,0,0.000458,0,1,3,0.062888
2241786542,,,4,4,5,0.371329,0.394549,0,0.016554,0.016554,0,0.000549,0,1,6,0.066526
337002546,,,4,4,5,0.364792,0.386305,0.001097,0.014342,0.014342,0,0.000646,0,0.5,3,0.05663
1120831028,,,2,3,5,0.285714,0.298123,0.000033,0.001241,0.001241,3,0.000481,0,0,0,0.005692
417901178,,,4,4,5,0.323364,0.335232,0.000059,0.00409,0.00409,4,0.000629,0,0.166667,1,0.016967
591728335,,,4,6,5,0.376577,0.399129,0.000077,0.015341,0.015341,1,0.000701,0,0.5,3,0.062264
482562312,,,3,3.002695,5,0.346011,0.364812,0.000018,0.007621,0.007621,0,0.000567,0,0.333333,1,0.031204
106622094,,,3,5,5,0.350235,0.369996,0.000035,0.008287,0.008287,1,0.000693,0,0.333333,1,0.033
1422546212,,,2,4,5,0.349415,0.368432,0,0.007643,0.007643,1,0.000601,0,1,1,0.030402
25257175,,,5,5.005391,5,0.302392,0.31374,0.00006,0.002844,0.002844,4,0.000888,0,0.1,1,0.01273
3038914968,,,2,1.002695,5,0.317853,0.331658,0.000092,0.002654,0.002654,3,0.000302,0,0,0,0.011538
467193917,,,1,1,6,0.245395,0.253441,0,0.000116,0.000116,13,0.000391,0,0,0,0.000894
75142659,,,2,3,5,0.302883,0.315304,0.000004,0.002772,0.002772,0,0.000452,0,0,0,0.011065
105727782,,,3,4.002695,5,0.314768,0.328396,0.000069,0.003449,0.003449,0,0.000643,0,0,0,0.014183
2551193485,,,1,1,6,0.257064,0.265103,0,0.000285,0.000285,6,0.000322,0,0,0,0.001449
502801101,,,1,2,7,0.213754,0.218926,0,0.000023,0.000023,12,0.001327,0,0,0,0.000436
623494796,,,2,2.002695,6,0.271767,0.282149,0.002652,0.000784,0.000784,12,0.001328,0,0,0,0.003757
21855539,,,5,8,5,0.3157,0.327882,0.000089,0.00308,0.00308,1,0.00093,0,0,0,0.013581
178957471,,,2,2,5,0.309415,0.322118,0.000007,0.003312,0.003312,10,0.000354,0,0,0,0.013122
289846547,,,6,5.002695,5,0.377913,0.399173,0.000472,0.018917,0.018917,3,0.000611,0,0.133333,2,0.073703
343280656,,,3,4,5,0.316504,0.330317,0.000011,0.005065,0.005065,3,0.000522,0,0.333333,1,0.020086
465311165,,,1,1,6,0.266143,0.274196,0,0.00034,0.00034,6,0.000398,0,0,0,0.001568
497437094,,,2,3,5,0.341888,0.360545,0.000705,0.005854,0.005854,1,0.000536,0,0,0,0.024423
143770402,,,2,4,6,0.290272,0.301206,0,0.001381,0.001381,8,0.000487,0,1,1,0.005916
107138512,,,1,2,6,0.242129,0.249598,0,0.000129,0.000129,3,0.000562,0,0,0,0.000827
238103606,,,2,3,5,0.362312,0.380608,0,0.012531,0.012531,1,0.000435,0,1,1,0.048244
193586319,,,4,5,5,0.372255,0.395934,0.000758,0.015532,0.015532,13,0.000851,0,0.5,3,0.062977
118613214,,,1,1,5,0.349088,0.367538,0,0.007401,0.007401,1,0.000283,0,0,0,0.029185
237245712,,,1,2,5,0.349088,0.367538,0,0.007401,0.007401,1,0.000365,0,0,0,0.029185
175261461,,,4,5,5,0.380612,0.402614,0.000069,0.019383,0.019383,1,0.000597,0,0.333333,2,0.076084
1042096441,,,2,3,5,0.352719,0.372676,0,0.009661,0.009661,1,0.000455,0,1,1,0.03842
1217026452,,,1,1,5,0.349088,0.367538,0,0.007401,0.007401,1,0.000283,0,0,0,0.029185
935820188,,,2,2,5,0.367669,0.390282,0,0.013156,0.013156,1,0.000378,0,1,1,0.052847
1851298633,,,1,1,5,0.349088,0.367538,0,0.007401,0.007401,1,0.000283,0,0,0,0.029185
2279758842,,,5,8,5,0.313841,0.326676,0.000894,0.004575,0.004575,10,0.00094,0,0,0,0.017993
103845812,,,16,20,5,0.383745,0.411953,0.007197,0.021973,0.021973,3,0.002385,0,0.133333,16,0.091056
137611265,,,3,4,5,0.344255,0.364343,0.000004,0.00897,0.00897,6,0.000533,0,0.666667,2,0.03652
24188289,,,4,5.002695,5,0.324913,0.336506,0.000331,0.003926,0.003926,14,0.001,0,0,0,0.016285
58749535,,,5,3.005391,5,0.381391,0.403083,0.000499,0.015173,0.015173,0,0.000477,0,0.3,3,0.062765
129788257,,,1,1,5,0.311873,0.322386,0,0.00226,0.00226,0,0.00029,0,0,0,0.009235
23757424,,,4,4,5,0.336187,0.353463,0.000135,0.005948,0.005948,0,0.000611,0,0.333333,2,0.025877
2344987903,,,1,1,5,0.311873,0.322386,0,0.00226,0.00226,0,0.00029,0,0,0,0.009235
943210460,,,6,4.008086,5,0.348435,0.364254,0.000024,0.015142,0.015142,8,0.000481,0,0.2,3,0.057045
292419947,,,1,1,5,0.318124,0.335009,0,0.003439,0.003439,9,0.000296,0,0,0,0.014785
181150518,,,1,1,5,0.318124,0.335009,0,0.003439,0.003439,9,0.000296,0,0,0,0.014785
814476685,,,5,7.002695,5,0.338629,0.357819,0.00011,0.009147,0.009147,2,0.000705,0,0.1,1,0.035882
26326439,,,2,2,5,0.305112,0.315192,0.000002,0.002248,0.002248,0,0.000373,0,0,0,0.009299
34153781,,,5,9,6,0.305863,0.318164,0.002832,0.002984,0.002984,0,0.001372,0,0.2,2,0.013352
286070167,,,2,2,6,0.290385,0.300492,0.000004,0.001053,0.001053,1,0.000384,0,0,0,0.00463
561596765,,,2,3,5,0.312526,0.325268,0.000004,0.003981,0.003981,3,0.000418,0,0,0,0.015487
24452267,,,2,3,5,0.280135,0.291823,0.000022,0.001121,0.001121,14,0.000632,0,0,0,0.005118
82241907,,,3,4,5,0.300201,0.312511,0.000053,0.001754,0.001754,4,0.000713,0,0.333333,1,0.008027
40198526,,,1,1,5,0.279087,0.289902,0,0.001006,0.001006,3,0.000292,0,0,0,0.00433
478304315,,,1,2,6,0.263418,0.271537,0,0.000298,0.000298,10,0.000451,0,0,0,0.001426
262389370,,,3,3,5,0.341575,0.356077,0.000011,0.008659,0.008659,2,0.000427,0,0,0,0.033222
127025784,,,2,2,5,0.294512,0.303865,0.000008,0.000948,0.000948,9,0.000466,0,0,0,0.004425
162327572,,,5,6,5,0.374874,0.396761,0.000219,0.016228,0.016228,4,0.000702,0,0.3,3,0.065769
1907609012,,,3,3,5,0.354731,0.374419,0.000244,0.008259,0.008259,4,0.000523,0,0,0,0.033633
600152232,,,3,5,5,0.308264,0.320956,0.002666,0.003022,0.003022,6,0.000844,0,0,0,0.012028
368273781,,,1,2,6,0.235703,0.24151,0,0.000088,0.000088,6,0.000487,0,0,0,0.000658
133926093,,,1,1,5,0.288365,0.299218,0,0.001103,0.001103,9,0.000292,0,0,0,0.004824
425480166,,,2,3,5,0.288588,0.300112,0.002652,0.001104,0.001104,9,0.000891,0,0,0,0.005152
47368893,,,2,2.002695,5,0.305487,0.320085,0.002652,0.002223,0.002223,15,0.001338,0,0,0,0.00962
2571856887,,,1,2,6,0.234076,0.240773,0,0.000065,0.000065,15,0.001336,0,0,0,0.000594
1261319822,,,1,1,7,0.234296,0.23987,0,0.000087,0.000087,0,0.000329,0,0,0,0.000733
112959280,,,3,3,5,0.3473,0.367404,0.000003,0.012144,0.012144,2,0.000423,0,0.666667,2,0.046308
1289990616,,,2,3,6,0.261113,0.269325,0,0.000309,0.000309,3,0.000559,0,1,1,0.002076
467589404,,,4,4.002695,5,0.330967,0.344973,0.000014,0.008325,0.008325,0,0.000524,0,0.166667,1,0.032861
53348173,,,2,3,5,0.333482,0.350603,0.000013,0.005746,0.005746,4,0.000439,0,0,0,0.023114
169050594,,,4,2.010782,5,0.329797,0.344727,0.00018,0.005595,0.005595,16,0.00057,0,0,0,0.022983
147040855,,,3,4,5,0.359865,0.380474,0.000312,0.010311,0.010311,16,0.000854,0,0.333333,1,0.041571
883093754,,,2,2,5,0.360039,0.380965,0,0.011793,0.011793,2,0.000359,0,1,1,0.046118
22029787,,,2,2.002695,5,0.306114,0.320666,0.000141,0.0023,0.0023,17,0.000684,0,0,0,0.009887
8018342,,,2,3,5,0.312265,0.323012,0.000076,0.002676,0.002676,17,0.00085,0,0,0,0.010504
2415915638,,,1,1,5,0.349088,0.367538,0,0.007401,0.007401,1,0.000283,0,0,0,0.029185
296147560,,,1,1,6,0.27548,0.284584,0,0.000398,0.000398,6,0.000319,0,0,0,0.001943
334921581,,,10,10,5,0.340173,0.358847,0.002999,0.010023,0.010023,5,0.00171,0,0.044444,2,0.04054
27931945,,,1,1,6,0.253914,0.261238,0,0.000293,0.000293,5,0.000345,0,0,0,0.00152
20731075,,,2,1.002695,6,0.270094,0.278619,0.002652,0.000339,0.000339,18,0.001324,0,0,0,0.001882
103838251,,,1,1,7,0.212717,0.217174,0,0.00001,0.00001,18,0.001322,0,0,0,0.000383
24637782,,,1,1,5,0.314503,0.331725,0,0.003066,0.003066,4,0.000288,0,0,0,0.013528
68925769,,,3,5,5,0.349742,0.369325,0.002772,0.007582,0.007582,1,0.001196,0,0,0,0.030523
384811971,,,2,3,5,0.340639,0.359316,0.000176,0.005977,0.005977,1,0.000702,0,0,0,0.024818
35908340,,,1,2,6,0.259208,0.267248,0,0.000222,0.000222,1,0.000606,0,0,0,0.001156
360360817,,,1,1,6,0.268249,0.277279,0,0.00036,0.00036,1,0.000409,0,0,0,0.001671
187903389,,,1,1,7,0.238263,0.24483,0,0.000099,0.000099,1,0.00032,0,0,0,0.000761
82785951,,,3,3.002695,5,0.352385,0.372252,0.000399,0.008014,0.008014,3,0.000513,0,0,0,0.033045
24152253,,,2,3,5,0.349742,0.368767,0.000138,0.007574,0.007574,1,0.000532,0,0,0,0.030143
42839794,,,1,2,1,1,1,0,0,0,19,0.001332,2,0,0,0.000324
45036000,,,1,2,1,1,1,0,0,0,19,0.001332,2,0,0,0.000324
22999093,,,1,1,6,0.270388,0.278753,0,0.000366,0.000366,4,0.000326,0,0,0,0.001763
201303134,,,3,3,5,0.354563,0.373213,0.000225,0.008874,0.008874,4,0.000513,0,0.333333,1,0.035245
169796245,,,1,1,6,0.277427,0.287623,0,0.000643,0.000643,3,0.000301,0,0,0,0.002984
232741193,,,3,4,5,0.344891,0.364455,0.000065,0.006831,0.006831,3,0.000597,0,0.666667,2,0.028895
91217878,,,1,1,6,0.277427,0.287623,0,0.000643,0.000643,3,0.000301,0,0,0,0.002984
51698152,,,3,4,5,0.291065,0.30277,0.000112,0.001807,0.001807,0,0.000615,0,0,0,0.007658
600703193,,,2,2,5,0.350729,0.370107,0.000007,0.009067,0.009067,1,0.000357,0,0,0,0.035528
139676335,,,2,3,6,0.253569,0.261282,0.000007,0.000372,0.000372,10,0.000491,0,0,0,0.002023
92238532,,,1,2,6,0.224024,0.229625,0,0.000032,0.000032,9,0.000705,0,0,0,0.000471
544243120,,,1,1,6,0.286813,0.298503,0,0.001213,0.001213,4,0.000277,0,0,0,0.005247
1632123685,,,2,3,5,0.30387,0.313517,0.000005,0.001484,0.001484,3,0.000487,0,0,0,0.006422
19331073,,,1,2,6,0.254001,0.261104,0,0.000256,0.000256,8,0.000546,0,0,0,0.001207
182336607,,,1,1,6,0.273761,0.282887,0,0.000698,0.000698,6,0.000284,0,0,0,0.002781
816225757,,,2,3,6,0.291065,0.301921,0,0.00126,0.00126,3,0.000467,0,1,1,0.006022
280312903,,,1,1,5,0.321552,0.336305,0,0.004392,0.004392,2,0.000276,0,0,0,0.016933
413522813,,,2,3,6,0.309672,0.31975,0,0.002482,0.002482,9,0.000542,0,1,1,0.009893
262999255,,,1,1,5,0.314503,0.331725,0,0.003066,0.003066,4,0.000288,0,0,0,0.013528
1015170002,,,4,4,5,0.327912,0.344929,0.000197,0.004039,0.004039,4,0.000714,0,0,0,0.018239
324309993,,,3,2.002695,5,0.355916,0.377502,0.002652,0.008829,0.008829,4,0.000555,0,0.333333,1,0.03754
1708735813,,,2,2,6,0.270584,0.280518,0.000027,0.00073,0.00073,8,0.00042,0,0,0,0.003467
519115078,,,2,2,5,0.291634,0.301966,0.000011,0.001535,0.001535,6,0.000399,0,0,0,0.006208
1000801513,,,2,3,6,0.245153,0.251251,0,0.000094,0.000094,10,0.000846,0,1,1,0.00119
90119861,,,6,3.008086,5,0.289035,0.303731,0.001226,0.001405,0.001405,10,0.00081,0,0.066667,1,0.007794
33054023,,,3,4,5,0.307629,0.31832,0.001756,0.001806,0.001806,10,0.000981,0,0.333333,1,0.008007
55508885,,,1,1,5,0.314503,0.331725,0,0.003066,0.003066,4,0.000288,0,0,0,0.013528
27373318,,,1,1,6,0.274972,0.285456,0,0.00134,0.00134,2,0.00027,0,0,0,0.005202
1920668550,,,3,3,5,0.345851,0.36517,0.000035,0.009806,0.009806,1,0.000479,0,0.666667,2,0.038704
101325044,,,1,1,5,0.311873,0.321559,0,0.00286,0.00286,2,0.000268,0,0,0,0.010627
244081566,,,1,1,6,0.261388,0.270509,0,0.00026,0.00026,6,0.000408,0,0,0,0.001323
45549451,,,1,1,5,0.314503,0.331725,0,0.003066,0.003066,4,0.000288,0,0,0,0.013528
2686563469,,,2,2,6,0.305863,0.317337,0.000002,0.002728,0.002728,6,0.00036,0,0,0,0.010966
37329464,,,1,1,6,0.279925,0.289276,0,0.000654,0.000654,0,0.000347,0,0,0,0.002781
394496111,,,1,1,6,0.243552,0.250357,0,0.000129,0.000129,2,0.000497,0,0,0,0.000781
47940669,,,2,2,5,0.321829,0.337198,0.002652,0.004396,0.004396,2,0.000698,0,0,0,0.017267
460606082,,,3,1.008086,5,0.342202,0.360076,0.000091,0.00775,0.00775,2,0.000284,0,0,0,0.031112
30183481,,,1,1,5,0.289484,0.30076,0,0.00187,0.00187,6,0.000278,0,0,0,0.007051
35235179,,,1,1,5,0.349088,0.367538,0,0.007401,0.007401,1,0.000283,0,0,0,0.029185
33184787,,,1,1,5,0.340018,0.358088,0,0.005755,0.005755,0,0.000296,0,0,0,0.023662
2549618714,,,1,1,5,0.340018,0.358088,0,0.005755,0.005755,0,0.000296,0,0,0,0.023662
2852877864,,,1,1,5,0.340018,0.358088,0,0.005755,0.005755,0,0.000296,0,0,0,0.023662
72825930,,,1,1,5,0.340018,0.358088,0,0.005755,0.005755,0,0.000296,0,0,0,0.023662
1592795264,,,1,1,5,0.340018,0.358088,0,0.005755,0.005755,0,0.000296,0,0,0,0.023662
917560825,,,1,1,5,0.340018,0.358088,0,0.005755,0.005755,0,0.000296,0,0,0,0.023662
40241957,,,1,1,5,0.340018,0.358088,0,0.005755,0.005755,0,0.000296,0,0,0,0.023662
13207852,,,1,1,5,0.340018,0.358088,0,0.005755,0.005755,0,0.000296,0,0,0,0.023662
2233914776,,,1,1,5,0.340018,0.358088,0,0.005755,0.005755,0,0.000296,0,0,0,0.023662
19777438,,,1,1,5,0.340018,0.358088,0,0.005755,0.005755,0,0.000296,0,0,0,0.023662
154493855,,,3,2.002695,5,0.35728,0.375179,0.000019,0.009472,0.009472,1,0.00041,0,0.333333,1,0.037489
242266282,,,1,1,6,0.25993,0.268789,0,0.000204,0.000204,0,0.000518,0,0,0,0.001119
2297582839,,,3,0.010782,5,0.310445,0.326877,0.001329,0.003363,0.003363,3,0.00037,0,0,0,0.014553
13005572,,,3,0.008086,5,0.321275,0.334517,0.000144,0.003114,0.003114,6,0.000204,0,0,0,0.013181
30627161,,,1,0.002695,5,0.305863,0.31517,0,0.001925,0.001925,6,0.0002,0,0,0,0.007389
319568215,,,1,0.002695,5,0.297686,0.308512,0,0.001814,0.001814,3,0.0002,0,0,0,0.007185
3079113053,,,2,0.005391,6,0.242997,0.250402,0.000003,0.000186,0.000186,3,0.000382,0,0,0,0.001438
270769523,,,1,0.002695,5,0.289484,0.30076,0,0.00187,0.00187,6,0.0002,0,0,0,0.007051
280974913,,,1,0.002695,5,0.302392,0.311953,0,0.001982,0.001982,1,0.0002,0,0,0,0.007466
101736439,,,1,0.002695,6,0.262584,0.271336,0,0.000258,0.000258,4,0.0002,0,0,0,0.001365
331484214,,,2,0.005391,5,0.30276,0.314902,0.000027,0.002035,0.002035,4,0.0002,0,0,0,0.008571
92552231,,,4,0.010782,5,0.333781,0.349576,0.000003,0.010559,0.010559,2,0.0002,0,0.5,3,0.039268
335749946,,,1,0.002695,5,0.305237,0.319191,0,0.002221,0.002221,3,0.000203,0,0,0,0.009289
332733532,,,1,0.002695,5,0.305237,0.319191,0,0.002221,0.002221,3,0.000203,0,0,0,0.009289
64067052,,,1,0.002695,5,0.305237,0.319191,0,0.002221,0.002221,3,0.000203,0,0,0,0.009289
33803412,,,3,0.008086,5,0.316773,0.330541,0.001357,0.002991,0.002991,3,0.000365,0,0,0,0.012698
17959710,,,2,0.005391,5,0.310187,0.325983,0.000018,0.003357,0.003357,5,0.000204,0,0,0,0.014179
569586545,,,1,0.002695,5,0.305237,0.319191,0,0.002221,0.002221,3,0.000203,0,0,0,0.009289
2969344940,,,1,0.002695,5,0.305237,0.319191,0,0.002221,0.002221,3,0.000203,0,0,0,0.009289
2435230754,,,2,0.005391,5,0.314901,0.330987,0.00002,0.004406,0.004406,3,0.000204,0,0,0,0.017981
1168664600,,,2,0.005391,5,0.310187,0.325983,0.000018,0.003357,0.003357,5,0.000204,0,0,0,0.014179
2684662728,,,1,0.002695,5,0.298759,0.310255,0,0.002366,0.002366,2,0.0002,0,0,0,0.008866
1005637784,,,1,0.002695,5,0.350729,0.371693,0,0.006964,0.006964,0,0.0002,0,0,0,0.028721
3018349502,,,2,0.005391,6,0.307883,0.32223,0,0.002968,0.002968,0,0.000201,0,1,1,0.012122
2951881910,,,1,0.002695,5,0.326049,0.338986,0,0.00513,0.00513,2,0.0002,0,0,0,0.019059
44793218,,,1,0.002695,6,0.285168,0.296828,0,0.001136,0.001136,5,0.000201,0,0,0,0.00489
2601647804,,,1,0.002695,6,0.297923,0.311215,0,0.002185,0.002185,3,0.000201,0,0,0,0.008692
113568127,,,1,0.002695,6,0.297923,0.311215,0,0.002185,0.002185,3,0.000201,0,0,0,0.008692
